Category ID,Commission Tier ID,Tier Name
2144,9ccfe96a-49ad-472d-95fb-3029dee54069,"Arts, Crafts & Sewing"
2150,9ccfe96a-49ad-472d-95fb-3029dee54069,"Arts, Crafts & Sewing"
2152,9ccfe96a-49ad-472d-95fb-3029dee54069,"Arts, Crafts & Sewing"
2155,9ccfe96a-49ad-472d-95fb-3029dee54069,"Arts, Crafts & Sewing"
2156,9ccfe96a-49ad-472d-95fb-3029dee54069,"Arts, Crafts & Sewing"
2157,9ccfe96a-49ad-472d-95fb-3029dee54069,"Arts, Crafts & Sewing"
2158,9ccfe96a-49ad-472d-95fb-3029dee54069,"Arts, Crafts & Sewing"
2159,9ccfe96a-49ad-472d-95fb-3029dee54069,"Arts, Crafts & Sewing"
2161,9ccfe96a-49ad-472d-95fb-3029dee54069,"Arts, Crafts & Sewing"
2162,9ccfe96a-49ad-472d-95fb-3029dee54069,"Arts, Crafts & Sewing"
2163,9ccfe96a-49ad-472d-95fb-3029dee54069,"Arts, Crafts & Sewing"
2164,9ccfe96a-49ad-472d-95fb-3029dee54069,"Arts, Crafts & Sewing"
2165,9ccfe96a-49ad-472d-95fb-3029dee54069,"Arts, Crafts & Sewing"
2166,d2722109-c832-45ba-a1cd-28523c319250,Standard Selling Fee
2168,d2722109-c832-45ba-a1cd-28523c319250,Standard Selling Fee
2169,9ccfe96a-49ad-472d-95fb-3029dee54069,"Arts, Crafts & Sewing"
2170,d2722109-c832-45ba-a1cd-28523c319250,Standard Selling Fee
2171,9ccfe96a-49ad-472d-95fb-3029dee54069,"Arts, Crafts & Sewing"
2172,d2722109-c832-45ba-a1cd-28523c319250,Standard Selling Fee
2173,d2722109-c832-45ba-a1cd-28523c319250,Standard Selling Fee
2177,d2722109-c832-45ba-a1cd-28523c319250,Standard Selling Fee
2178,9ccfe96a-49ad-472d-95fb-3029dee54069,"Arts, Crafts & Sewing"
2179,9ccfe96a-49ad-472d-95fb-3029dee54069,"Arts, Crafts & Sewing"
2180,9ccfe96a-49ad-472d-95fb-3029dee54069,"Arts, Crafts & Sewing"
2183,9ccfe96a-49ad-472d-95fb-3029dee54069,"Arts, Crafts & Sewing"
2188,d2722109-c832-45ba-a1cd-28523c319250,Standard Selling Fee
2190,9ccfe96a-49ad-472d-95fb-3029dee54069,"Arts, Crafts & Sewing"
2191,d2722109-c832-45ba-a1cd-28523c319250,Standard Selling Fee
2192,9ccfe96a-49ad-472d-95fb-3029dee54069,"Arts, Crafts & Sewing"
2196,d2722109-c832-45ba-a1cd-28523c319250,Standard Selling Fee
2197,d2722109-c832-45ba-a1cd-28523c319250,Standard Selling Fee
2199,d2722109-c832-45ba-a1cd-28523c319250,Standard Selling Fee
2200,d2722109-c832-45ba-a1cd-28523c319250,Standard Selling Fee
2205,d2722109-c832-45ba-a1cd-28523c319250,Standard Selling Fee
2206,d2722109-c832-45ba-a1cd-28523c319250,Standard Selling Fee
2207,d2722109-c832-45ba-a1cd-28523c319250,Standard Selling Fee
2211,d2722109-c832-45ba-a1cd-28523c319250,Standard Selling Fee
2213,d2722109-c832-45ba-a1cd-28523c319250,Standard Selling Fee
2215,d2722109-c832-45ba-a1cd-28523c319250,Standard Selling Fee
2216,d2722109-c832-45ba-a1cd-28523c319250,Standard Selling Fee
2220,d2722109-c832-45ba-a1cd-28523c319250,Standard Selling Fee
2221,d2722109-c832-45ba-a1cd-28523c319250,Standard Selling Fee
2222,d2722109-c832-45ba-a1cd-28523c319250,Standard Selling Fee
2226,d2722109-c832-45ba-a1cd-28523c319250,Standard Selling Fee
2227,d2722109-c832-45ba-a1cd-28523c319250,Standard Selling Fee
2241,d2722109-c832-45ba-a1cd-28523c319250,Standard Selling Fee
2243,d2722109-c832-45ba-a1cd-28523c319250,Standard Selling Fee
2245,d2722109-c832-45ba-a1cd-28523c319250,Standard Selling Fee
2254,d2722109-c832-45ba-a1cd-28523c319250,Standard Selling Fee
2257,d2722109-c832-45ba-a1cd-28523c319250,Standard Selling Fee
2258,d2722109-c832-45ba-a1cd-28523c319250,Standard Selling Fee
2266,d2722109-c832-45ba-a1cd-28523c319250,Standard Selling Fee
2267,d2722109-c832-45ba-a1cd-28523c319250,Standard Selling Fee
2268,9ccfe96a-49ad-472d-95fb-3029dee54069,"Arts, Crafts & Sewing"
2281,9ccfe96a-49ad-472d-95fb-3029dee54069,"Arts, Crafts & Sewing"
2288,9ccfe96a-49ad-472d-95fb-3029dee54069,"Arts, Crafts & Sewing"
2291,d2722109-c832-45ba-a1cd-28523c319250,Standard Selling Fee
2293,d2722109-c832-45ba-a1cd-28523c319250,Standard Selling Fee
2295,9ccfe96b-0cfa-4086-819c-db90e39c51ee,Toys & Games
2296,d2722109-c832-45ba-a1cd-28523c319250,Standard Selling Fee
2297,9ccfe96b-0cfa-4086-819c-db90e39c51ee,Toys & Games
2303,d2722109-c832-45ba-a1cd-28523c319250,Standard Selling Fee
2304,d2722109-c832-45ba-a1cd-28523c319250,Standard Selling Fee
2305,d2722109-c832-45ba-a1cd-28523c319250,Standard Selling Fee
2306,d2722109-c832-45ba-a1cd-28523c319250,Standard Selling Fee
2307,d2722109-c832-45ba-a1cd-28523c319250,Standard Selling Fee
2308,9ccfe96a-49ad-472d-95fb-3029dee54069,"Arts, Crafts & Sewing"
2309,d2722109-c832-45ba-a1cd-28523c319250,Standard Selling Fee
2310,d2722109-c832-45ba-a1cd-28523c319250,Standard Selling Fee
2311,d2722109-c832-45ba-a1cd-28523c319250,Standard Selling Fee
2312,9ccfe96b-0cfa-4086-819c-db90e39c51ee,Toys & Games
2313,9ccfe96a-49ad-472d-95fb-3029dee54069,"Arts, Crafts & Sewing"
2314,d2722109-c832-45ba-a1cd-28523c319250,Standard Selling Fee
2316,9ccfe96a-49ad-472d-95fb-3029dee54069,"Arts, Crafts & Sewing"
2318,9ccfe96a-49ad-472d-95fb-3029dee54069,"Arts, Crafts & Sewing"
2320,d2722109-c832-45ba-a1cd-28523c319250,Standard Selling Fee
2322,9ccfe96a-49ad-472d-95fb-3029dee54069,"Arts, Crafts & Sewing"
2323,d2722109-c832-45ba-a1cd-28523c319250,Standard Selling Fee
2325,d2722109-c832-45ba-a1cd-28523c319250,Standard Selling Fee
2326,9ccfe96a-49ad-472d-95fb-3029dee54069,"Arts, Crafts & Sewing"
2331,d2722109-c832-45ba-a1cd-28523c319250,Standard Selling Fee
2335,9ccfe96a-49ad-472d-95fb-3029dee54069,"Arts, Crafts & Sewing"
2336,d2722109-c832-45ba-a1cd-28523c319250,Standard Selling Fee
2337,d2722109-c832-45ba-a1cd-28523c319250,Standard Selling Fee
2338,d2722109-c832-45ba-a1cd-28523c319250,Standard Selling Fee
2339,d2722109-c832-45ba-a1cd-28523c319250,Standard Selling Fee
2341,9ccfe96a-49ad-472d-95fb-3029dee54069,"Arts, Crafts & Sewing"
2342,d2722109-c832-45ba-a1cd-28523c319250,Standard Selling Fee
2343,d2722109-c832-45ba-a1cd-28523c319250,Standard Selling Fee
2344,9ccfe96a-49ad-472d-95fb-3029dee54069,"Arts, Crafts & Sewing"
2348,d2722109-c832-45ba-a1cd-28523c319250,Standard Selling Fee
2349,d2722109-c832-45ba-a1cd-28523c319250,Standard Selling Fee
2350,9ccfe96a-49ad-472d-95fb-3029dee54069,"Arts, Crafts & Sewing"
2351,9ccfe96a-49ad-472d-95fb-3029dee54069,"Arts, Crafts & Sewing"
2361,d2722109-c832-45ba-a1cd-28523c319250,Standard Selling Fee
2367,d2722109-c832-45ba-a1cd-28523c319250,Standard Selling Fee
2368,d2722109-c832-45ba-a1cd-28523c319250,Standard Selling Fee
2370,9ccfe96a-49ad-472d-95fb-3029dee54069,"Arts, Crafts & Sewing"
2371,d2722109-c832-45ba-a1cd-28523c319250,Standard Selling Fee
2373,d2722109-c832-45ba-a1cd-28523c319250,Standard Selling Fee
2382,9ccfe96a-49ad-472d-95fb-3029dee54069,"Arts, Crafts & Sewing"
2384,9ccfe96a-49ad-472d-95fb-3029dee54069,"Arts, Crafts & Sewing"
2385,9ccfe96a-49ad-472d-95fb-3029dee54069,"Arts, Crafts & Sewing"
2387,d2722109-c832-45ba-a1cd-28523c319250,Standard Selling Fee
2389,9ccfe96a-49ad-472d-95fb-3029dee54069,"Arts, Crafts & Sewing"
2390,d2722109-c832-45ba-a1cd-28523c319250,Standard Selling Fee
2391,d2722109-c832-45ba-a1cd-28523c319250,Standard Selling Fee
2393,9ccfe96a-49ad-472d-95fb-3029dee54069,"Arts, Crafts & Sewing"
2395,9ccfe96a-49ad-472d-95fb-3029dee54069,"Arts, Crafts & Sewing"
2396,d2722109-c832-45ba-a1cd-28523c319250,Standard Selling Fee
2397,d2722109-c832-45ba-a1cd-28523c319250,Standard Selling Fee
2398,d2722109-c832-45ba-a1cd-28523c319250,Standard Selling Fee
2399,d2722109-c832-45ba-a1cd-28523c319250,Standard Selling Fee
2400,d2722109-c832-45ba-a1cd-28523c319250,Standard Selling Fee
2401,d2722109-c832-45ba-a1cd-28523c319250,Standard Selling Fee
2402,d2722109-c832-45ba-a1cd-28523c319250,Standard Selling Fee
2403,d2722109-c832-45ba-a1cd-28523c319250,Standard Selling Fee
2404,d2722109-c832-45ba-a1cd-28523c319250,Standard Selling Fee
2405,d2722109-c832-45ba-a1cd-28523c319250,Standard Selling Fee
2406,d2722109-c832-45ba-a1cd-28523c319250,Standard Selling Fee
2407,9ccfe96a-6a76-4522-8337-bea4f660a8ce,Consumer Electronics
2408,d2722109-c832-45ba-a1cd-28523c319250,Standard Selling Fee
2409,d2722109-c832-45ba-a1cd-28523c319250,Standard Selling Fee
2411,d2722109-c832-45ba-a1cd-28523c319250,Standard Selling Fee
2412,d2722109-c832-45ba-a1cd-28523c319250,Standard Selling Fee
2413,d2722109-c832-45ba-a1cd-28523c319250,Standard Selling Fee
2415,d2722109-c832-45ba-a1cd-28523c319250,Standard Selling Fee
2416,d2722109-c832-45ba-a1cd-28523c319250,Standard Selling Fee
2418,d2722109-c832-45ba-a1cd-28523c319250,Standard Selling Fee
2424,d2722109-c832-45ba-a1cd-28523c319250,Standard Selling Fee
2430,d2722109-c832-45ba-a1cd-28523c319250,Standard Selling Fee
2431,d2722109-c832-45ba-a1cd-28523c319250,Standard Selling Fee
2432,9ccfe96a-49ad-472d-95fb-3029dee54069,"Arts, Crafts & Sewing"
2435,d2722109-c832-45ba-a1cd-28523c319250,Standard Selling Fee
2436,d2722109-c832-45ba-a1cd-28523c319250,Standard Selling Fee
2437,d2722109-c832-45ba-a1cd-28523c319250,Standard Selling Fee
2438,d2722109-c832-45ba-a1cd-28523c319250,Standard Selling Fee
2443,d2722109-c832-45ba-a1cd-28523c319250,Standard Selling Fee
2444,d2722109-c832-45ba-a1cd-28523c319250,Standard Selling Fee
2445,d2722109-c832-45ba-a1cd-28523c319250,Standard Selling Fee
2446,d2722109-c832-45ba-a1cd-28523c319250,Standard Selling Fee
2452,d2722109-c832-45ba-a1cd-28523c319250,Standard Selling Fee
2454,9ccfe96a-49ad-472d-95fb-3029dee54069,"Arts, Crafts & Sewing"
2455,9ccfe96a-49ad-472d-95fb-3029dee54069,"Arts, Crafts & Sewing"
2456,d2722109-c832-45ba-a1cd-28523c319250,Standard Selling Fee
2457,d2722109-c832-45ba-a1cd-28523c319250,Standard Selling Fee
2458,d2722109-c832-45ba-a1cd-28523c319250,Standard Selling Fee
2459,d2722109-c832-45ba-a1cd-28523c319250,Standard Selling Fee
2460,d2722109-c832-45ba-a1cd-28523c319250,Standard Selling Fee
2461,d2722109-c832-45ba-a1cd-28523c319250,Standard Selling Fee
2464,d2722109-c832-45ba-a1cd-28523c319250,Standard Selling Fee
2466,d2722109-c832-45ba-a1cd-28523c319250,Standard Selling Fee
2468,d2722109-c832-45ba-a1cd-28523c319250,Standard Selling Fee
2469,9ccfe96a-49ad-472d-95fb-3029dee54069,"Arts, Crafts & Sewing"
2474,d2722109-c832-45ba-a1cd-28523c319250,Standard Selling Fee
2475,d2722109-c832-45ba-a1cd-28523c319250,Standard Selling Fee
2480,9ccfe96a-49ad-472d-95fb-3029dee54069,"Arts, Crafts & Sewing"
2481,d2722109-c832-45ba-a1cd-28523c319250,Standard Selling Fee
2482,9ccfe96a-49ad-472d-95fb-3029dee54069,"Arts, Crafts & Sewing"
2483,9ccfe96a-49ad-472d-95fb-3029dee54069,"Arts, Crafts & Sewing"
2484,9ccfe96a-49ad-472d-95fb-3029dee54069,"Arts, Crafts & Sewing"
2485,d2722109-c832-45ba-a1cd-28523c319250,Standard Selling Fee
2486,9ccfe96a-49ad-472d-95fb-3029dee54069,"Arts, Crafts & Sewing"
2487,9ccfe96a-49ad-472d-95fb-3029dee54069,"Arts, Crafts & Sewing"
2489,9ccfe96a-49ad-472d-95fb-3029dee54069,"Arts, Crafts & Sewing"
2491,9ccfe96a-49ad-472d-95fb-3029dee54069,"Arts, Crafts & Sewing"
2492,9ccfe96a-49ad-472d-95fb-3029dee54069,"Arts, Crafts & Sewing"
2493,9ccfe96a-49ad-472d-95fb-3029dee54069,"Arts, Crafts & Sewing"
2494,9ccfe96a-49ad-472d-95fb-3029dee54069,"Arts, Crafts & Sewing"
2499,d2722109-c832-45ba-a1cd-28523c319250,Standard Selling Fee
2505,d2722109-c832-45ba-a1cd-28523c319250,Standard Selling Fee
2506,d2722109-c832-45ba-a1cd-28523c319250,Standard Selling Fee
2508,9ccfe96a-49ad-472d-95fb-3029dee54069,"Arts, Crafts & Sewing"
2509,9ccfe96a-408c-46a5-80ac-ad11c306a59b,Large Appliances
2511,9ccfe96a-408c-46a5-80ac-ad11c306a59b,Large Appliances
2512,9ccfe96a-408c-46a5-80ac-ad11c306a59b,Large Appliances
2513,9ccfe96a-408c-46a5-80ac-ad11c306a59b,Large Appliances
2515,9ccfe96a-49ad-472d-95fb-3029dee54069,"Arts, Crafts & Sewing"
2516,9ccfe96a-408c-46a5-80ac-ad11c306a59b,Large Appliances
2523,9ccfe96a-49ad-472d-95fb-3029dee54069,"Arts, Crafts & Sewing"
2524,9ccfe96a-408c-46a5-80ac-ad11c306a59b,Large Appliances
2529,9ccfe96a-408c-46a5-80ac-ad11c306a59b,Large Appliances
2534,9ccfe96a-408c-46a5-80ac-ad11c306a59b,Large Appliances
2539,9ccfe96a-408c-46a5-80ac-ad11c306a59b,Large Appliances
2544,9ccfe96a-49ad-472d-95fb-3029dee54069,"Arts, Crafts & Sewing"
2545,9ccfe96a-408c-46a5-80ac-ad11c306a59b,Large Appliances
2552,9ccfe96a-408c-46a5-80ac-ad11c306a59b,Large Appliances
2558,9ccfe96a-408c-46a5-80ac-ad11c306a59b,Large Appliances
2563,9ccfe96a-408c-46a5-80ac-ad11c306a59b,Large Appliances
2569,9ccfe96a-408c-46a5-80ac-ad11c306a59b,Large Appliances
2570,d2722109-c832-45ba-a1cd-28523c319250,Standard Selling Fee
2575,9ccfe96a-49ad-472d-95fb-3029dee54069,"Arts, Crafts & Sewing"
2576,d2722109-c832-45ba-a1cd-28523c319250,Standard Selling Fee
2577,d2722109-c832-45ba-a1cd-28523c319250,Standard Selling Fee
2578,d2722109-c832-45ba-a1cd-28523c319250,Standard Selling Fee
2579,d2722109-c832-45ba-a1cd-28523c319250,Standard Selling Fee
2582,d2722109-c832-45ba-a1cd-28523c319250,Standard Selling Fee
2584,d2722109-c832-45ba-a1cd-28523c319250,Standard Selling Fee
2585,d2722109-c832-45ba-a1cd-28523c319250,Standard Selling Fee
2586,d2722109-c832-45ba-a1cd-28523c319250,Standard Selling Fee
2588,d2722109-c832-45ba-a1cd-28523c319250,Standard Selling Fee
2595,d2722109-c832-45ba-a1cd-28523c319250,Standard Selling Fee
2596,d2722109-c832-45ba-a1cd-28523c319250,Standard Selling Fee
2599,d2722109-c832-45ba-a1cd-28523c319250,Standard Selling Fee
2601,d2722109-c832-45ba-a1cd-28523c319250,Standard Selling Fee
2602,d2722109-c832-45ba-a1cd-28523c319250,Standard Selling Fee
2605,9ccfe96a-49ad-472d-95fb-3029dee54069,"Arts, Crafts & Sewing"
2606,9ccfe96a-49ad-472d-95fb-3029dee54069,"Arts, Crafts & Sewing"
2607,9ccfe96a-49ad-472d-95fb-3029dee54069,"Arts, Crafts & Sewing"
2608,9ccfe96a-49ad-472d-95fb-3029dee54069,"Arts, Crafts & Sewing"
2609,9ccfe96a-49ad-472d-95fb-3029dee54069,"Arts, Crafts & Sewing"
2610,9ccfe96a-49ad-472d-95fb-3029dee54069,"Arts, Crafts & Sewing"
2611,9ccfe96a-49ad-472d-95fb-3029dee54069,"Arts, Crafts & Sewing"
2612,9ccfe96a-49ad-472d-95fb-3029dee54069,"Arts, Crafts & Sewing"
2613,9ccfe96a-49ad-472d-95fb-3029dee54069,"Arts, Crafts & Sewing"
2614,9ccfe96a-49ad-472d-95fb-3029dee54069,"Arts, Crafts & Sewing"
2615,9ccfe96a-49ad-472d-95fb-3029dee54069,"Arts, Crafts & Sewing"
2616,9ccfe96a-49ad-472d-95fb-3029dee54069,"Arts, Crafts & Sewing"
2617,9ccfe96a-49ad-472d-95fb-3029dee54069,"Arts, Crafts & Sewing"
2618,9ccfe96a-49ad-472d-95fb-3029dee54069,"Arts, Crafts & Sewing"
2619,9ccfe96a-49ad-472d-95fb-3029dee54069,"Arts, Crafts & Sewing"
2620,9ccfe96a-49ad-472d-95fb-3029dee54069,"Arts, Crafts & Sewing"
2621,9ccfe96a-49ad-472d-95fb-3029dee54069,"Arts, Crafts & Sewing"
2622,9ccfe96a-49ad-472d-95fb-3029dee54069,"Arts, Crafts & Sewing"
2623,9ccfe96a-49ad-472d-95fb-3029dee54069,"Arts, Crafts & Sewing"
2624,9ccfe96a-49ad-472d-95fb-3029dee54069,"Arts, Crafts & Sewing"
2625,9ccfe96a-49ad-472d-95fb-3029dee54069,"Arts, Crafts & Sewing"
2626,9ccfe96a-49ad-472d-95fb-3029dee54069,"Arts, Crafts & Sewing"
2627,9ccfe96a-49ad-472d-95fb-3029dee54069,"Arts, Crafts & Sewing"
2628,9ccfe96a-49ad-472d-95fb-3029dee54069,"Arts, Crafts & Sewing"
2629,9ccfe96a-49ad-472d-95fb-3029dee54069,"Arts, Crafts & Sewing"
2630,d2722109-c832-45ba-a1cd-28523c319250,Standard Selling Fee
2631,9ccfe96a-49ad-472d-95fb-3029dee54069,"Arts, Crafts & Sewing"
2632,9ccfe96a-49ad-472d-95fb-3029dee54069,"Arts, Crafts & Sewing"
2633,9ccfe96a-49ad-472d-95fb-3029dee54069,"Arts, Crafts & Sewing"
2634,9ccfe96a-49ad-472d-95fb-3029dee54069,"Arts, Crafts & Sewing"
2635,9ccfe96a-49ad-472d-95fb-3029dee54069,"Arts, Crafts & Sewing"
2636,d2722109-c832-45ba-a1cd-28523c319250,Standard Selling Fee
2637,d2722109-c832-45ba-a1cd-28523c319250,Standard Selling Fee
2638,d2722109-c832-45ba-a1cd-28523c319250,Standard Selling Fee
2639,d2722109-c832-45ba-a1cd-28523c319250,Standard Selling Fee
2640,d2722109-c832-45ba-a1cd-28523c319250,Standard Selling Fee
2641,d2722109-c832-45ba-a1cd-28523c319250,Standard Selling Fee
2642,d2722109-c832-45ba-a1cd-28523c319250,Standard Selling Fee
2643,d2722109-c832-45ba-a1cd-28523c319250,Standard Selling Fee
2644,d2722109-c832-45ba-a1cd-28523c319250,Standard Selling Fee
2645,d2722109-c832-45ba-a1cd-28523c319250,Standard Selling Fee
2646,d2722109-c832-45ba-a1cd-28523c319250,Standard Selling Fee
2647,d2722109-c832-45ba-a1cd-28523c319250,Standard Selling Fee
2648,d2722109-c832-45ba-a1cd-28523c319250,Standard Selling Fee
2649,d2722109-c832-45ba-a1cd-28523c319250,Standard Selling Fee
2650,d2722109-c832-45ba-a1cd-28523c319250,Standard Selling Fee
2651,d2722109-c832-45ba-a1cd-28523c319250,Standard Selling Fee
2652,d2722109-c832-45ba-a1cd-28523c319250,Standard Selling Fee
2653,d2722109-c832-45ba-a1cd-28523c319250,Standard Selling Fee
2654,d2722109-c832-45ba-a1cd-28523c319250,Standard Selling Fee
2655,d2722109-c832-45ba-a1cd-28523c319250,Standard Selling Fee
2656,d2722109-c832-45ba-a1cd-28523c319250,Standard Selling Fee
2657,d2722109-c832-45ba-a1cd-28523c319250,Standard Selling Fee
2658,d2722109-c832-45ba-a1cd-28523c319250,Standard Selling Fee
2659,d2722109-c832-45ba-a1cd-28523c319250,Standard Selling Fee
2660,d2722109-c832-45ba-a1cd-28523c319250,Standard Selling Fee
2661,d2722109-c832-45ba-a1cd-28523c319250,Standard Selling Fee
2662,d2722109-c832-45ba-a1cd-28523c319250,Standard Selling Fee
2663,d2722109-c832-45ba-a1cd-28523c319250,Standard Selling Fee
2665,d2722109-c832-45ba-a1cd-28523c319250,Standard Selling Fee
2667,9ccfe96a-49ad-472d-95fb-3029dee54069,"Arts, Crafts & Sewing"
2668,d2722109-c832-45ba-a1cd-28523c319250,Standard Selling Fee
2669,9ccfe96a-49ad-472d-95fb-3029dee54069,"Arts, Crafts & Sewing"
2672,d2722109-c832-45ba-a1cd-28523c319250,Standard Selling Fee
2673,d2722109-c832-45ba-a1cd-28523c319250,Standard Selling Fee
2674,d2722109-c832-45ba-a1cd-28523c319250,Standard Selling Fee
2675,d2722109-c832-45ba-a1cd-28523c319250,Standard Selling Fee
2676,d2722109-c832-45ba-a1cd-28523c319250,Standard Selling Fee
2677,d2722109-c832-45ba-a1cd-28523c319250,Standard Selling Fee
2678,d2722109-c832-45ba-a1cd-28523c319250,Standard Selling Fee
2679,d2722109-c832-45ba-a1cd-28523c319250,Standard Selling Fee
2680,d2722109-c832-45ba-a1cd-28523c319250,Standard Selling Fee
2682,d2722109-c832-45ba-a1cd-28523c319250,Standard Selling Fee
2683,d2722109-c832-45ba-a1cd-28523c319250,Standard Selling Fee
2684,d2722109-c832-45ba-a1cd-28523c319250,Standard Selling Fee
2685,d2722109-c832-45ba-a1cd-28523c319250,Standard Selling Fee
2686,d2722109-c832-45ba-a1cd-28523c319250,Standard Selling Fee
2687,d2722109-c832-45ba-a1cd-28523c319250,Standard Selling Fee
2688,d2722109-c832-45ba-a1cd-28523c319250,Standard Selling Fee
2689,d2722109-c832-45ba-a1cd-28523c319250,Standard Selling Fee
2690,d2722109-c832-45ba-a1cd-28523c319250,Standard Selling Fee
2691,d2722109-c832-45ba-a1cd-28523c319250,Standard Selling Fee
2692,d2722109-c832-45ba-a1cd-28523c319250,Standard Selling Fee
2693,d2722109-c832-45ba-a1cd-28523c319250,Standard Selling Fee
2694,d2722109-c832-45ba-a1cd-28523c319250,Standard Selling Fee
2695,d2722109-c832-45ba-a1cd-28523c319250,Standard Selling Fee
2696,d2722109-c832-45ba-a1cd-28523c319250,Standard Selling Fee
2697,d2722109-c832-45ba-a1cd-28523c319250,Standard Selling Fee
2698,d2722109-c832-45ba-a1cd-28523c319250,Standard Selling Fee
2699,d2722109-c832-45ba-a1cd-28523c319250,Standard Selling Fee
2700,d2722109-c832-45ba-a1cd-28523c319250,Standard Selling Fee
2701,d2722109-c832-45ba-a1cd-28523c319250,Standard Selling Fee
2702,d2722109-c832-45ba-a1cd-28523c319250,Standard Selling Fee
2703,d2722109-c832-45ba-a1cd-28523c319250,Standard Selling Fee
2704,d2722109-c832-45ba-a1cd-28523c319250,Standard Selling Fee
2705,d2722109-c832-45ba-a1cd-28523c319250,Standard Selling Fee
2706,d2722109-c832-45ba-a1cd-28523c319250,Standard Selling Fee
2707,d2722109-c832-45ba-a1cd-28523c319250,Standard Selling Fee
2708,d2722109-c832-45ba-a1cd-28523c319250,Standard Selling Fee
2709,d2722109-c832-45ba-a1cd-28523c319250,Standard Selling Fee
2710,d2722109-c832-45ba-a1cd-28523c319250,Standard Selling Fee
2711,d2722109-c832-45ba-a1cd-28523c319250,Standard Selling Fee
2712,d2722109-c832-45ba-a1cd-28523c319250,Standard Selling Fee
2713,d2722109-c832-45ba-a1cd-28523c319250,Standard Selling Fee
2714,d2722109-c832-45ba-a1cd-28523c319250,Standard Selling Fee
2715,d2722109-c832-45ba-a1cd-28523c319250,Standard Selling Fee
2716,d2722109-c832-45ba-a1cd-28523c319250,Standard Selling Fee
2717,d2722109-c832-45ba-a1cd-28523c319250,Standard Selling Fee
2718,d2722109-c832-45ba-a1cd-28523c319250,Standard Selling Fee
2719,d2722109-c832-45ba-a1cd-28523c319250,Standard Selling Fee
2720,d2722109-c832-45ba-a1cd-28523c319250,Standard Selling Fee
2721,d2722109-c832-45ba-a1cd-28523c319250,Standard Selling Fee
2722,d2722109-c832-45ba-a1cd-28523c319250,Standard Selling Fee
2723,d2722109-c832-45ba-a1cd-28523c319250,Standard Selling Fee
2724,d2722109-c832-45ba-a1cd-28523c319250,Standard Selling Fee
2725,d2722109-c832-45ba-a1cd-28523c319250,Standard Selling Fee
2726,d2722109-c832-45ba-a1cd-28523c319250,Standard Selling Fee
2727,d2722109-c832-45ba-a1cd-28523c319250,Standard Selling Fee
2728,d2722109-c832-45ba-a1cd-28523c319250,Standard Selling Fee
2729,d2722109-c832-45ba-a1cd-28523c319250,Standard Selling Fee
2730,d2722109-c832-45ba-a1cd-28523c319250,Standard Selling Fee
2731,d2722109-c832-45ba-a1cd-28523c319250,Standard Selling Fee
2732,d2722109-c832-45ba-a1cd-28523c319250,Standard Selling Fee
2733,d2722109-c832-45ba-a1cd-28523c319250,Standard Selling Fee
2734,d2722109-c832-45ba-a1cd-28523c319250,Standard Selling Fee
2735,d2722109-c832-45ba-a1cd-28523c319250,Standard Selling Fee
2736,d2722109-c832-45ba-a1cd-28523c319250,Standard Selling Fee
2737,d2722109-c832-45ba-a1cd-28523c319250,Standard Selling Fee
2738,d2722109-c832-45ba-a1cd-28523c319250,Standard Selling Fee
2739,d2722109-c832-45ba-a1cd-28523c319250,Standard Selling Fee
2740,d2722109-c832-45ba-a1cd-28523c319250,Standard Selling Fee
2741,d2722109-c832-45ba-a1cd-28523c319250,Standard Selling Fee
2742,d2722109-c832-45ba-a1cd-28523c319250,Standard Selling Fee
2743,d2722109-c832-45ba-a1cd-28523c319250,Standard Selling Fee
2744,d2722109-c832-45ba-a1cd-28523c319250,Standard Selling Fee
2745,d2722109-c832-45ba-a1cd-28523c319250,Standard Selling Fee
2746,d2722109-c832-45ba-a1cd-28523c319250,Standard Selling Fee
2748,d2722109-c832-45ba-a1cd-28523c319250,Standard Selling Fee
2753,d2722109-c832-45ba-a1cd-28523c319250,Standard Selling Fee
2754,d2722109-c832-45ba-a1cd-28523c319250,Standard Selling Fee
2755,d2722109-c832-45ba-a1cd-28523c319250,Standard Selling Fee
2758,d2722109-c832-45ba-a1cd-28523c319250,Standard Selling Fee
2759,d2722109-c832-45ba-a1cd-28523c319250,Standard Selling Fee
2760,d2722109-c832-45ba-a1cd-28523c319250,Standard Selling Fee
2761,d2722109-c832-45ba-a1cd-28523c319250,Standard Selling Fee
2762,d2722109-c832-45ba-a1cd-28523c319250,Standard Selling Fee
2763,d2722109-c832-45ba-a1cd-28523c319250,Standard Selling Fee
2764,d2722109-c832-45ba-a1cd-28523c319250,Standard Selling Fee
2765,d2722109-c832-45ba-a1cd-28523c319250,Standard Selling Fee
2766,d2722109-c832-45ba-a1cd-28523c319250,Standard Selling Fee
2769,d2722109-c832-45ba-a1cd-28523c319250,Standard Selling Fee
2770,d2722109-c832-45ba-a1cd-28523c319250,Standard Selling Fee
2771,d2722109-c832-45ba-a1cd-28523c319250,Standard Selling Fee
2772,d2722109-c832-45ba-a1cd-28523c319250,Standard Selling Fee
2773,d2722109-c832-45ba-a1cd-28523c319250,Standard Selling Fee
2774,d2722109-c832-45ba-a1cd-28523c319250,Standard Selling Fee
2775,d2722109-c832-45ba-a1cd-28523c319250,Standard Selling Fee
2776,d2722109-c832-45ba-a1cd-28523c319250,Standard Selling Fee
2777,d2722109-c832-45ba-a1cd-28523c319250,Standard Selling Fee
2778,d2722109-c832-45ba-a1cd-28523c319250,Standard Selling Fee
2779,d2722109-c832-45ba-a1cd-28523c319250,Standard Selling Fee
2780,d2722109-c832-45ba-a1cd-28523c319250,Standard Selling Fee
2781,d2722109-c832-45ba-a1cd-28523c319250,Standard Selling Fee
2782,d2722109-c832-45ba-a1cd-28523c319250,Standard Selling Fee
2783,d2722109-c832-45ba-a1cd-28523c319250,Standard Selling Fee
2784,d2722109-c832-45ba-a1cd-28523c319250,Standard Selling Fee
2785,d2722109-c832-45ba-a1cd-28523c319250,Standard Selling Fee
2786,d2722109-c832-45ba-a1cd-28523c319250,Standard Selling Fee
2787,d2722109-c832-45ba-a1cd-28523c319250,Standard Selling Fee
2789,d2722109-c832-45ba-a1cd-28523c319250,Standard Selling Fee
2790,d2722109-c832-45ba-a1cd-28523c319250,Standard Selling Fee
2791,d2722109-c832-45ba-a1cd-28523c319250,Standard Selling Fee
2792,d2722109-c832-45ba-a1cd-28523c319250,Standard Selling Fee
2794,d2722109-c832-45ba-a1cd-28523c319250,Standard Selling Fee
2848,d2722109-c832-45ba-a1cd-28523c319250,Standard Selling Fee
2853,9ccfe96a-49ad-472d-95fb-3029dee54069,"Arts, Crafts & Sewing"
2855,d2722109-c832-45ba-a1cd-28523c319250,Standard Selling Fee
2856,d2722109-c832-45ba-a1cd-28523c319250,Standard Selling Fee
2857,d2722109-c832-45ba-a1cd-28523c319250,Standard Selling Fee
2858,d2722109-c832-45ba-a1cd-28523c319250,Standard Selling Fee
2859,9ccfe96a-49ad-472d-95fb-3029dee54069,"Arts, Crafts & Sewing"
2860,d2722109-c832-45ba-a1cd-28523c319250,Standard Selling Fee
2861,9ccfe96a-49ad-472d-95fb-3029dee54069,"Arts, Crafts & Sewing"
2863,d2722109-c832-45ba-a1cd-28523c319250,Standard Selling Fee
2865,d2722109-c832-45ba-a1cd-28523c319250,Standard Selling Fee
2966,d2722109-c832-45ba-a1cd-28523c319250,Standard Selling Fee
2967,d2722109-c832-45ba-a1cd-28523c319250,Standard Selling Fee
2968,d2722109-c832-45ba-a1cd-28523c319250,Standard Selling Fee
2969,d2722109-c832-45ba-a1cd-28523c319250,Standard Selling Fee
2970,d2722109-c832-45ba-a1cd-28523c319250,Standard Selling Fee
2971,d2722109-c832-45ba-a1cd-28523c319250,Standard Selling Fee
2972,d2722109-c832-45ba-a1cd-28523c319250,Standard Selling Fee
2973,d2722109-c832-45ba-a1cd-28523c319250,Standard Selling Fee
2974,d2722109-c832-45ba-a1cd-28523c319250,Standard Selling Fee
2975,d2722109-c832-45ba-a1cd-28523c319250,Standard Selling Fee
2976,d2722109-c832-45ba-a1cd-28523c319250,Standard Selling Fee
2977,d2722109-c832-45ba-a1cd-28523c319250,Standard Selling Fee
2978,d2722109-c832-45ba-a1cd-28523c319250,Standard Selling Fee
2979,d2722109-c832-45ba-a1cd-28523c319250,Standard Selling Fee
2980,d2722109-c832-45ba-a1cd-28523c319250,Standard Selling Fee
2981,d2722109-c832-45ba-a1cd-28523c319250,Standard Selling Fee
2982,d2722109-c832-45ba-a1cd-28523c319250,Standard Selling Fee
2983,d2722109-c832-45ba-a1cd-28523c319250,Standard Selling Fee
2984,d2722109-c832-45ba-a1cd-28523c319250,Standard Selling Fee
2985,d2722109-c832-45ba-a1cd-28523c319250,Standard Selling Fee
2986,d2722109-c832-45ba-a1cd-28523c319250,Standard Selling Fee
2987,d2722109-c832-45ba-a1cd-28523c319250,Standard Selling Fee
2988,d2722109-c832-45ba-a1cd-28523c319250,Standard Selling Fee
2989,d2722109-c832-45ba-a1cd-28523c319250,Standard Selling Fee
2990,d2722109-c832-45ba-a1cd-28523c319250,Standard Selling Fee
2991,d2722109-c832-45ba-a1cd-28523c319250,Standard Selling Fee
2992,d2722109-c832-45ba-a1cd-28523c319250,Standard Selling Fee
2993,d2722109-c832-45ba-a1cd-28523c319250,Standard Selling Fee
2994,d2722109-c832-45ba-a1cd-28523c319250,Standard Selling Fee
2995,d2722109-c832-45ba-a1cd-28523c319250,Standard Selling Fee
2996,d2722109-c832-45ba-a1cd-28523c319250,Standard Selling Fee
2997,d2722109-c832-45ba-a1cd-28523c319250,Standard Selling Fee
2998,d2722109-c832-45ba-a1cd-28523c319250,Standard Selling Fee
2999,d2722109-c832-45ba-a1cd-28523c319250,Standard Selling Fee
3000,d2722109-c832-45ba-a1cd-28523c319250,Standard Selling Fee
3001,d2722109-c832-45ba-a1cd-28523c319250,Standard Selling Fee
3002,d2722109-c832-45ba-a1cd-28523c319250,Standard Selling Fee
3003,d2722109-c832-45ba-a1cd-28523c319250,Standard Selling Fee
3004,d2722109-c832-45ba-a1cd-28523c319250,Standard Selling Fee
3005,d2722109-c832-45ba-a1cd-28523c319250,Standard Selling Fee
3006,d2722109-c832-45ba-a1cd-28523c319250,Standard Selling Fee
3007,d2722109-c832-45ba-a1cd-28523c319250,Standard Selling Fee
3008,d2722109-c832-45ba-a1cd-28523c319250,Standard Selling Fee
3009,d2722109-c832-45ba-a1cd-28523c319250,Standard Selling Fee
3010,d2722109-c832-45ba-a1cd-28523c319250,Standard Selling Fee
3011,d2722109-c832-45ba-a1cd-28523c319250,Standard Selling Fee
3012,d2722109-c832-45ba-a1cd-28523c319250,Standard Selling Fee
3013,d2722109-c832-45ba-a1cd-28523c319250,Standard Selling Fee
3014,d2722109-c832-45ba-a1cd-28523c319250,Standard Selling Fee
3015,d2722109-c832-45ba-a1cd-28523c319250,Standard Selling Fee
3016,d2722109-c832-45ba-a1cd-28523c319250,Standard Selling Fee
3017,d2722109-c832-45ba-a1cd-28523c319250,Standard Selling Fee
3018,d2722109-c832-45ba-a1cd-28523c319250,Standard Selling Fee
3019,d2722109-c832-45ba-a1cd-28523c319250,Standard Selling Fee
3020,d2722109-c832-45ba-a1cd-28523c319250,Standard Selling Fee
3021,d2722109-c832-45ba-a1cd-28523c319250,Standard Selling Fee
3022,d2722109-c832-45ba-a1cd-28523c319250,Standard Selling Fee
3023,d2722109-c832-45ba-a1cd-28523c319250,Standard Selling Fee
3024,d2722109-c832-45ba-a1cd-28523c319250,Standard Selling Fee
3025,d2722109-c832-45ba-a1cd-28523c319250,Standard Selling Fee
3026,d2722109-c832-45ba-a1cd-28523c319250,Standard Selling Fee
3027,d2722109-c832-45ba-a1cd-28523c319250,Standard Selling Fee
3028,d2722109-c832-45ba-a1cd-28523c319250,Standard Selling Fee
3029,d2722109-c832-45ba-a1cd-28523c319250,Standard Selling Fee
3030,d2722109-c832-45ba-a1cd-28523c319250,Standard Selling Fee
3031,d2722109-c832-45ba-a1cd-28523c319250,Standard Selling Fee
3032,d2722109-c832-45ba-a1cd-28523c319250,Standard Selling Fee
3033,d2722109-c832-45ba-a1cd-28523c319250,Standard Selling Fee
3034,d2722109-c832-45ba-a1cd-28523c319250,Standard Selling Fee
3035,d2722109-c832-45ba-a1cd-28523c319250,Standard Selling Fee
3036,d2722109-c832-45ba-a1cd-28523c319250,Standard Selling Fee
3037,d2722109-c832-45ba-a1cd-28523c319250,Standard Selling Fee
3038,d2722109-c832-45ba-a1cd-28523c319250,Standard Selling Fee
3039,d2722109-c832-45ba-a1cd-28523c319250,Standard Selling Fee
3040,d2722109-c832-45ba-a1cd-28523c319250,Standard Selling Fee
3041,d2722109-c832-45ba-a1cd-28523c319250,Standard Selling Fee
3042,d2722109-c832-45ba-a1cd-28523c319250,Standard Selling Fee
3043,d2722109-c832-45ba-a1cd-28523c319250,Standard Selling Fee
3044,d2722109-c832-45ba-a1cd-28523c319250,Standard Selling Fee
3045,d2722109-c832-45ba-a1cd-28523c319250,Standard Selling Fee
3046,d2722109-c832-45ba-a1cd-28523c319250,Standard Selling Fee
3047,d2722109-c832-45ba-a1cd-28523c319250,Standard Selling Fee
3048,d2722109-c832-45ba-a1cd-28523c319250,Standard Selling Fee
3049,d2722109-c832-45ba-a1cd-28523c319250,Standard Selling Fee
3050,d2722109-c832-45ba-a1cd-28523c319250,Standard Selling Fee
3051,d2722109-c832-45ba-a1cd-28523c319250,Standard Selling Fee
3052,d2722109-c832-45ba-a1cd-28523c319250,Standard Selling Fee
3053,d2722109-c832-45ba-a1cd-28523c319250,Standard Selling Fee
3054,d2722109-c832-45ba-a1cd-28523c319250,Standard Selling Fee
3055,d2722109-c832-45ba-a1cd-28523c319250,Standard Selling Fee
3056,d2722109-c832-45ba-a1cd-28523c319250,Standard Selling Fee
3057,d2722109-c832-45ba-a1cd-28523c319250,Standard Selling Fee
3058,d2722109-c832-45ba-a1cd-28523c319250,Standard Selling Fee
3059,d2722109-c832-45ba-a1cd-28523c319250,Standard Selling Fee
3060,d2722109-c832-45ba-a1cd-28523c319250,Standard Selling Fee
3061,d2722109-c832-45ba-a1cd-28523c319250,Standard Selling Fee
3062,d2722109-c832-45ba-a1cd-28523c319250,Standard Selling Fee
3063,d2722109-c832-45ba-a1cd-28523c319250,Standard Selling Fee
3064,d2722109-c832-45ba-a1cd-28523c319250,Standard Selling Fee
3065,d2722109-c832-45ba-a1cd-28523c319250,Standard Selling Fee
3066,d2722109-c832-45ba-a1cd-28523c319250,Standard Selling Fee
3067,d2722109-c832-45ba-a1cd-28523c319250,Standard Selling Fee
3068,d2722109-c832-45ba-a1cd-28523c319250,Standard Selling Fee
3069,d2722109-c832-45ba-a1cd-28523c319250,Standard Selling Fee
3070,d2722109-c832-45ba-a1cd-28523c319250,Standard Selling Fee
3071,d2722109-c832-45ba-a1cd-28523c319250,Standard Selling Fee
3072,d2722109-c832-45ba-a1cd-28523c319250,Standard Selling Fee
3073,d2722109-c832-45ba-a1cd-28523c319250,Standard Selling Fee
3074,d2722109-c832-45ba-a1cd-28523c319250,Standard Selling Fee
3075,d2722109-c832-45ba-a1cd-28523c319250,Standard Selling Fee
3076,d2722109-c832-45ba-a1cd-28523c319250,Standard Selling Fee
3077,d2722109-c832-45ba-a1cd-28523c319250,Standard Selling Fee
3078,d2722109-c832-45ba-a1cd-28523c319250,Standard Selling Fee
3079,d2722109-c832-45ba-a1cd-28523c319250,Standard Selling Fee
3080,d2722109-c832-45ba-a1cd-28523c319250,Standard Selling Fee
3081,d2722109-c832-45ba-a1cd-28523c319250,Standard Selling Fee
3082,d2722109-c832-45ba-a1cd-28523c319250,Standard Selling Fee
3083,d2722109-c832-45ba-a1cd-28523c319250,Standard Selling Fee
3084,d2722109-c832-45ba-a1cd-28523c319250,Standard Selling Fee
3085,d2722109-c832-45ba-a1cd-28523c319250,Standard Selling Fee
3086,d2722109-c832-45ba-a1cd-28523c319250,Standard Selling Fee
3087,d2722109-c832-45ba-a1cd-28523c319250,Standard Selling Fee
3088,d2722109-c832-45ba-a1cd-28523c319250,Standard Selling Fee
3089,d2722109-c832-45ba-a1cd-28523c319250,Standard Selling Fee
3090,d2722109-c832-45ba-a1cd-28523c319250,Standard Selling Fee
3091,d2722109-c832-45ba-a1cd-28523c319250,Standard Selling Fee
3092,d2722109-c832-45ba-a1cd-28523c319250,Standard Selling Fee
3093,d2722109-c832-45ba-a1cd-28523c319250,Standard Selling Fee
3094,d2722109-c832-45ba-a1cd-28523c319250,Standard Selling Fee
3095,d2722109-c832-45ba-a1cd-28523c319250,Standard Selling Fee
3096,d2722109-c832-45ba-a1cd-28523c319250,Standard Selling Fee
3097,d2722109-c832-45ba-a1cd-28523c319250,Standard Selling Fee
3098,d2722109-c832-45ba-a1cd-28523c319250,Standard Selling Fee
3099,d2722109-c832-45ba-a1cd-28523c319250,Standard Selling Fee
3100,d2722109-c832-45ba-a1cd-28523c319250,Standard Selling Fee
3101,d2722109-c832-45ba-a1cd-28523c319250,Standard Selling Fee
3102,d2722109-c832-45ba-a1cd-28523c319250,Standard Selling Fee
3103,d2722109-c832-45ba-a1cd-28523c319250,Standard Selling Fee
3104,d2722109-c832-45ba-a1cd-28523c319250,Standard Selling Fee
3105,d2722109-c832-45ba-a1cd-28523c319250,Standard Selling Fee
3106,d2722109-c832-45ba-a1cd-28523c319250,Standard Selling Fee
3107,d2722109-c832-45ba-a1cd-28523c319250,Standard Selling Fee
3108,d2722109-c832-45ba-a1cd-28523c319250,Standard Selling Fee
3109,d2722109-c832-45ba-a1cd-28523c319250,Standard Selling Fee
3110,d2722109-c832-45ba-a1cd-28523c319250,Standard Selling Fee
3111,d2722109-c832-45ba-a1cd-28523c319250,Standard Selling Fee
3112,d2722109-c832-45ba-a1cd-28523c319250,Standard Selling Fee
3113,d2722109-c832-45ba-a1cd-28523c319250,Standard Selling Fee
3114,d2722109-c832-45ba-a1cd-28523c319250,Standard Selling Fee
3115,d2722109-c832-45ba-a1cd-28523c319250,Standard Selling Fee
3116,d2722109-c832-45ba-a1cd-28523c319250,Standard Selling Fee
3117,d2722109-c832-45ba-a1cd-28523c319250,Standard Selling Fee
3118,d2722109-c832-45ba-a1cd-28523c319250,Standard Selling Fee
3119,d2722109-c832-45ba-a1cd-28523c319250,Standard Selling Fee
3120,d2722109-c832-45ba-a1cd-28523c319250,Standard Selling Fee
3121,d2722109-c832-45ba-a1cd-28523c319250,Standard Selling Fee
3122,d2722109-c832-45ba-a1cd-28523c319250,Standard Selling Fee
3123,d2722109-c832-45ba-a1cd-28523c319250,Standard Selling Fee
3124,d2722109-c832-45ba-a1cd-28523c319250,Standard Selling Fee
3125,d2722109-c832-45ba-a1cd-28523c319250,Standard Selling Fee
3126,d2722109-c832-45ba-a1cd-28523c319250,Standard Selling Fee
3127,d2722109-c832-45ba-a1cd-28523c319250,Standard Selling Fee
3128,d2722109-c832-45ba-a1cd-28523c319250,Standard Selling Fee
3129,d2722109-c832-45ba-a1cd-28523c319250,Standard Selling Fee
3130,d2722109-c832-45ba-a1cd-28523c319250,Standard Selling Fee
3131,d2722109-c832-45ba-a1cd-28523c319250,Standard Selling Fee
3132,d2722109-c832-45ba-a1cd-28523c319250,Standard Selling Fee
3133,d2722109-c832-45ba-a1cd-28523c319250,Standard Selling Fee
3134,d2722109-c832-45ba-a1cd-28523c319250,Standard Selling Fee
3135,d2722109-c832-45ba-a1cd-28523c319250,Standard Selling Fee
3136,d2722109-c832-45ba-a1cd-28523c319250,Standard Selling Fee
3137,d2722109-c832-45ba-a1cd-28523c319250,Standard Selling Fee
3138,d2722109-c832-45ba-a1cd-28523c319250,Standard Selling Fee
3139,d2722109-c832-45ba-a1cd-28523c319250,Standard Selling Fee
3140,d2722109-c832-45ba-a1cd-28523c319250,Standard Selling Fee
3141,d2722109-c832-45ba-a1cd-28523c319250,Standard Selling Fee
3142,d2722109-c832-45ba-a1cd-28523c319250,Standard Selling Fee
3143,d2722109-c832-45ba-a1cd-28523c319250,Standard Selling Fee
3144,d2722109-c832-45ba-a1cd-28523c319250,Standard Selling Fee
3145,d2722109-c832-45ba-a1cd-28523c319250,Standard Selling Fee
3146,d2722109-c832-45ba-a1cd-28523c319250,Standard Selling Fee
3147,d2722109-c832-45ba-a1cd-28523c319250,Standard Selling Fee
3148,d2722109-c832-45ba-a1cd-28523c319250,Standard Selling Fee
3149,d2722109-c832-45ba-a1cd-28523c319250,Standard Selling Fee
3150,d2722109-c832-45ba-a1cd-28523c319250,Standard Selling Fee
3151,d2722109-c832-45ba-a1cd-28523c319250,Standard Selling Fee
3153,9ccfe96a-49ad-472d-95fb-3029dee54069,"Arts, Crafts & Sewing"
3154,9ccfe96a-49ad-472d-95fb-3029dee54069,"Arts, Crafts & Sewing"
3189,9ccfe96a-49ad-472d-95fb-3029dee54069,"Arts, Crafts & Sewing"
3191,d2722109-c832-45ba-a1cd-28523c319250,Standard Selling Fee
3192,d2722109-c832-45ba-a1cd-28523c319250,Standard Selling Fee
3193,d2722109-c832-45ba-a1cd-28523c319250,Standard Selling Fee
3194,9ccfe96a-49ad-472d-95fb-3029dee54069,"Arts, Crafts & Sewing"
3196,d2722109-c832-45ba-a1cd-28523c319250,Standard Selling Fee
3199,d2722109-c832-45ba-a1cd-28523c319250,Standard Selling Fee
3201,d2722109-c832-45ba-a1cd-28523c319250,Standard Selling Fee
3202,d2722109-c832-45ba-a1cd-28523c319250,Standard Selling Fee
3203,d2722109-c832-45ba-a1cd-28523c319250,Standard Selling Fee
3204,9ccfe96a-49ad-472d-95fb-3029dee54069,"Arts, Crafts & Sewing"
3205,d2722109-c832-45ba-a1cd-28523c319250,Standard Selling Fee
3206,9ccfe96a-49ad-472d-95fb-3029dee54069,"Arts, Crafts & Sewing"
3207,d2722109-c832-45ba-a1cd-28523c319250,Standard Selling Fee
3214,9ccfe96a-49ad-472d-95fb-3029dee54069,"Arts, Crafts & Sewing"
3217,d2722109-c832-45ba-a1cd-28523c319250,Standard Selling Fee
3218,9ccfe96a-49ad-472d-95fb-3029dee54069,"Arts, Crafts & Sewing"
3219,d2722109-c832-45ba-a1cd-28523c319250,Standard Selling Fee
3222,d2722109-c832-45ba-a1cd-28523c319250,Standard Selling Fee
3224,d2722109-c832-45ba-a1cd-28523c319250,Standard Selling Fee
3225,d2722109-c832-45ba-a1cd-28523c319250,Standard Selling Fee
3226,9ccfe96a-49ad-472d-95fb-3029dee54069,"Arts, Crafts & Sewing"
3228,9ccfe96a-49ad-472d-95fb-3029dee54069,"Arts, Crafts & Sewing"
3229,9ccfe96a-49ad-472d-95fb-3029dee54069,"Arts, Crafts & Sewing"
3230,9ccfe96a-49ad-472d-95fb-3029dee54069,"Arts, Crafts & Sewing"
3231,9ccfe96a-49ad-472d-95fb-3029dee54069,"Arts, Crafts & Sewing"
3232,9ccfe96a-49ad-472d-95fb-3029dee54069,"Arts, Crafts & Sewing"
3234,9ccfe96a-6a76-4522-8337-bea4f660a8ce,Consumer Electronics
3235,9ccfe96a-6a76-4522-8337-bea4f660a8ce,Consumer Electronics
3236,9ccfe96a-6a76-4522-8337-bea4f660a8ce,Consumer Electronics
3237,9ccfe96a-6a76-4522-8337-bea4f660a8ce,Consumer Electronics
3238,9ccfe96a-6a76-4522-8337-bea4f660a8ce,Consumer Electronics
3239,9ccfe96a-6a76-4522-8337-bea4f660a8ce,Consumer Electronics
3241,9ccfe96a-6a76-4522-8337-bea4f660a8ce,Consumer Electronics
3245,9ccfe96a-6a76-4522-8337-bea4f660a8ce,Consumer Electronics
3251,9ccfe96a-6a76-4522-8337-bea4f660a8ce,Consumer Electronics
3252,9ccfe96a-6a76-4522-8337-bea4f660a8ce,Consumer Electronics
3253,9ccfe96a-49ad-472d-95fb-3029dee54069,"Arts, Crafts & Sewing"
3261,d2722109-c832-45ba-a1cd-28523c319250,Standard Selling Fee
3262,9ccfe96a-6a76-4522-8337-bea4f660a8ce,Consumer Electronics
3264,9ccfe96a-6a76-4522-8337-bea4f660a8ce,Consumer Electronics
3265,9ccfe96a-6a76-4522-8337-bea4f660a8ce,Consumer Electronics
3266,9ccfe96a-49ad-472d-95fb-3029dee54069,"Arts, Crafts & Sewing"
3267,9ccfe96a-49ad-472d-95fb-3029dee54069,"Arts, Crafts & Sewing"
3271,9ccfe96a-6a76-4522-8337-bea4f660a8ce,Consumer Electronics
3272,9ccfe96a-49ad-472d-95fb-3029dee54069,"Arts, Crafts & Sewing"
3276,9ccfe96a-6a76-4522-8337-bea4f660a8ce,Consumer Electronics
3277,9ccfe96a-6a76-4522-8337-bea4f660a8ce,Consumer Electronics
3278,9ccfe96a-6a76-4522-8337-bea4f660a8ce,Consumer Electronics
3279,9ccfe96a-49ad-472d-95fb-3029dee54069,"Arts, Crafts & Sewing"
3280,d2722109-c832-45ba-a1cd-28523c319250,Standard Selling Fee
3281,9ccfe96a-49ad-472d-95fb-3029dee54069,"Arts, Crafts & Sewing"
3282,9ccfe96a-49ad-472d-95fb-3029dee54069,"Arts, Crafts & Sewing"
3283,9ccfe96a-49ad-472d-95fb-3029dee54069,"Arts, Crafts & Sewing"
3284,9ccfe96a-49ad-472d-95fb-3029dee54069,"Arts, Crafts & Sewing"
3285,9ccfe96a-49ad-472d-95fb-3029dee54069,"Arts, Crafts & Sewing"
3286,9ccfe96a-49ad-472d-95fb-3029dee54069,"Arts, Crafts & Sewing"
3287,9ccfe96a-49ad-472d-95fb-3029dee54069,"Arts, Crafts & Sewing"
3288,9ccfe96a-49ad-472d-95fb-3029dee54069,"Arts, Crafts & Sewing"
3289,9ccfe96a-49ad-472d-95fb-3029dee54069,"Arts, Crafts & Sewing"
3290,d2722109-c832-45ba-a1cd-28523c319250,Standard Selling Fee
3291,d2722109-c832-45ba-a1cd-28523c319250,Standard Selling Fee
3292,d2722109-c832-45ba-a1cd-28523c319250,Standard Selling Fee
3293,d2722109-c832-45ba-a1cd-28523c319250,Standard Selling Fee
3294,9ccfe96a-fc67-4dfe-83f7-42eabdab9081,Musical Instruments & DJ
3300,d2722109-c832-45ba-a1cd-28523c319250,Standard Selling Fee
3301,d2722109-c832-45ba-a1cd-28523c319250,Standard Selling Fee
3302,d2722109-c832-45ba-a1cd-28523c319250,Standard Selling Fee
3304,d2722109-c832-45ba-a1cd-28523c319250,Standard Selling Fee
3305,d2722109-c832-45ba-a1cd-28523c319250,Standard Selling Fee
3306,9ccfe96a-49ad-472d-95fb-3029dee54069,"Arts, Crafts & Sewing"
3307,9ccfe96a-fc67-4dfe-83f7-42eabdab9081,Musical Instruments & DJ
3308,9ccfe96a-fc67-4dfe-83f7-42eabdab9081,Musical Instruments & DJ
3309,9ccfe96a-fc67-4dfe-83f7-42eabdab9081,Musical Instruments & DJ
3310,9ccfe96a-fc67-4dfe-83f7-42eabdab9081,Musical Instruments & DJ
3311,d2722109-c832-45ba-a1cd-28523c319250,Standard Selling Fee
3312,9ccfe96a-fc67-4dfe-83f7-42eabdab9081,Musical Instruments & DJ
3313,9ccfe96a-fc67-4dfe-83f7-42eabdab9081,Musical Instruments & DJ
3314,d2722109-c832-45ba-a1cd-28523c319250,Standard Selling Fee
3315,d2722109-c832-45ba-a1cd-28523c319250,Standard Selling Fee
3316,d2722109-c832-45ba-a1cd-28523c319250,Standard Selling Fee
3317,d2722109-c832-45ba-a1cd-28523c319250,Standard Selling Fee
3319,9ccfe96a-fc67-4dfe-83f7-42eabdab9081,Musical Instruments & DJ
3320,d2722109-c832-45ba-a1cd-28523c319250,Standard Selling Fee
3321,d2722109-c832-45ba-a1cd-28523c319250,Standard Selling Fee
3322,d2722109-c832-45ba-a1cd-28523c319250,Standard Selling Fee
3323,d2722109-c832-45ba-a1cd-28523c319250,Standard Selling Fee
3324,d2722109-c832-45ba-a1cd-28523c319250,Standard Selling Fee
3325,9ccfe96a-fc67-4dfe-83f7-42eabdab9081,Musical Instruments & DJ
3326,9ccfe96a-49ad-472d-95fb-3029dee54069,"Arts, Crafts & Sewing"
3327,9ccfe96a-49ad-472d-95fb-3029dee54069,"Arts, Crafts & Sewing"
3330,9ccfe96a-49ad-472d-95fb-3029dee54069,"Arts, Crafts & Sewing"
3333,9ccfe96a-6a76-4522-8337-bea4f660a8ce,Consumer Electronics
3335,9ccfe96a-6a76-4522-8337-bea4f660a8ce,Consumer Electronics
3336,d2722109-c832-45ba-a1cd-28523c319250,Standard Selling Fee
3337,d2722109-c832-45ba-a1cd-28523c319250,Standard Selling Fee
3340,d2722109-c832-45ba-a1cd-28523c319250,Standard Selling Fee
3342,d2722109-c832-45ba-a1cd-28523c319250,Standard Selling Fee
3343,9ccfe96a-49ad-472d-95fb-3029dee54069,"Arts, Crafts & Sewing"
3344,d2722109-c832-45ba-a1cd-28523c319250,Standard Selling Fee
3345,d2722109-c832-45ba-a1cd-28523c319250,Standard Selling Fee
3347,9ccfe96a-49ad-472d-95fb-3029dee54069,"Arts, Crafts & Sewing"
3365,d2722109-c832-45ba-a1cd-28523c319250,Standard Selling Fee
3367,d2722109-c832-45ba-a1cd-28523c319250,Standard Selling Fee
3376,d2722109-c832-45ba-a1cd-28523c319250,Standard Selling Fee
3377,d2722109-c832-45ba-a1cd-28523c319250,Standard Selling Fee
3380,9ccfe96a-49ad-472d-95fb-3029dee54069,"Arts, Crafts & Sewing"
3381,9ccfe96a-49ad-472d-95fb-3029dee54069,"Arts, Crafts & Sewing"
3382,d2722109-c832-45ba-a1cd-28523c319250,Standard Selling Fee
3383,d2722109-c832-45ba-a1cd-28523c319250,Standard Selling Fee
3384,d2722109-c832-45ba-a1cd-28523c319250,Standard Selling Fee
3385,d2722109-c832-45ba-a1cd-28523c319250,Standard Selling Fee
3386,d2722109-c832-45ba-a1cd-28523c319250,Standard Selling Fee
3387,d2722109-c832-45ba-a1cd-28523c319250,Standard Selling Fee
3388,d2722109-c832-45ba-a1cd-28523c319250,Standard Selling Fee
3390,9ccfe96a-49ad-472d-95fb-3029dee54069,"Arts, Crafts & Sewing"
3391,9ccfe96a-49ad-472d-95fb-3029dee54069,"Arts, Crafts & Sewing"
3392,9ccfe96a-49ad-472d-95fb-3029dee54069,"Arts, Crafts & Sewing"
3393,d2722109-c832-45ba-a1cd-28523c319250,Standard Selling Fee
3394,d2722109-c832-45ba-a1cd-28523c319250,Standard Selling Fee
3395,d2722109-c832-45ba-a1cd-28523c319250,Standard Selling Fee
3396,d2722109-c832-45ba-a1cd-28523c319250,Standard Selling Fee
3397,d2722109-c832-45ba-a1cd-28523c319250,Standard Selling Fee
3400,d2722109-c832-45ba-a1cd-28523c319250,Standard Selling Fee
3401,d2722109-c832-45ba-a1cd-28523c319250,Standard Selling Fee
3402,d2722109-c832-45ba-a1cd-28523c319250,Standard Selling Fee
3403,d2722109-c832-45ba-a1cd-28523c319250,Standard Selling Fee
3404,d2722109-c832-45ba-a1cd-28523c319250,Standard Selling Fee
3405,d2722109-c832-45ba-a1cd-28523c319250,Standard Selling Fee
3406,d2722109-c832-45ba-a1cd-28523c319250,Standard Selling Fee
3408,9ccfe96a-49ad-472d-95fb-3029dee54069,"Arts, Crafts & Sewing"
3409,9ccfe96a-49ad-472d-95fb-3029dee54069,"Arts, Crafts & Sewing"
3410,d2722109-c832-45ba-a1cd-28523c319250,Standard Selling Fee
3411,d2722109-c832-45ba-a1cd-28523c319250,Standard Selling Fee
3412,d2722109-c832-45ba-a1cd-28523c319250,Standard Selling Fee
3413,d2722109-c832-45ba-a1cd-28523c319250,Standard Selling Fee
3419,9ccfe96a-49ad-472d-95fb-3029dee54069,"Arts, Crafts & Sewing"
3420,9ccfe96a-49ad-472d-95fb-3029dee54069,"Arts, Crafts & Sewing"
3421,9ccfe96a-49ad-472d-95fb-3029dee54069,"Arts, Crafts & Sewing"
3422,d2722109-c832-45ba-a1cd-28523c319250,Standard Selling Fee
3423,d2722109-c832-45ba-a1cd-28523c319250,Standard Selling Fee
3424,d2722109-c832-45ba-a1cd-28523c319250,Standard Selling Fee
3425,d2722109-c832-45ba-a1cd-28523c319250,Standard Selling Fee
3426,d2722109-c832-45ba-a1cd-28523c319250,Standard Selling Fee
3427,9ccfe96a-49ad-472d-95fb-3029dee54069,"Arts, Crafts & Sewing"
3428,d2722109-c832-45ba-a1cd-28523c319250,Standard Selling Fee
3432,d2722109-c832-45ba-a1cd-28523c319250,Standard Selling Fee
3433,d2722109-c832-45ba-a1cd-28523c319250,Standard Selling Fee
3434,d2722109-c832-45ba-a1cd-28523c319250,Standard Selling Fee
3435,9ccfe96a-49ad-472d-95fb-3029dee54069,"Arts, Crafts & Sewing"
3436,d2722109-c832-45ba-a1cd-28523c319250,Standard Selling Fee
3437,9ccfe96a-49ad-472d-95fb-3029dee54069,"Arts, Crafts & Sewing"
3438,d2722109-c832-45ba-a1cd-28523c319250,Standard Selling Fee
3439,d2722109-c832-45ba-a1cd-28523c319250,Standard Selling Fee
3440,d2722109-c832-45ba-a1cd-28523c319250,Standard Selling Fee
3441,d2722109-c832-45ba-a1cd-28523c319250,Standard Selling Fee
3442,d2722109-c832-45ba-a1cd-28523c319250,Standard Selling Fee
3455,d2722109-c832-45ba-a1cd-28523c319250,Standard Selling Fee
3456,d2722109-c832-45ba-a1cd-28523c319250,Standard Selling Fee
3457,d2722109-c832-45ba-a1cd-28523c319250,Standard Selling Fee
3458,d2722109-c832-45ba-a1cd-28523c319250,Standard Selling Fee
3459,9ccfe96a-49ad-472d-95fb-3029dee54069,"Arts, Crafts & Sewing"
3463,d2722109-c832-45ba-a1cd-28523c319250,Standard Selling Fee
3472,d2722109-c832-45ba-a1cd-28523c319250,Standard Selling Fee
3475,9ccfe96a-7acc-4555-8227-184f0d849d60,Everything else
3480,d2722109-c832-45ba-a1cd-28523c319250,Standard Selling Fee
3484,9ccfe96a-7acc-4555-8227-184f0d849d60,Everything else
3485,9ccfe96a-7acc-4555-8227-184f0d849d60,Everything else
3487,9ccfe96a-7acc-4555-8227-184f0d849d60,Everything else
3552,9ccfe96a-49ad-472d-95fb-3029dee54069,"Arts, Crafts & Sewing"
3554,9ccfe96a-49ad-472d-95fb-3029dee54069,"Arts, Crafts & Sewing"
3556,9ccfe96a-49ad-472d-95fb-3029dee54069,"Arts, Crafts & Sewing"
3557,d2722109-c832-45ba-a1cd-28523c319250,Standard Selling Fee
3558,d2722109-c832-45ba-a1cd-28523c319250,Standard Selling Fee
3559,d2722109-c832-45ba-a1cd-28523c319250,Standard Selling Fee
3560,d2722109-c832-45ba-a1cd-28523c319250,Standard Selling Fee
3561,d2722109-c832-45ba-a1cd-28523c319250,Standard Selling Fee
3562,d2722109-c832-45ba-a1cd-28523c319250,Standard Selling Fee
3563,9ccfe96a-49ad-472d-95fb-3029dee54069,"Arts, Crafts & Sewing"
3597,9ccfe96a-49ad-472d-95fb-3029dee54069,"Arts, Crafts & Sewing"
3598,d2722109-c832-45ba-a1cd-28523c319250,Standard Selling Fee
3599,d2722109-c832-45ba-a1cd-28523c319250,Standard Selling Fee
3600,d2722109-c832-45ba-a1cd-28523c319250,Standard Selling Fee
3601,d2722109-c832-45ba-a1cd-28523c319250,Standard Selling Fee
3634,d2722109-c832-45ba-a1cd-28523c319250,Standard Selling Fee
3640,d2722109-c832-45ba-a1cd-28523c319250,Standard Selling Fee
3641,d2722109-c832-45ba-a1cd-28523c319250,Standard Selling Fee
3642,d2722109-c832-45ba-a1cd-28523c319250,Standard Selling Fee
3643,d2722109-c832-45ba-a1cd-28523c319250,Standard Selling Fee
3644,d2722109-c832-45ba-a1cd-28523c319250,Standard Selling Fee
3645,d2722109-c832-45ba-a1cd-28523c319250,Standard Selling Fee
3646,9ccfe96a-49ad-472d-95fb-3029dee54069,"Arts, Crafts & Sewing"
3647,d2722109-c832-45ba-a1cd-28523c319250,Standard Selling Fee
3648,d2722109-c832-45ba-a1cd-28523c319250,Standard Selling Fee
3649,d2722109-c832-45ba-a1cd-28523c319250,Standard Selling Fee
3658,9ccfe96a-49ad-472d-95fb-3029dee54069,"Arts, Crafts & Sewing"
3659,d2722109-c832-45ba-a1cd-28523c319250,Standard Selling Fee
3660,d2722109-c832-45ba-a1cd-28523c319250,Standard Selling Fee
3661,d2722109-c832-45ba-a1cd-28523c319250,Standard Selling Fee
3672,9ccfe96a-49ad-472d-95fb-3029dee54069,"Arts, Crafts & Sewing"
3673,d2722109-c832-45ba-a1cd-28523c319250,Standard Selling Fee
3679,d2722109-c832-45ba-a1cd-28523c319250,Standard Selling Fee
3686,9ccfe96a-49ad-472d-95fb-3029dee54069,"Arts, Crafts & Sewing"
3687,9ccfe96a-49ad-472d-95fb-3029dee54069,"Arts, Crafts & Sewing"
3688,9ccfe96a-49ad-472d-95fb-3029dee54069,"Arts, Crafts & Sewing"
3691,9ccfe96a-49ad-472d-95fb-3029dee54069,"Arts, Crafts & Sewing"
3693,9ccfe96a-49ad-472d-95fb-3029dee54069,"Arts, Crafts & Sewing"
3694,9ccfe96a-49ad-472d-95fb-3029dee54069,"Arts, Crafts & Sewing"
3695,9ccfe96a-49ad-472d-95fb-3029dee54069,"Arts, Crafts & Sewing"
3697,9ccfe96a-49ad-472d-95fb-3029dee54069,"Arts, Crafts & Sewing"
3698,9ccfe96a-49ad-472d-95fb-3029dee54069,"Arts, Crafts & Sewing"
3699,9ccfe96a-49ad-472d-95fb-3029dee54069,"Arts, Crafts & Sewing"
3700,9ccfe96a-49ad-472d-95fb-3029dee54069,"Arts, Crafts & Sewing"
3702,9ccfe96a-49ad-472d-95fb-3029dee54069,"Arts, Crafts & Sewing"
3703,9ccfe96a-49ad-472d-95fb-3029dee54069,"Arts, Crafts & Sewing"
3704,9ccfe96a-49ad-472d-95fb-3029dee54069,"Arts, Crafts & Sewing"
3706,9ccfe96a-49ad-472d-95fb-3029dee54069,"Arts, Crafts & Sewing"
3707,9ccfe96a-49ad-472d-95fb-3029dee54069,"Arts, Crafts & Sewing"
3708,9ccfe96a-49ad-472d-95fb-3029dee54069,"Arts, Crafts & Sewing"
3709,9ccfe96a-49ad-472d-95fb-3029dee54069,"Arts, Crafts & Sewing"
3710,9ccfe96a-49ad-472d-95fb-3029dee54069,"Arts, Crafts & Sewing"
3711,9ccfe96a-49ad-472d-95fb-3029dee54069,"Arts, Crafts & Sewing"
3713,9ccfe96a-49ad-472d-95fb-3029dee54069,"Arts, Crafts & Sewing"
3714,9ccfe96a-49ad-472d-95fb-3029dee54069,"Arts, Crafts & Sewing"
3716,9ccfe96a-49ad-472d-95fb-3029dee54069,"Arts, Crafts & Sewing"
3717,9ccfe96a-49ad-472d-95fb-3029dee54069,"Arts, Crafts & Sewing"
3718,9ccfe96a-49ad-472d-95fb-3029dee54069,"Arts, Crafts & Sewing"
3719,9ccfe96a-49ad-472d-95fb-3029dee54069,"Arts, Crafts & Sewing"
3720,9ccfe96a-49ad-472d-95fb-3029dee54069,"Arts, Crafts & Sewing"
3721,9ccfe96a-49ad-472d-95fb-3029dee54069,"Arts, Crafts & Sewing"
3723,9ccfe96a-49ad-472d-95fb-3029dee54069,"Arts, Crafts & Sewing"
3725,9ccfe96a-49ad-472d-95fb-3029dee54069,"Arts, Crafts & Sewing"
3726,9ccfe96a-49ad-472d-95fb-3029dee54069,"Arts, Crafts & Sewing"
3729,9ccfe96a-49ad-472d-95fb-3029dee54069,"Arts, Crafts & Sewing"
3731,d2722109-c832-45ba-a1cd-28523c319250,Standard Selling Fee
3732,9ccfe96a-49ad-472d-95fb-3029dee54069,"Arts, Crafts & Sewing"
3735,9ccfe96a-49ad-472d-95fb-3029dee54069,"Arts, Crafts & Sewing"
3737,9ccfe96a-49ad-472d-95fb-3029dee54069,"Arts, Crafts & Sewing"
3738,9ccfe96a-49ad-472d-95fb-3029dee54069,"Arts, Crafts & Sewing"
3739,9ccfe96a-49ad-472d-95fb-3029dee54069,"Arts, Crafts & Sewing"
3740,9ccfe96a-49ad-472d-95fb-3029dee54069,"Arts, Crafts & Sewing"
3741,9ccfe96a-49ad-472d-95fb-3029dee54069,"Arts, Crafts & Sewing"
3742,9ccfe96a-49ad-472d-95fb-3029dee54069,"Arts, Crafts & Sewing"
3743,9ccfe96a-49ad-472d-95fb-3029dee54069,"Arts, Crafts & Sewing"
3745,9ccfe96b-0475-4c53-afee-b798ab63598a,Sports & Outdoors
3746,9ccfe96b-0475-4c53-afee-b798ab63598a,Sports & Outdoors
3747,9ccfe96a-49ad-472d-95fb-3029dee54069,"Arts, Crafts & Sewing"
3748,9ccfe96a-49ad-472d-95fb-3029dee54069,"Arts, Crafts & Sewing"
3749,9ccfe96a-49ad-472d-95fb-3029dee54069,"Arts, Crafts & Sewing"
3750,9ccfe96a-49ad-472d-95fb-3029dee54069,"Arts, Crafts & Sewing"
3901,d2722109-c832-45ba-a1cd-28523c319250,Standard Selling Fee
3912,d2722109-c832-45ba-a1cd-28523c319250,Standard Selling Fee
3914,d2722109-c832-45ba-a1cd-28523c319250,Standard Selling Fee
3915,9ccfe96a-49ad-472d-95fb-3029dee54069,"Arts, Crafts & Sewing"
3916,9ccfe96a-49ad-472d-95fb-3029dee54069,"Arts, Crafts & Sewing"
3917,d2722109-c832-45ba-a1cd-28523c319250,Standard Selling Fee
3921,d2722109-c832-45ba-a1cd-28523c319250,Standard Selling Fee
3922,d2722109-c832-45ba-a1cd-28523c319250,Standard Selling Fee
3924,9ccfe96a-49ad-472d-95fb-3029dee54069,"Arts, Crafts & Sewing"
3925,d2722109-c832-45ba-a1cd-28523c319250,Standard Selling Fee
3926,9ccfe96a-49ad-472d-95fb-3029dee54069,"Arts, Crafts & Sewing"
3929,9ccfe96a-49ad-472d-95fb-3029dee54069,"Arts, Crafts & Sewing"
3931,d2722109-c832-45ba-a1cd-28523c319250,Standard Selling Fee
3932,d2722109-c832-45ba-a1cd-28523c319250,Standard Selling Fee
3933,d2722109-c832-45ba-a1cd-28523c319250,Standard Selling Fee
3934,d2722109-c832-45ba-a1cd-28523c319250,Standard Selling Fee
3949,d2722109-c832-45ba-a1cd-28523c319250,Standard Selling Fee
3959,d2722109-c832-45ba-a1cd-28523c319250,Standard Selling Fee
3971,d2722109-c832-45ba-a1cd-28523c319250,Standard Selling Fee
3973,d2722109-c832-45ba-a1cd-28523c319250,Standard Selling Fee
3981,9ccfe96a-9348-44fe-9c55-fd8943768562,"Clothing, Shoes & Accessories"
4003,d2722109-c832-45ba-a1cd-28523c319250,Standard Selling Fee
4007,d2722109-c832-45ba-a1cd-28523c319250,Standard Selling Fee
4008,d2722109-c832-45ba-a1cd-28523c319250,Standard Selling Fee
4058,d2722109-c832-45ba-a1cd-28523c319250,Standard Selling Fee
4073,9ccfe96a-49ad-472d-95fb-3029dee54069,"Arts, Crafts & Sewing"
4077,9ccfe96a-49ad-472d-95fb-3029dee54069,"Arts, Crafts & Sewing"
4080,d2722109-c832-45ba-a1cd-28523c319250,Standard Selling Fee
4081,d2722109-c832-45ba-a1cd-28523c319250,Standard Selling Fee
4084,9ccfe96a-49ad-472d-95fb-3029dee54069,"Arts, Crafts & Sewing"
4086,d2722109-c832-45ba-a1cd-28523c319250,Standard Selling Fee
4114,9ccfe96a-49ad-472d-95fb-3029dee54069,"Arts, Crafts & Sewing"
4119,9ccfe96a-49ad-472d-95fb-3029dee54069,"Arts, Crafts & Sewing"
4120,d2722109-c832-45ba-a1cd-28523c319250,Standard Selling Fee
4129,9ccfe96a-49ad-472d-95fb-3029dee54069,"Arts, Crafts & Sewing"
4130,d2722109-c832-45ba-a1cd-28523c319250,Standard Selling Fee
4131,d2722109-c832-45ba-a1cd-28523c319250,Standard Selling Fee
4132,d2722109-c832-45ba-a1cd-28523c319250,Standard Selling Fee
4133,d2722109-c832-45ba-a1cd-28523c319250,Standard Selling Fee
4134,d2722109-c832-45ba-a1cd-28523c319250,Standard Selling Fee
4135,d2722109-c832-45ba-a1cd-28523c319250,Standard Selling Fee
4143,d2722109-c832-45ba-a1cd-28523c319250,Standard Selling Fee
4150,d2722109-c832-45ba-a1cd-28523c319250,Standard Selling Fee
4155,d2722109-c832-45ba-a1cd-28523c319250,Standard Selling Fee
4293,9ccfe96a-49ad-472d-95fb-3029dee54069,"Arts, Crafts & Sewing"
4294,9ccfe96a-49ad-472d-95fb-3029dee54069,"Arts, Crafts & Sewing"
4322,d2722109-c832-45ba-a1cd-28523c319250,Standard Selling Fee
4323,d2722109-c832-45ba-a1cd-28523c319250,Standard Selling Fee
4331,d2722109-c832-45ba-a1cd-28523c319250,Standard Selling Fee
4333,d2722109-c832-45ba-a1cd-28523c319250,Standard Selling Fee
4337,d2722109-c832-45ba-a1cd-28523c319250,Standard Selling Fee
4342,d2722109-c832-45ba-a1cd-28523c319250,Standard Selling Fee
4371,d2722109-c832-45ba-a1cd-28523c319250,Standard Selling Fee
4379,d2722109-c832-45ba-a1cd-28523c319250,Standard Selling Fee
4381,d2722109-c832-45ba-a1cd-28523c319250,Standard Selling Fee
4382,d2722109-c832-45ba-a1cd-28523c319250,Standard Selling Fee
4383,d2722109-c832-45ba-a1cd-28523c319250,Standard Selling Fee
4384,9ccfe96a-49ad-472d-95fb-3029dee54069,"Arts, Crafts & Sewing"
4385,d2722109-c832-45ba-a1cd-28523c319250,Standard Selling Fee
4386,d2722109-c832-45ba-a1cd-28523c319250,Standard Selling Fee
4387,9ccfe96a-49ad-472d-95fb-3029dee54069,"Arts, Crafts & Sewing"
4388,d2722109-c832-45ba-a1cd-28523c319250,Standard Selling Fee
4389,d2722109-c832-45ba-a1cd-28523c319250,Standard Selling Fee
4390,d2722109-c832-45ba-a1cd-28523c319250,Standard Selling Fee
4391,d2722109-c832-45ba-a1cd-28523c319250,Standard Selling Fee
4393,d2722109-c832-45ba-a1cd-28523c319250,Standard Selling Fee
4394,d2722109-c832-45ba-a1cd-28523c319250,Standard Selling Fee
4395,d2722109-c832-45ba-a1cd-28523c319250,Standard Selling Fee
4396,d2722109-c832-45ba-a1cd-28523c319250,Standard Selling Fee
4401,d2722109-c832-45ba-a1cd-28523c319250,Standard Selling Fee
4410,d2722109-c832-45ba-a1cd-28523c319250,Standard Selling Fee
4411,d2722109-c832-45ba-a1cd-28523c319250,Standard Selling Fee
4412,d2722109-c832-45ba-a1cd-28523c319250,Standard Selling Fee
4416,d2722109-c832-45ba-a1cd-28523c319250,Standard Selling Fee
4431,d2722109-c832-45ba-a1cd-28523c319250,Standard Selling Fee
4432,d2722109-c832-45ba-a1cd-28523c319250,Standard Selling Fee
4433,d2722109-c832-45ba-a1cd-28523c319250,Standard Selling Fee
4434,d2722109-c832-45ba-a1cd-28523c319250,Standard Selling Fee
4435,d2722109-c832-45ba-a1cd-28523c319250,Standard Selling Fee
4436,9ccfe96a-49ad-472d-95fb-3029dee54069,"Arts, Crafts & Sewing"
4437,d2722109-c832-45ba-a1cd-28523c319250,Standard Selling Fee
4438,d2722109-c832-45ba-a1cd-28523c319250,Standard Selling Fee
4439,9ccfe96a-49ad-472d-95fb-3029dee54069,"Arts, Crafts & Sewing"
4441,d2722109-c832-45ba-a1cd-28523c319250,Standard Selling Fee
4442,d2722109-c832-45ba-a1cd-28523c319250,Standard Selling Fee
4443,d2722109-c832-45ba-a1cd-28523c319250,Standard Selling Fee
4512,d2722109-c832-45ba-a1cd-28523c319250,Standard Selling Fee
4565,9ccfe96a-49ad-472d-95fb-3029dee54069,"Arts, Crafts & Sewing"
4566,d2722109-c832-45ba-a1cd-28523c319250,Standard Selling Fee
4713,d2722109-c832-45ba-a1cd-28523c319250,Standard Selling Fee
4714,9ccfe96a-49ad-472d-95fb-3029dee54069,"Arts, Crafts & Sewing"
4730,9ccfe96a-49ad-472d-95fb-3029dee54069,"Arts, Crafts & Sewing"
4731,d2722109-c832-45ba-a1cd-28523c319250,Standard Selling Fee
4738,d2722109-c832-45ba-a1cd-28523c319250,Standard Selling Fee
4739,d2722109-c832-45ba-a1cd-28523c319250,Standard Selling Fee
4740,d2722109-c832-45ba-a1cd-28523c319250,Standard Selling Fee
4741,d2722109-c832-45ba-a1cd-28523c319250,Standard Selling Fee
4742,d2722109-c832-45ba-a1cd-28523c319250,Standard Selling Fee
4743,d2722109-c832-45ba-a1cd-28523c319250,Standard Selling Fee
4744,d2722109-c832-45ba-a1cd-28523c319250,Standard Selling Fee
4769,9ccfe96a-49ad-472d-95fb-3029dee54069,"Arts, Crafts & Sewing"
4772,d2722109-c832-45ba-a1cd-28523c319250,Standard Selling Fee
4773,d2722109-c832-45ba-a1cd-28523c319250,Standard Selling Fee
4774,d2722109-c832-45ba-a1cd-28523c319250,Standard Selling Fee
4793,d2722109-c832-45ba-a1cd-28523c319250,Standard Selling Fee
4813,d2722109-c832-45ba-a1cd-28523c319250,Standard Selling Fee
4814,d2722109-c832-45ba-a1cd-28523c319250,Standard Selling Fee
4842,9ccfe96a-49ad-472d-95fb-3029dee54069,"Arts, Crafts & Sewing"
4843,9ccfe96a-49ad-472d-95fb-3029dee54069,"Arts, Crafts & Sewing"
4845,d2722109-c832-45ba-a1cd-28523c319250,Standard Selling Fee
4849,9ccfe96a-49ad-472d-95fb-3029dee54069,"Arts, Crafts & Sewing"
4850,9ccfe96a-49ad-472d-95fb-3029dee54069,"Arts, Crafts & Sewing"
4851,9ccfe96a-49ad-472d-95fb-3029dee54069,"Arts, Crafts & Sewing"
4852,9ccfe96a-49ad-472d-95fb-3029dee54069,"Arts, Crafts & Sewing"
4853,9ccfe96a-49ad-472d-95fb-3029dee54069,"Arts, Crafts & Sewing"
4854,9ccfe96a-49ad-472d-95fb-3029dee54069,"Arts, Crafts & Sewing"
4855,9ccfe96a-49ad-472d-95fb-3029dee54069,"Arts, Crafts & Sewing"
4857,9ccfe96a-82e7-4089-a9ff-f751e8c3cf93,DIY & Tools
4858,9ccfe96a-49ad-472d-95fb-3029dee54069,"Arts, Crafts & Sewing"
4860,9ccfe96a-49ad-472d-95fb-3029dee54069,"Arts, Crafts & Sewing"
4863,9ccfe96a-49ad-472d-95fb-3029dee54069,"Arts, Crafts & Sewing"
4865,d2722109-c832-45ba-a1cd-28523c319250,Standard Selling Fee
4867,d2722109-c832-45ba-a1cd-28523c319250,Standard Selling Fee
4875,9ccfe96a-49ad-472d-95fb-3029dee54069,"Arts, Crafts & Sewing"
4876,9ccfe96a-49ad-472d-95fb-3029dee54069,"Arts, Crafts & Sewing"
4877,9ccfe96a-49ad-472d-95fb-3029dee54069,"Arts, Crafts & Sewing"
4878,9ccfe96a-49ad-472d-95fb-3029dee54069,"Arts, Crafts & Sewing"
4879,9ccfe96a-49ad-472d-95fb-3029dee54069,"Arts, Crafts & Sewing"
4880,9ccfe96a-49ad-472d-95fb-3029dee54069,"Arts, Crafts & Sewing"
4883,9ccfe96a-49ad-472d-95fb-3029dee54069,"Arts, Crafts & Sewing"
4884,9ccfe96a-49ad-472d-95fb-3029dee54069,"Arts, Crafts & Sewing"
4885,9ccfe96a-49ad-472d-95fb-3029dee54069,"Arts, Crafts & Sewing"
4886,d2722109-c832-45ba-a1cd-28523c319250,Standard Selling Fee
4887,9ccfe96a-49ad-472d-95fb-3029dee54069,"Arts, Crafts & Sewing"
4892,d2722109-c832-45ba-a1cd-28523c319250,Standard Selling Fee
4893,d2722109-c832-45ba-a1cd-28523c319250,Standard Selling Fee
4898,d2722109-c832-45ba-a1cd-28523c319250,Standard Selling Fee
4948,9ccfe96a-49ad-472d-95fb-3029dee54069,"Arts, Crafts & Sewing"
4949,9ccfe96a-49ad-472d-95fb-3029dee54069,"Arts, Crafts & Sewing"
4950,d2722109-c832-45ba-a1cd-28523c319250,Standard Selling Fee
4951,d2722109-c832-45ba-a1cd-28523c319250,Standard Selling Fee
4952,d2722109-c832-45ba-a1cd-28523c319250,Standard Selling Fee
4953,d2722109-c832-45ba-a1cd-28523c319250,Standard Selling Fee
4955,d2722109-c832-45ba-a1cd-28523c319250,Standard Selling Fee
4957,d2722109-c832-45ba-a1cd-28523c319250,Standard Selling Fee
4959,d2722109-c832-45ba-a1cd-28523c319250,Standard Selling Fee
4960,d2722109-c832-45ba-a1cd-28523c319250,Standard Selling Fee
4961,d2722109-c832-45ba-a1cd-28523c319250,Standard Selling Fee
4962,d2722109-c832-45ba-a1cd-28523c319250,Standard Selling Fee
4963,d2722109-c832-45ba-a1cd-28523c319250,Standard Selling Fee
4964,d2722109-c832-45ba-a1cd-28523c319250,Standard Selling Fee
4965,9ccfe96a-49ad-472d-95fb-3029dee54069,"Arts, Crafts & Sewing"
4966,d2722109-c832-45ba-a1cd-28523c319250,Standard Selling Fee
4968,9ccfe96a-49ad-472d-95fb-3029dee54069,"Arts, Crafts & Sewing"
4970,d2722109-c832-45ba-a1cd-28523c319250,Standard Selling Fee
4971,9ccfe96a-49ad-472d-95fb-3029dee54069,"Arts, Crafts & Sewing"
4974,d2722109-c832-45ba-a1cd-28523c319250,Standard Selling Fee
4987,d2722109-c832-45ba-a1cd-28523c319250,Standard Selling Fee
4992,d2722109-c832-45ba-a1cd-28523c319250,Standard Selling Fee
4995,9ccfe96a-49ad-472d-95fb-3029dee54069,"Arts, Crafts & Sewing"
4996,d2722109-c832-45ba-a1cd-28523c319250,Standard Selling Fee
4997,d2722109-c832-45ba-a1cd-28523c319250,Standard Selling Fee
4998,d2722109-c832-45ba-a1cd-28523c319250,Standard Selling Fee
5000,d2722109-c832-45ba-a1cd-28523c319250,Standard Selling Fee
5004,9ccfe96a-49ad-472d-95fb-3029dee54069,"Arts, Crafts & Sewing"
5006,d2722109-c832-45ba-a1cd-28523c319250,Standard Selling Fee
5011,d2722109-c832-45ba-a1cd-28523c319250,Standard Selling Fee
5020,d2722109-c832-45ba-a1cd-28523c319250,Standard Selling Fee
5021,d2722109-c832-45ba-a1cd-28523c319250,Standard Selling Fee
5024,9ccfe96a-c425-4fd4-afa4-31a6fec9e365,Power Tools
5025,9ccfe96a-c425-4fd4-afa4-31a6fec9e365,Power Tools
5026,9ccfe96a-c425-4fd4-afa4-31a6fec9e365,Power Tools
5028,9ccfe96a-c425-4fd4-afa4-31a6fec9e365,Power Tools
5029,9ccfe96a-c425-4fd4-afa4-31a6fec9e365,Power Tools
5030,9ccfe96a-c425-4fd4-afa4-31a6fec9e365,Power Tools
5031,9ccfe96a-c425-4fd4-afa4-31a6fec9e365,Power Tools
5032,9ccfe96a-c425-4fd4-afa4-31a6fec9e365,Power Tools
5034,9ccfe96a-c425-4fd4-afa4-31a6fec9e365,Power Tools
5036,9ccfe96a-c425-4fd4-afa4-31a6fec9e365,Power Tools
5038,9ccfe96a-49ad-472d-95fb-3029dee54069,"Arts, Crafts & Sewing"
5039,9ccfe96a-49ad-472d-95fb-3029dee54069,"Arts, Crafts & Sewing"
5040,d2722109-c832-45ba-a1cd-28523c319250,Standard Selling Fee
5041,d2722109-c832-45ba-a1cd-28523c319250,Standard Selling Fee
5054,d2722109-c832-45ba-a1cd-28523c319250,Standard Selling Fee
5055,9ccfe96a-49ad-472d-95fb-3029dee54069,"Arts, Crafts & Sewing"
5056,9ccfe96a-49ad-472d-95fb-3029dee54069,"Arts, Crafts & Sewing"
5057,9ccfe96a-49ad-472d-95fb-3029dee54069,"Arts, Crafts & Sewing"
5059,9ccfe96a-49ad-472d-95fb-3029dee54069,"Arts, Crafts & Sewing"
5060,9ccfe96a-49ad-472d-95fb-3029dee54069,"Arts, Crafts & Sewing"
5061,9ccfe96a-49ad-472d-95fb-3029dee54069,"Arts, Crafts & Sewing"
5062,9ccfe96a-49ad-472d-95fb-3029dee54069,"Arts, Crafts & Sewing"
5063,9ccfe96a-49ad-472d-95fb-3029dee54069,"Arts, Crafts & Sewing"
5072,9ccfe96a-49ad-472d-95fb-3029dee54069,"Arts, Crafts & Sewing"
5073,9ccfe96a-49ad-472d-95fb-3029dee54069,"Arts, Crafts & Sewing"
5074,9ccfe96a-49ad-472d-95fb-3029dee54069,"Arts, Crafts & Sewing"
5075,9ccfe96a-49ad-472d-95fb-3029dee54069,"Arts, Crafts & Sewing"
5076,9ccfe96a-49ad-472d-95fb-3029dee54069,"Arts, Crafts & Sewing"
5077,9ccfe96a-49ad-472d-95fb-3029dee54069,"Arts, Crafts & Sewing"
5078,9ccfe96a-49ad-472d-95fb-3029dee54069,"Arts, Crafts & Sewing"
5079,9ccfe96a-49ad-472d-95fb-3029dee54069,"Arts, Crafts & Sewing"
5080,9ccfe96a-49ad-472d-95fb-3029dee54069,"Arts, Crafts & Sewing"
5081,9ccfe96a-49ad-472d-95fb-3029dee54069,"Arts, Crafts & Sewing"
5082,9ccfe96a-49ad-472d-95fb-3029dee54069,"Arts, Crafts & Sewing"
5083,9ccfe96a-49ad-472d-95fb-3029dee54069,"Arts, Crafts & Sewing"
5084,9ccfe96a-49ad-472d-95fb-3029dee54069,"Arts, Crafts & Sewing"
5085,9ccfe96a-49ad-472d-95fb-3029dee54069,"Arts, Crafts & Sewing"
5087,d2722109-c832-45ba-a1cd-28523c319250,Standard Selling Fee
5088,9ccfe96a-49ad-472d-95fb-3029dee54069,"Arts, Crafts & Sewing"
5089,9ccfe96a-49ad-472d-95fb-3029dee54069,"Arts, Crafts & Sewing"
5090,9ccfe96a-49ad-472d-95fb-3029dee54069,"Arts, Crafts & Sewing"
5091,9ccfe96a-49ad-472d-95fb-3029dee54069,"Arts, Crafts & Sewing"
5327,9ccfe96a-49ad-472d-95fb-3029dee54069,"Arts, Crafts & Sewing"
5328,d2722109-c832-45ba-a1cd-28523c319250,Standard Selling Fee
5354,9ccfe96a-49ad-472d-95fb-3029dee54069,"Arts, Crafts & Sewing"
5356,d2722109-c832-45ba-a1cd-28523c319250,Standard Selling Fee
5357,d2722109-c832-45ba-a1cd-28523c319250,Standard Selling Fee
5358,9ccfe96a-49ad-472d-95fb-3029dee54069,"Arts, Crafts & Sewing"
5359,d2722109-c832-45ba-a1cd-28523c319250,Standard Selling Fee
5360,d2722109-c832-45ba-a1cd-28523c319250,Standard Selling Fee
5361,d2722109-c832-45ba-a1cd-28523c319250,Standard Selling Fee
5363,d2722109-c832-45ba-a1cd-28523c319250,Standard Selling Fee
5364,d2722109-c832-45ba-a1cd-28523c319250,Standard Selling Fee
5367,d2722109-c832-45ba-a1cd-28523c319250,Standard Selling Fee
5368,d2722109-c832-45ba-a1cd-28523c319250,Standard Selling Fee
5369,d2722109-c832-45ba-a1cd-28523c319250,Standard Selling Fee
5373,d2722109-c832-45ba-a1cd-28523c319250,Standard Selling Fee
5374,d2722109-c832-45ba-a1cd-28523c319250,Standard Selling Fee
5375,d2722109-c832-45ba-a1cd-28523c319250,Standard Selling Fee
5378,9ccfe96a-49ad-472d-95fb-3029dee54069,"Arts, Crafts & Sewing"
5379,9ccfe96a-49ad-472d-95fb-3029dee54069,"Arts, Crafts & Sewing"
5380,d2722109-c832-45ba-a1cd-28523c319250,Standard Selling Fee
5381,d2722109-c832-45ba-a1cd-28523c319250,Standard Selling Fee
5382,d2722109-c832-45ba-a1cd-28523c319250,Standard Selling Fee
5383,9ccfe96a-49ad-472d-95fb-3029dee54069,"Arts, Crafts & Sewing"
5384,9ccfe96a-49ad-472d-95fb-3029dee54069,"Arts, Crafts & Sewing"
5385,d2722109-c832-45ba-a1cd-28523c319250,Standard Selling Fee
5386,d2722109-c832-45ba-a1cd-28523c319250,Standard Selling Fee
5387,d2722109-c832-45ba-a1cd-28523c319250,Standard Selling Fee
5388,d2722109-c832-45ba-a1cd-28523c319250,Standard Selling Fee
5389,d2722109-c832-45ba-a1cd-28523c319250,Standard Selling Fee
5390,d2722109-c832-45ba-a1cd-28523c319250,Standard Selling Fee
5391,d2722109-c832-45ba-a1cd-28523c319250,Standard Selling Fee
5393,d2722109-c832-45ba-a1cd-28523c319250,Standard Selling Fee
5394,d2722109-c832-45ba-a1cd-28523c319250,Standard Selling Fee
5395,d2722109-c832-45ba-a1cd-28523c319250,Standard Selling Fee
5396,d2722109-c832-45ba-a1cd-28523c319250,Standard Selling Fee
5397,9ccfe96a-49ad-472d-95fb-3029dee54069,"Arts, Crafts & Sewing"
5404,9ccfe96a-82e7-4089-a9ff-f751e8c3cf93,DIY & Tools
5405,9ccfe96a-82e7-4089-a9ff-f751e8c3cf93,DIY & Tools
5406,9ccfe96a-82e7-4089-a9ff-f751e8c3cf93,DIY & Tools
5417,9ccfe96a-82e7-4089-a9ff-f751e8c3cf93,DIY & Tools
5418,9ccfe96a-82e7-4089-a9ff-f751e8c3cf93,DIY & Tools
5419,9ccfe96a-82e7-4089-a9ff-f751e8c3cf93,DIY & Tools
5421,9ccfe96a-c425-4fd4-afa4-31a6fec9e365,Power Tools
5422,9ccfe96a-49ad-472d-95fb-3029dee54069,"Arts, Crafts & Sewing"
5423,9ccfe96a-82e7-4089-a9ff-f751e8c3cf93,DIY & Tools
5424,9ccfe96a-82e7-4089-a9ff-f751e8c3cf93,DIY & Tools
5425,9ccfe96a-82e7-4089-a9ff-f751e8c3cf93,DIY & Tools
5426,9ccfe96a-82e7-4089-a9ff-f751e8c3cf93,DIY & Tools
5427,9ccfe96a-82e7-4089-a9ff-f751e8c3cf93,DIY & Tools
5428,9ccfe96a-82e7-4089-a9ff-f751e8c3cf93,DIY & Tools
5429,9ccfe96a-82e7-4089-a9ff-f751e8c3cf93,DIY & Tools
5430,9ccfe96a-82e7-4089-a9ff-f751e8c3cf93,DIY & Tools
5432,9ccfe96a-82e7-4089-a9ff-f751e8c3cf93,DIY & Tools
5434,9ccfe96a-82e7-4089-a9ff-f751e8c3cf93,DIY & Tools
5435,9ccfe96a-82e7-4089-a9ff-f751e8c3cf93,DIY & Tools
5436,9ccfe96a-82e7-4089-a9ff-f751e8c3cf93,DIY & Tools
5438,9ccfe96a-82e7-4089-a9ff-f751e8c3cf93,DIY & Tools
5439,9ccfe96a-82e7-4089-a9ff-f751e8c3cf93,DIY & Tools
5440,9ccfe96a-82e7-4089-a9ff-f751e8c3cf93,DIY & Tools
5441,9ccfe96a-82e7-4089-a9ff-f751e8c3cf93,DIY & Tools
5442,9ccfe96a-82e7-4089-a9ff-f751e8c3cf93,DIY & Tools
5443,9ccfe96a-82e7-4089-a9ff-f751e8c3cf93,DIY & Tools
5446,9ccfe96a-82e7-4089-a9ff-f751e8c3cf93,DIY & Tools
5447,9ccfe96a-49ad-472d-95fb-3029dee54069,"Arts, Crafts & Sewing"
5448,9ccfe96a-82e7-4089-a9ff-f751e8c3cf93,DIY & Tools
5449,9ccfe96a-82e7-4089-a9ff-f751e8c3cf93,DIY & Tools
5450,9ccfe96a-82e7-4089-a9ff-f751e8c3cf93,DIY & Tools
5454,9ccfe96a-82e7-4089-a9ff-f751e8c3cf93,DIY & Tools
5461,9ccfe96a-82e7-4089-a9ff-f751e8c3cf93,DIY & Tools
5464,9ccfe96a-49ad-472d-95fb-3029dee54069,"Arts, Crafts & Sewing"
5466,d2722109-c832-45ba-a1cd-28523c319250,Standard Selling Fee
5532,9ccfe96a-6a76-4522-8337-bea4f660a8ce,Consumer Electronics
5533,9ccfe96a-6a76-4522-8337-bea4f660a8ce,Consumer Electronics
5537,d2722109-c832-45ba-a1cd-28523c319250,Standard Selling Fee
5538,d2722109-c832-45ba-a1cd-28523c319250,Standard Selling Fee
5540,d2722109-c832-45ba-a1cd-28523c319250,Standard Selling Fee
5543,d2722109-c832-45ba-a1cd-28523c319250,Standard Selling Fee
5553,9ccfe96a-49ad-472d-95fb-3029dee54069,"Arts, Crafts & Sewing"
5554,d2722109-c832-45ba-a1cd-28523c319250,Standard Selling Fee
5599,d2722109-c832-45ba-a1cd-28523c319250,Standard Selling Fee
5600,d2722109-c832-45ba-a1cd-28523c319250,Standard Selling Fee
5610,9ccfe96a-49ad-472d-95fb-3029dee54069,"Arts, Crafts & Sewing"
5611,d2722109-c832-45ba-a1cd-28523c319250,Standard Selling Fee
5614,d2722109-c832-45ba-a1cd-28523c319250,Standard Selling Fee
5615,d2722109-c832-45ba-a1cd-28523c319250,Standard Selling Fee
5622,d2722109-c832-45ba-a1cd-28523c319250,Standard Selling Fee
5624,d2722109-c832-45ba-a1cd-28523c319250,Standard Selling Fee
5628,d2722109-c832-45ba-a1cd-28523c319250,Standard Selling Fee
5629,d2722109-c832-45ba-a1cd-28523c319250,Standard Selling Fee
5630,d2722109-c832-45ba-a1cd-28523c319250,Standard Selling Fee
5674,d2722109-c832-45ba-a1cd-28523c319250,Standard Selling Fee
5676,d2722109-c832-45ba-a1cd-28523c319250,Standard Selling Fee
5677,9ccfe96a-49ad-472d-95fb-3029dee54069,"Arts, Crafts & Sewing"
5679,9ccfe96a-49ad-472d-95fb-3029dee54069,"Arts, Crafts & Sewing"
5685,9ccfe96a-82e7-4089-a9ff-f751e8c3cf93,DIY & Tools
5691,9ccfe96a-82e7-4089-a9ff-f751e8c3cf93,DIY & Tools
5692,9ccfe96a-82e7-4089-a9ff-f751e8c3cf93,DIY & Tools
5696,9ccfe96a-82e7-4089-a9ff-f751e8c3cf93,DIY & Tools
5699,9ccfe96a-82e7-4089-a9ff-f751e8c3cf93,DIY & Tools
5705,9ccfe96a-82e7-4089-a9ff-f751e8c3cf93,DIY & Tools
5706,9ccfe96a-82e7-4089-a9ff-f751e8c3cf93,DIY & Tools
5711,9ccfe96a-82e7-4089-a9ff-f751e8c3cf93,DIY & Tools
5712,9ccfe96a-82e7-4089-a9ff-f751e8c3cf93,DIY & Tools
5713,9ccfe96a-82e7-4089-a9ff-f751e8c3cf93,DIY & Tools
5714,9ccfe96a-82e7-4089-a9ff-f751e8c3cf93,DIY & Tools
5718,9ccfe96a-82e7-4089-a9ff-f751e8c3cf93,DIY & Tools
5738,9ccfe96a-82e7-4089-a9ff-f751e8c3cf93,DIY & Tools
5739,9ccfe96a-82e7-4089-a9ff-f751e8c3cf93,DIY & Tools
5750,9ccfe96a-82e7-4089-a9ff-f751e8c3cf93,DIY & Tools
5766,9ccfe96a-49ad-472d-95fb-3029dee54069,"Arts, Crafts & Sewing"
5789,9ccfe96a-49ad-472d-95fb-3029dee54069,"Arts, Crafts & Sewing"
5790,d2722109-c832-45ba-a1cd-28523c319250,Standard Selling Fee
5791,d2722109-c832-45ba-a1cd-28523c319250,Standard Selling Fee
5807,9ccfe96a-49ad-472d-95fb-3029dee54069,"Arts, Crafts & Sewing"
5808,9ccfe96a-49ad-472d-95fb-3029dee54069,"Arts, Crafts & Sewing"
5809,9ccfe96a-49ad-472d-95fb-3029dee54069,"Arts, Crafts & Sewing"
5812,d2722109-c832-45ba-a1cd-28523c319250,Standard Selling Fee
5814,d2722109-c832-45ba-a1cd-28523c319250,Standard Selling Fee
5815,9ccfe96a-49ad-472d-95fb-3029dee54069,"Arts, Crafts & Sewing"
5816,9ccfe96a-49ad-472d-95fb-3029dee54069,"Arts, Crafts & Sewing"
5817,d2722109-c832-45ba-a1cd-28523c319250,Standard Selling Fee
5818,d2722109-c832-45ba-a1cd-28523c319250,Standard Selling Fee
5819,d2722109-c832-45ba-a1cd-28523c319250,Standard Selling Fee
5820,d2722109-c832-45ba-a1cd-28523c319250,Standard Selling Fee
5821,9ccfe96a-49ad-472d-95fb-3029dee54069,"Arts, Crafts & Sewing"
5828,9ccfe96a-49ad-472d-95fb-3029dee54069,"Arts, Crafts & Sewing"
5833,d2722109-c832-45ba-a1cd-28523c319250,Standard Selling Fee
5834,9ccfe96a-49ad-472d-95fb-3029dee54069,"Arts, Crafts & Sewing"
5835,d2722109-c832-45ba-a1cd-28523c319250,Standard Selling Fee
5836,d2722109-c832-45ba-a1cd-28523c319250,Standard Selling Fee
5837,d2722109-c832-45ba-a1cd-28523c319250,Standard Selling Fee
5838,d2722109-c832-45ba-a1cd-28523c319250,Standard Selling Fee
5839,d2722109-c832-45ba-a1cd-28523c319250,Standard Selling Fee
5840,d2722109-c832-45ba-a1cd-28523c319250,Standard Selling Fee
5842,9ccfe96a-49ad-472d-95fb-3029dee54069,"Arts, Crafts & Sewing"
5843,d2722109-c832-45ba-a1cd-28523c319250,Standard Selling Fee
5844,d2722109-c832-45ba-a1cd-28523c319250,Standard Selling Fee
5845,d2722109-c832-45ba-a1cd-28523c319250,Standard Selling Fee
5846,d2722109-c832-45ba-a1cd-28523c319250,Standard Selling Fee
5848,9ccfe96a-49ad-472d-95fb-3029dee54069,"Arts, Crafts & Sewing"
5850,9ccfe96a-49ad-472d-95fb-3029dee54069,"Arts, Crafts & Sewing"
5852,9ccfe96a-49ad-472d-95fb-3029dee54069,"Arts, Crafts & Sewing"
5853,9ccfe96a-49ad-472d-95fb-3029dee54069,"Arts, Crafts & Sewing"
5854,9ccfe96a-49ad-472d-95fb-3029dee54069,"Arts, Crafts & Sewing"
5855,9ccfe96a-49ad-472d-95fb-3029dee54069,"Arts, Crafts & Sewing"
5856,d2722109-c832-45ba-a1cd-28523c319250,Standard Selling Fee
5857,9ccfe96a-49ad-472d-95fb-3029dee54069,"Arts, Crafts & Sewing"
5859,d2722109-c832-45ba-a1cd-28523c319250,Standard Selling Fee
5860,d2722109-c832-45ba-a1cd-28523c319250,Standard Selling Fee
5861,9ccfe96a-49ad-472d-95fb-3029dee54069,"Arts, Crafts & Sewing"
5862,d2722109-c832-45ba-a1cd-28523c319250,Standard Selling Fee
5863,9ccfe96a-49ad-472d-95fb-3029dee54069,"Arts, Crafts & Sewing"
5864,9ccfe96a-49ad-472d-95fb-3029dee54069,"Arts, Crafts & Sewing"
5865,9ccfe96a-49ad-472d-95fb-3029dee54069,"Arts, Crafts & Sewing"
5876,d2722109-c832-45ba-a1cd-28523c319250,Standard Selling Fee
5888,d2722109-c832-45ba-a1cd-28523c319250,Standard Selling Fee
5889,9ccfe96a-49ad-472d-95fb-3029dee54069,"Arts, Crafts & Sewing"
5890,9ccfe96a-49ad-472d-95fb-3029dee54069,"Arts, Crafts & Sewing"
5891,9ccfe96a-49ad-472d-95fb-3029dee54069,"Arts, Crafts & Sewing"
5892,9ccfe96a-49ad-472d-95fb-3029dee54069,"Arts, Crafts & Sewing"
5893,2d572e54-2fbd-4802-8e56-b577eb267e8b,Jewellery
5894,2d572e54-2fbd-4802-8e56-b577eb267e8b,Jewellery
5896,2d572e54-2fbd-4802-8e56-b577eb267e8b,Jewellery
5897,2d572e54-2fbd-4802-8e56-b577eb267e8b,Jewellery
5898,2d572e54-2fbd-4802-8e56-b577eb267e8b,Jewellery
5899,2d572e54-2fbd-4802-8e56-b577eb267e8b,Jewellery
5900,2d572e54-2fbd-4802-8e56-b577eb267e8b,Jewellery
5901,d2722109-c832-45ba-a1cd-28523c319250,Standard Selling Fee
5905,2d572e54-2fbd-4802-8e56-b577eb267e8b,Jewellery
5906,2d572e54-2fbd-4802-8e56-b577eb267e8b,Jewellery
5907,2d572e54-2fbd-4802-8e56-b577eb267e8b,Jewellery
5908,2d572e54-2fbd-4802-8e56-b577eb267e8b,Jewellery
5909,2d572e54-2fbd-4802-8e56-b577eb267e8b,Jewellery
5912,2d572e54-2fbd-4802-8e56-b577eb267e8b,Jewellery
5913,2d572e54-2fbd-4802-8e56-b577eb267e8b,Jewellery
5915,2d572e54-2fbd-4802-8e56-b577eb267e8b,Jewellery
5916,2d572e54-2fbd-4802-8e56-b577eb267e8b,Jewellery
5934,d2722109-c832-45ba-a1cd-28523c319250,Standard Selling Fee
5939,2d572e54-2fbd-4802-8e56-b577eb267e8b,Jewellery
5940,2d572e54-2fbd-4802-8e56-b577eb267e8b,Jewellery
5942,2d572e54-2fbd-4802-8e56-b577eb267e8b,Jewellery
5943,2d572e54-2fbd-4802-8e56-b577eb267e8b,Jewellery
5944,2d572e54-2fbd-4802-8e56-b577eb267e8b,Jewellery
5946,2d572e54-2fbd-4802-8e56-b577eb267e8b,Jewellery
5947,2d572e54-2fbd-4802-8e56-b577eb267e8b,Jewellery
5949,2d572e54-2fbd-4802-8e56-b577eb267e8b,Jewellery
5966,d2722109-c832-45ba-a1cd-28523c319250,Standard Selling Fee
5971,2d572e54-2fbd-4802-8e56-b577eb267e8b,Jewellery
5972,2d572e54-2fbd-4802-8e56-b577eb267e8b,Jewellery
5973,2d572e54-2fbd-4802-8e56-b577eb267e8b,Jewellery
5974,2d572e54-2fbd-4802-8e56-b577eb267e8b,Jewellery
5976,2d572e54-2fbd-4802-8e56-b577eb267e8b,Jewellery
5982,d2722109-c832-45ba-a1cd-28523c319250,Standard Selling Fee
5989,9ccfec3c-5f02-11ef-b54d-0242ac120003,Watches
6007,d2722109-c832-45ba-a1cd-28523c319250,Standard Selling Fee
6020,9ccfe96a-49ad-472d-95fb-3029dee54069,"Arts, Crafts & Sewing"
6021,9ccfe96a-49ad-472d-95fb-3029dee54069,"Arts, Crafts & Sewing"
6022,9ccfe96a-49ad-472d-95fb-3029dee54069,"Arts, Crafts & Sewing"
6023,9ccfe96a-49ad-472d-95fb-3029dee54069,"Arts, Crafts & Sewing"
6026,d2722109-c832-45ba-a1cd-28523c319250,Standard Selling Fee
6027,9ccfe96a-49ad-472d-95fb-3029dee54069,"Arts, Crafts & Sewing"
6028,d2722109-c832-45ba-a1cd-28523c319250,Standard Selling Fee
6029,d2722109-c832-45ba-a1cd-28523c319250,Standard Selling Fee
6031,d2722109-c832-45ba-a1cd-28523c319250,Standard Selling Fee
6032,d2722109-c832-45ba-a1cd-28523c319250,Standard Selling Fee
6033,d2722109-c832-45ba-a1cd-28523c319250,Standard Selling Fee
6035,9ccfe96a-49ad-472d-95fb-3029dee54069,"Arts, Crafts & Sewing"
6037,d2722109-c832-45ba-a1cd-28523c319250,Standard Selling Fee
6038,d2722109-c832-45ba-a1cd-28523c319250,Standard Selling Fee
6039,d2722109-c832-45ba-a1cd-28523c319250,Standard Selling Fee
6040,d2722109-c832-45ba-a1cd-28523c319250,Standard Selling Fee
6041,d2722109-c832-45ba-a1cd-28523c319250,Standard Selling Fee
6042,d2722109-c832-45ba-a1cd-28523c319250,Standard Selling Fee
6045,d2722109-c832-45ba-a1cd-28523c319250,Standard Selling Fee
6046,d2722109-c832-45ba-a1cd-28523c319250,Standard Selling Fee
6047,d2722109-c832-45ba-a1cd-28523c319250,Standard Selling Fee
6048,d2722109-c832-45ba-a1cd-28523c319250,Standard Selling Fee
6050,d2722109-c832-45ba-a1cd-28523c319250,Standard Selling Fee
6051,d2722109-c832-45ba-a1cd-28523c319250,Standard Selling Fee
6053,d2722109-c832-45ba-a1cd-28523c319250,Standard Selling Fee
6054,d2722109-c832-45ba-a1cd-28523c319250,Standard Selling Fee
6055,d2722109-c832-45ba-a1cd-28523c319250,Standard Selling Fee
6056,d2722109-c832-45ba-a1cd-28523c319250,Standard Selling Fee
6057,d2722109-c832-45ba-a1cd-28523c319250,Standard Selling Fee
6058,d2722109-c832-45ba-a1cd-28523c319250,Standard Selling Fee
6059,d2722109-c832-45ba-a1cd-28523c319250,Standard Selling Fee
6060,d2722109-c832-45ba-a1cd-28523c319250,Standard Selling Fee
6067,9ccfe96a-49ad-472d-95fb-3029dee54069,"Arts, Crafts & Sewing"
6068,d2722109-c832-45ba-a1cd-28523c319250,Standard Selling Fee
6072,d2722109-c832-45ba-a1cd-28523c319250,Standard Selling Fee
6073,d2722109-c832-45ba-a1cd-28523c319250,Standard Selling Fee
6087,d2722109-c832-45ba-a1cd-28523c319250,Standard Selling Fee
6088,d2722109-c832-45ba-a1cd-28523c319250,Standard Selling Fee
6099,d2722109-c832-45ba-a1cd-28523c319250,Standard Selling Fee
6100,d2722109-c832-45ba-a1cd-28523c319250,Standard Selling Fee
6103,d2722109-c832-45ba-a1cd-28523c319250,Standard Selling Fee
6110,d2722109-c832-45ba-a1cd-28523c319250,Standard Selling Fee
6111,d2722109-c832-45ba-a1cd-28523c319250,Standard Selling Fee
6112,d2722109-c832-45ba-a1cd-28523c319250,Standard Selling Fee
6116,d2722109-c832-45ba-a1cd-28523c319250,Standard Selling Fee
6125,d2722109-c832-45ba-a1cd-28523c319250,Standard Selling Fee
6126,d2722109-c832-45ba-a1cd-28523c319250,Standard Selling Fee
6127,d2722109-c832-45ba-a1cd-28523c319250,Standard Selling Fee
6176,d2722109-c832-45ba-a1cd-28523c319250,Standard Selling Fee
6178,d2722109-c832-45ba-a1cd-28523c319250,Standard Selling Fee
6179,d2722109-c832-45ba-a1cd-28523c319250,Standard Selling Fee
6181,d2722109-c832-45ba-a1cd-28523c319250,Standard Selling Fee
6206,9ccfe96a-49ad-472d-95fb-3029dee54069,"Arts, Crafts & Sewing"
6212,d2722109-c832-45ba-a1cd-28523c319250,Standard Selling Fee
6213,d2722109-c832-45ba-a1cd-28523c319250,Standard Selling Fee
6214,d2722109-c832-45ba-a1cd-28523c319250,Standard Selling Fee
6235,d2722109-c832-45ba-a1cd-28523c319250,Standard Selling Fee
6291,9ccfe96a-49ad-472d-95fb-3029dee54069,"Arts, Crafts & Sewing"
6292,9ccfe96a-49ad-472d-95fb-3029dee54069,"Arts, Crafts & Sewing"
6293,d2722109-c832-45ba-a1cd-28523c319250,Standard Selling Fee
6294,d2722109-c832-45ba-a1cd-28523c319250,Standard Selling Fee
6295,d2722109-c832-45ba-a1cd-28523c319250,Standard Selling Fee
6297,d2722109-c832-45ba-a1cd-28523c319250,Standard Selling Fee
6298,d2722109-c832-45ba-a1cd-28523c319250,Standard Selling Fee
6300,d2722109-c832-45ba-a1cd-28523c319250,Standard Selling Fee
6306,d2722109-c832-45ba-a1cd-28523c319250,Standard Selling Fee
6308,d2722109-c832-45ba-a1cd-28523c319250,Standard Selling Fee
6310,9ccfe96a-49ad-472d-95fb-3029dee54069,"Arts, Crafts & Sewing"
6312,9ccfe96a-49ad-472d-95fb-3029dee54069,"Arts, Crafts & Sewing"
6313,d2722109-c832-45ba-a1cd-28523c319250,Standard Selling Fee
6314,d2722109-c832-45ba-a1cd-28523c319250,Standard Selling Fee
6316,9ccfe96a-49ad-472d-95fb-3029dee54069,"Arts, Crafts & Sewing"
6317,d2722109-c832-45ba-a1cd-28523c319250,Standard Selling Fee
6319,d2722109-c832-45ba-a1cd-28523c319250,Standard Selling Fee
6320,d2722109-c832-45ba-a1cd-28523c319250,Standard Selling Fee
6321,d2722109-c832-45ba-a1cd-28523c319250,Standard Selling Fee
6322,d2722109-c832-45ba-a1cd-28523c319250,Standard Selling Fee
6323,d2722109-c832-45ba-a1cd-28523c319250,Standard Selling Fee
6324,d2722109-c832-45ba-a1cd-28523c319250,Standard Selling Fee
6326,9ccfe96a-49ad-472d-95fb-3029dee54069,"Arts, Crafts & Sewing"
6327,d2722109-c832-45ba-a1cd-28523c319250,Standard Selling Fee
6329,d2722109-c832-45ba-a1cd-28523c319250,Standard Selling Fee
6330,9ccfe96a-49ad-472d-95fb-3029dee54069,"Arts, Crafts & Sewing"
6332,d2722109-c832-45ba-a1cd-28523c319250,Standard Selling Fee
6335,d2722109-c832-45ba-a1cd-28523c319250,Standard Selling Fee
6339,d2722109-c832-45ba-a1cd-28523c319250,Standard Selling Fee
6342,d2722109-c832-45ba-a1cd-28523c319250,Standard Selling Fee
6343,9ccfe96a-49ad-472d-95fb-3029dee54069,"Arts, Crafts & Sewing"
6344,d2722109-c832-45ba-a1cd-28523c319250,Standard Selling Fee
6345,d2722109-c832-45ba-a1cd-28523c319250,Standard Selling Fee
6346,d2722109-c832-45ba-a1cd-28523c319250,Standard Selling Fee
6347,d2722109-c832-45ba-a1cd-28523c319250,Standard Selling Fee
6350,d2722109-c832-45ba-a1cd-28523c319250,Standard Selling Fee
6373,9ccfe96a-49ad-472d-95fb-3029dee54069,"Arts, Crafts & Sewing"
6374,9ccfe96a-49ad-472d-95fb-3029dee54069,"Arts, Crafts & Sewing"
6375,9ccfe96a-49ad-472d-95fb-3029dee54069,"Arts, Crafts & Sewing"
6376,9ccfe96a-82e7-4089-a9ff-f751e8c3cf93,DIY & Tools
6377,9ccfe96a-82e7-4089-a9ff-f751e8c3cf93,DIY & Tools
6379,9ccfe96a-82e7-4089-a9ff-f751e8c3cf93,DIY & Tools
6380,9ccfe96a-49ad-472d-95fb-3029dee54069,"Arts, Crafts & Sewing"
6381,9ccfe96a-49ad-472d-95fb-3029dee54069,"Arts, Crafts & Sewing"
6382,9ccfe96a-82e7-4089-a9ff-f751e8c3cf93,DIY & Tools
6383,9ccfe96a-49ad-472d-95fb-3029dee54069,"Arts, Crafts & Sewing"
6384,9ccfe96a-49ad-472d-95fb-3029dee54069,"Arts, Crafts & Sewing"
6387,9ccfe96a-82e7-4089-a9ff-f751e8c3cf93,DIY & Tools
6388,9ccfe96a-82e7-4089-a9ff-f751e8c3cf93,DIY & Tools
6389,9ccfe96a-82e7-4089-a9ff-f751e8c3cf93,DIY & Tools
6391,9ccfe96a-82e7-4089-a9ff-f751e8c3cf93,DIY & Tools
6392,9ccfe96a-82e7-4089-a9ff-f751e8c3cf93,DIY & Tools
6393,9ccfe96a-82e7-4089-a9ff-f751e8c3cf93,DIY & Tools
6394,9ccfe96a-82e7-4089-a9ff-f751e8c3cf93,DIY & Tools
6395,9ccfe96a-82e7-4089-a9ff-f751e8c3cf93,DIY & Tools
6396,9ccfe96a-82e7-4089-a9ff-f751e8c3cf93,DIY & Tools
6397,9ccfe96a-82e7-4089-a9ff-f751e8c3cf93,DIY & Tools
6398,9ccfe96a-82e7-4089-a9ff-f751e8c3cf93,DIY & Tools
6399,9ccfe96a-82e7-4089-a9ff-f751e8c3cf93,DIY & Tools
6400,9ccfe96a-82e7-4089-a9ff-f751e8c3cf93,DIY & Tools
6401,9ccfe96a-82e7-4089-a9ff-f751e8c3cf93,DIY & Tools
6402,9ccfe96a-82e7-4089-a9ff-f751e8c3cf93,DIY & Tools
6403,9ccfe96a-82e7-4089-a9ff-f751e8c3cf93,DIY & Tools
6404,9ccfe96a-82e7-4089-a9ff-f751e8c3cf93,DIY & Tools
6405,9ccfe96a-82e7-4089-a9ff-f751e8c3cf93,DIY & Tools
6406,9ccfe96a-82e7-4089-a9ff-f751e8c3cf93,DIY & Tools
6407,9ccfe96a-82e7-4089-a9ff-f751e8c3cf93,DIY & Tools
6408,9ccfe96a-82e7-4089-a9ff-f751e8c3cf93,DIY & Tools
6409,9ccfe96a-82e7-4089-a9ff-f751e8c3cf93,DIY & Tools
6410,9ccfe96a-82e7-4089-a9ff-f751e8c3cf93,DIY & Tools
6411,9ccfe96a-82e7-4089-a9ff-f751e8c3cf93,DIY & Tools
6412,d2722109-c832-45ba-a1cd-28523c319250,Standard Selling Fee
6413,9ccfe96a-82e7-4089-a9ff-f751e8c3cf93,DIY & Tools
6414,9ccfe96a-82e7-4089-a9ff-f751e8c3cf93,DIY & Tools
6415,9ccfe96a-82e7-4089-a9ff-f751e8c3cf93,DIY & Tools
6416,9ccfe96a-82e7-4089-a9ff-f751e8c3cf93,DIY & Tools
6417,9ccfe96a-82e7-4089-a9ff-f751e8c3cf93,DIY & Tools
6418,9ccfe96a-49ad-472d-95fb-3029dee54069,"Arts, Crafts & Sewing"
6419,d2722109-c832-45ba-a1cd-28523c319250,Standard Selling Fee
6421,9ccfe96a-49ad-472d-95fb-3029dee54069,"Arts, Crafts & Sewing"
6423,9ccfe96a-49ad-472d-95fb-3029dee54069,"Arts, Crafts & Sewing"
6425,d2722109-c832-45ba-a1cd-28523c319250,Standard Selling Fee
6427,d2722109-c832-45ba-a1cd-28523c319250,Standard Selling Fee
6439,d2722109-c832-45ba-a1cd-28523c319250,Standard Selling Fee
6441,d2722109-c832-45ba-a1cd-28523c319250,Standard Selling Fee
6447,d2722109-c832-45ba-a1cd-28523c319250,Standard Selling Fee
6450,d2722109-c832-45ba-a1cd-28523c319250,Standard Selling Fee
6451,d2722109-c832-45ba-a1cd-28523c319250,Standard Selling Fee
6453,d2722109-c832-45ba-a1cd-28523c319250,Standard Selling Fee
6454,d2722109-c832-45ba-a1cd-28523c319250,Standard Selling Fee
6455,d2722109-c832-45ba-a1cd-28523c319250,Standard Selling Fee
6456,d2722109-c832-45ba-a1cd-28523c319250,Standard Selling Fee
6457,d2722109-c832-45ba-a1cd-28523c319250,Standard Selling Fee
6459,d2722109-c832-45ba-a1cd-28523c319250,Standard Selling Fee
6460,d2722109-c832-45ba-a1cd-28523c319250,Standard Selling Fee
6462,d2722109-c832-45ba-a1cd-28523c319250,Standard Selling Fee
6464,d2722109-c832-45ba-a1cd-28523c319250,Standard Selling Fee
6465,d2722109-c832-45ba-a1cd-28523c319250,Standard Selling Fee
6466,d2722109-c832-45ba-a1cd-28523c319250,Standard Selling Fee
6468,d2722109-c832-45ba-a1cd-28523c319250,Standard Selling Fee
6488,9ccfe96a-49ad-472d-95fb-3029dee54069,"Arts, Crafts & Sewing"
6498,9ccfe96a-49ad-472d-95fb-3029dee54069,"Arts, Crafts & Sewing"
6499,9ccfe96a-49ad-472d-95fb-3029dee54069,"Arts, Crafts & Sewing"
6500,d2722109-c832-45ba-a1cd-28523c319250,Standard Selling Fee
6501,d2722109-c832-45ba-a1cd-28523c319250,Standard Selling Fee
6503,d2722109-c832-45ba-a1cd-28523c319250,Standard Selling Fee
6505,9ccfe96a-82e7-4089-a9ff-f751e8c3cf93,DIY & Tools
6509,d2722109-c832-45ba-a1cd-28523c319250,Standard Selling Fee
6511,9ccfe96a-49ad-472d-95fb-3029dee54069,"Arts, Crafts & Sewing"
6513,9ccfe96a-49ad-472d-95fb-3029dee54069,"Arts, Crafts & Sewing"
6515,9ccfe96a-82e7-4089-a9ff-f751e8c3cf93,DIY & Tools
6538,d2722109-c832-45ba-a1cd-28523c319250,Standard Selling Fee
6539,d2722109-c832-45ba-a1cd-28523c319250,Standard Selling Fee
6546,9ccfe96a-49ad-472d-95fb-3029dee54069,"Arts, Crafts & Sewing"
6547,9ccfe96a-49ad-472d-95fb-3029dee54069,"Arts, Crafts & Sewing"
6548,d2722109-c832-45ba-a1cd-28523c319250,Standard Selling Fee
6549,d2722109-c832-45ba-a1cd-28523c319250,Standard Selling Fee
6556,d2722109-c832-45ba-a1cd-28523c319250,Standard Selling Fee
6562,d2722109-c832-45ba-a1cd-28523c319250,Standard Selling Fee
6563,d2722109-c832-45ba-a1cd-28523c319250,Standard Selling Fee
6564,d2722109-c832-45ba-a1cd-28523c319250,Standard Selling Fee
6568,d2722109-c832-45ba-a1cd-28523c319250,Standard Selling Fee
6573,d2722109-c832-45ba-a1cd-28523c319250,Standard Selling Fee
6576,d2722109-c832-45ba-a1cd-28523c319250,Standard Selling Fee
6577,d2722109-c832-45ba-a1cd-28523c319250,Standard Selling Fee
6578,d2722109-c832-45ba-a1cd-28523c319250,Standard Selling Fee
6579,d2722109-c832-45ba-a1cd-28523c319250,Standard Selling Fee
6580,d2722109-c832-45ba-a1cd-28523c319250,Standard Selling Fee
6583,d2722109-c832-45ba-a1cd-28523c319250,Standard Selling Fee
6584,d2722109-c832-45ba-a1cd-28523c319250,Standard Selling Fee
6585,d2722109-c832-45ba-a1cd-28523c319250,Standard Selling Fee
6586,d2722109-c832-45ba-a1cd-28523c319250,Standard Selling Fee
6587,d2722109-c832-45ba-a1cd-28523c319250,Standard Selling Fee
6588,d2722109-c832-45ba-a1cd-28523c319250,Standard Selling Fee
6589,d2722109-c832-45ba-a1cd-28523c319250,Standard Selling Fee
6590,d2722109-c832-45ba-a1cd-28523c319250,Standard Selling Fee
6591,d2722109-c832-45ba-a1cd-28523c319250,Standard Selling Fee
6592,d2722109-c832-45ba-a1cd-28523c319250,Standard Selling Fee
6593,d2722109-c832-45ba-a1cd-28523c319250,Standard Selling Fee
6594,d2722109-c832-45ba-a1cd-28523c319250,Standard Selling Fee
6597,d2722109-c832-45ba-a1cd-28523c319250,Standard Selling Fee
6599,d2722109-c832-45ba-a1cd-28523c319250,Standard Selling Fee
6600,9ccfe96a-fc67-4dfe-83f7-42eabdab9081,Musical Instruments & DJ
6601,d2722109-c832-45ba-a1cd-28523c319250,Standard Selling Fee
6602,d2722109-c832-45ba-a1cd-28523c319250,Standard Selling Fee
6605,d2722109-c832-45ba-a1cd-28523c319250,Standard Selling Fee
6606,d2722109-c832-45ba-a1cd-28523c319250,Standard Selling Fee
6608,d2722109-c832-45ba-a1cd-28523c319250,Standard Selling Fee
6610,d2722109-c832-45ba-a1cd-28523c319250,Standard Selling Fee
6612,d2722109-c832-45ba-a1cd-28523c319250,Standard Selling Fee
6619,d2722109-c832-45ba-a1cd-28523c319250,Standard Selling Fee
6746,d2722109-c832-45ba-a1cd-28523c319250,Standard Selling Fee
6749,d2722109-c832-45ba-a1cd-28523c319250,Standard Selling Fee
6750,d2722109-c832-45ba-a1cd-28523c319250,Standard Selling Fee
6751,9ccfe96a-49ad-472d-95fb-3029dee54069,"Arts, Crafts & Sewing"
6752,d2722109-c832-45ba-a1cd-28523c319250,Standard Selling Fee
6753,9ccfe96a-49ad-472d-95fb-3029dee54069,"Arts, Crafts & Sewing"
6754,d2722109-c832-45ba-a1cd-28523c319250,Standard Selling Fee
6755,9ccfe96a-49ad-472d-95fb-3029dee54069,"Arts, Crafts & Sewing"
6756,9ccfe96a-49ad-472d-95fb-3029dee54069,"Arts, Crafts & Sewing"
6757,d2722109-c832-45ba-a1cd-28523c319250,Standard Selling Fee
6759,d2722109-c832-45ba-a1cd-28523c319250,Standard Selling Fee
6760,d2722109-c832-45ba-a1cd-28523c319250,Standard Selling Fee
6761,9ccfe96a-49ad-472d-95fb-3029dee54069,"Arts, Crafts & Sewing"
6789,d2722109-c832-45ba-a1cd-28523c319250,Standard Selling Fee
6790,d2722109-c832-45ba-a1cd-28523c319250,Standard Selling Fee
6791,d2722109-c832-45ba-a1cd-28523c319250,Standard Selling Fee
6792,d2722109-c832-45ba-a1cd-28523c319250,Standard Selling Fee
6809,d2722109-c832-45ba-a1cd-28523c319250,Standard Selling Fee
6815,d2722109-c832-45ba-a1cd-28523c319250,Standard Selling Fee
6817,d2722109-c832-45ba-a1cd-28523c319250,Standard Selling Fee
6818,d2722109-c832-45ba-a1cd-28523c319250,Standard Selling Fee
6820,d2722109-c832-45ba-a1cd-28523c319250,Standard Selling Fee
6825,9ccfe96a-49ad-472d-95fb-3029dee54069,"Arts, Crafts & Sewing"
6827,9ccfe96a-49ad-472d-95fb-3029dee54069,"Arts, Crafts & Sewing"
6840,9ccfe96a-49ad-472d-95fb-3029dee54069,"Arts, Crafts & Sewing"
6843,d2722109-c832-45ba-a1cd-28523c319250,Standard Selling Fee
6844,d2722109-c832-45ba-a1cd-28523c319250,Standard Selling Fee
6847,d2722109-c832-45ba-a1cd-28523c319250,Standard Selling Fee
6849,9ccfe96a-49ad-472d-95fb-3029dee54069,"Arts, Crafts & Sewing"
6851,9ccfe96a-82e7-4089-a9ff-f751e8c3cf93,DIY & Tools
6859,d2722109-c832-45ba-a1cd-28523c319250,Standard Selling Fee
6863,d2722109-c832-45ba-a1cd-28523c319250,Standard Selling Fee
6866,d2722109-c832-45ba-a1cd-28523c319250,Standard Selling Fee
6867,d2722109-c832-45ba-a1cd-28523c319250,Standard Selling Fee
6873,9ccfe96a-49ad-472d-95fb-3029dee54069,"Arts, Crafts & Sewing"
6876,d2722109-c832-45ba-a1cd-28523c319250,Standard Selling Fee
6878,d2722109-c832-45ba-a1cd-28523c319250,Standard Selling Fee
6881,d2722109-c832-45ba-a1cd-28523c319250,Standard Selling Fee
6905,d2722109-c832-45ba-a1cd-28523c319250,Standard Selling Fee
6935,d2722109-c832-45ba-a1cd-28523c319250,Standard Selling Fee
6936,d2722109-c832-45ba-a1cd-28523c319250,Standard Selling Fee
6938,d2722109-c832-45ba-a1cd-28523c319250,Standard Selling Fee
6941,d2722109-c832-45ba-a1cd-28523c319250,Standard Selling Fee
6946,9ccfe96a-49ad-472d-95fb-3029dee54069,"Arts, Crafts & Sewing"
6958,d2722109-c832-45ba-a1cd-28523c319250,Standard Selling Fee
6960,d2722109-c832-45ba-a1cd-28523c319250,Standard Selling Fee
6971,d2722109-c832-45ba-a1cd-28523c319250,Standard Selling Fee
6975,d2722109-c832-45ba-a1cd-28523c319250,Standard Selling Fee
6977,d2722109-c832-45ba-a1cd-28523c319250,Standard Selling Fee
6978,d2722109-c832-45ba-a1cd-28523c319250,Standard Selling Fee
6983,d2722109-c832-45ba-a1cd-28523c319250,Standard Selling Fee
6989,d2722109-c832-45ba-a1cd-28523c319250,Standard Selling Fee
7001,d2722109-c832-45ba-a1cd-28523c319250,Standard Selling Fee
7003,d2722109-c832-45ba-a1cd-28523c319250,Standard Selling Fee
7005,d2722109-c832-45ba-a1cd-28523c319250,Standard Selling Fee
7013,d2722109-c832-45ba-a1cd-28523c319250,Standard Selling Fee
7014,d2722109-c832-45ba-a1cd-28523c319250,Standard Selling Fee
7020,9ccfe96a-82e7-4089-a9ff-f751e8c3cf93,DIY & Tools
7025,d2722109-c832-45ba-a1cd-28523c319250,Standard Selling Fee
7093,d2722109-c832-45ba-a1cd-28523c319250,Standard Selling Fee
7107,d2722109-c832-45ba-a1cd-28523c319250,Standard Selling Fee
7166,d2722109-c832-45ba-a1cd-28523c319250,Standard Selling Fee
7167,d2722109-c832-45ba-a1cd-28523c319250,Standard Selling Fee
7168,d2722109-c832-45ba-a1cd-28523c319250,Standard Selling Fee
7169,d2722109-c832-45ba-a1cd-28523c319250,Standard Selling Fee
7189,d2722109-c832-45ba-a1cd-28523c319250,Standard Selling Fee
7190,d2722109-c832-45ba-a1cd-28523c319250,Standard Selling Fee
7194,d2722109-c832-45ba-a1cd-28523c319250,Standard Selling Fee
7196,d2722109-c832-45ba-a1cd-28523c319250,Standard Selling Fee
7197,d2722109-c832-45ba-a1cd-28523c319250,Standard Selling Fee
7205,9ccfe96a-49ad-472d-95fb-3029dee54069,"Arts, Crafts & Sewing"
7219,d2722109-c832-45ba-a1cd-28523c319250,Standard Selling Fee
7220,d2722109-c832-45ba-a1cd-28523c319250,Standard Selling Fee
7229,d2722109-c832-45ba-a1cd-28523c319250,Standard Selling Fee
7230,d2722109-c832-45ba-a1cd-28523c319250,Standard Selling Fee
7231,d2722109-c832-45ba-a1cd-28523c319250,Standard Selling Fee
7233,d2722109-c832-45ba-a1cd-28523c319250,Standard Selling Fee
7234,d2722109-c832-45ba-a1cd-28523c319250,Standard Selling Fee
7235,d2722109-c832-45ba-a1cd-28523c319250,Standard Selling Fee
7248,d2722109-c832-45ba-a1cd-28523c319250,Standard Selling Fee
7249,d2722109-c832-45ba-a1cd-28523c319250,Standard Selling Fee
7250,d2722109-c832-45ba-a1cd-28523c319250,Standard Selling Fee
7252,9ccfe96a-49ad-472d-95fb-3029dee54069,"Arts, Crafts & Sewing"
7279,d2722109-c832-45ba-a1cd-28523c319250,Standard Selling Fee
7280,d2722109-c832-45ba-a1cd-28523c319250,Standard Selling Fee
7281,d2722109-c832-45ba-a1cd-28523c319250,Standard Selling Fee
7282,d2722109-c832-45ba-a1cd-28523c319250,Standard Selling Fee
7284,d2722109-c832-45ba-a1cd-28523c319250,Standard Selling Fee
7285,d2722109-c832-45ba-a1cd-28523c319250,Standard Selling Fee
7286,d2722109-c832-45ba-a1cd-28523c319250,Standard Selling Fee
7287,9ccfe96a-49ad-472d-95fb-3029dee54069,"Arts, Crafts & Sewing"
7288,9ccfe96a-49ad-472d-95fb-3029dee54069,"Arts, Crafts & Sewing"
7289,9ccfe96a-49ad-472d-95fb-3029dee54069,"Arts, Crafts & Sewing"
7290,d2722109-c832-45ba-a1cd-28523c319250,Standard Selling Fee
7292,9ccfe96a-49ad-472d-95fb-3029dee54069,"Arts, Crafts & Sewing"
7293,d2722109-c832-45ba-a1cd-28523c319250,Standard Selling Fee
7294,d2722109-c832-45ba-a1cd-28523c319250,Standard Selling Fee
7295,d2722109-c832-45ba-a1cd-28523c319250,Standard Selling Fee
7296,d2722109-c832-45ba-a1cd-28523c319250,Standard Selling Fee
7297,d2722109-c832-45ba-a1cd-28523c319250,Standard Selling Fee
7298,d2722109-c832-45ba-a1cd-28523c319250,Standard Selling Fee
7299,d2722109-c832-45ba-a1cd-28523c319250,Standard Selling Fee
7300,d2722109-c832-45ba-a1cd-28523c319250,Standard Selling Fee
7321,d2722109-c832-45ba-a1cd-28523c319250,Standard Selling Fee
7322,d2722109-c832-45ba-a1cd-28523c319250,Standard Selling Fee
7354,d2722109-c832-45ba-a1cd-28523c319250,Standard Selling Fee
7356,d2722109-c832-45ba-a1cd-28523c319250,Standard Selling Fee
7357,d2722109-c832-45ba-a1cd-28523c319250,Standard Selling Fee
7358,d2722109-c832-45ba-a1cd-28523c319250,Standard Selling Fee
7359,d2722109-c832-45ba-a1cd-28523c319250,Standard Selling Fee
7362,d2722109-c832-45ba-a1cd-28523c319250,Standard Selling Fee
7363,d2722109-c832-45ba-a1cd-28523c319250,Standard Selling Fee
7365,d2722109-c832-45ba-a1cd-28523c319250,Standard Selling Fee
7366,d2722109-c832-45ba-a1cd-28523c319250,Standard Selling Fee
7367,d2722109-c832-45ba-a1cd-28523c319250,Standard Selling Fee
7368,d2722109-c832-45ba-a1cd-28523c319250,Standard Selling Fee
7370,d2722109-c832-45ba-a1cd-28523c319250,Standard Selling Fee
7371,d2722109-c832-45ba-a1cd-28523c319250,Standard Selling Fee
7372,d2722109-c832-45ba-a1cd-28523c319250,Standard Selling Fee
7373,d2722109-c832-45ba-a1cd-28523c319250,Standard Selling Fee
7374,d2722109-c832-45ba-a1cd-28523c319250,Standard Selling Fee
7409,d2722109-c832-45ba-a1cd-28523c319250,Standard Selling Fee
7410,d2722109-c832-45ba-a1cd-28523c319250,Standard Selling Fee
7411,d2722109-c832-45ba-a1cd-28523c319250,Standard Selling Fee
7412,d2722109-c832-45ba-a1cd-28523c319250,Standard Selling Fee
7413,d2722109-c832-45ba-a1cd-28523c319250,Standard Selling Fee
7414,d2722109-c832-45ba-a1cd-28523c319250,Standard Selling Fee
7415,d2722109-c832-45ba-a1cd-28523c319250,Standard Selling Fee
7416,d2722109-c832-45ba-a1cd-28523c319250,Standard Selling Fee
7417,d2722109-c832-45ba-a1cd-28523c319250,Standard Selling Fee
7418,9ccfe96a-49ad-472d-95fb-3029dee54069,"Arts, Crafts & Sewing"
7419,d2722109-c832-45ba-a1cd-28523c319250,Standard Selling Fee
7420,d2722109-c832-45ba-a1cd-28523c319250,Standard Selling Fee
7421,d2722109-c832-45ba-a1cd-28523c319250,Standard Selling Fee
7422,d2722109-c832-45ba-a1cd-28523c319250,Standard Selling Fee
7423,d2722109-c832-45ba-a1cd-28523c319250,Standard Selling Fee
7424,d2722109-c832-45ba-a1cd-28523c319250,Standard Selling Fee
7425,d2722109-c832-45ba-a1cd-28523c319250,Standard Selling Fee
7426,d2722109-c832-45ba-a1cd-28523c319250,Standard Selling Fee
7427,d2722109-c832-45ba-a1cd-28523c319250,Standard Selling Fee
7519,d2722109-c832-45ba-a1cd-28523c319250,Standard Selling Fee
7520,d2722109-c832-45ba-a1cd-28523c319250,Standard Selling Fee
7521,d2722109-c832-45ba-a1cd-28523c319250,Standard Selling Fee
7541,9ccfe96a-49ad-472d-95fb-3029dee54069,"Arts, Crafts & Sewing"
7542,9ccfe96a-49ad-472d-95fb-3029dee54069,"Arts, Crafts & Sewing"
7543,d2722109-c832-45ba-a1cd-28523c319250,Standard Selling Fee
7550,d2722109-c832-45ba-a1cd-28523c319250,Standard Selling Fee
7551,9ccfe96a-49ad-472d-95fb-3029dee54069,"Arts, Crafts & Sewing"
7552,d2722109-c832-45ba-a1cd-28523c319250,Standard Selling Fee
7553,d2722109-c832-45ba-a1cd-28523c319250,Standard Selling Fee
7556,d2722109-c832-45ba-a1cd-28523c319250,Standard Selling Fee
7557,d2722109-c832-45ba-a1cd-28523c319250,Standard Selling Fee
7561,d2722109-c832-45ba-a1cd-28523c319250,Standard Selling Fee
7576,9ccfe96a-49ad-472d-95fb-3029dee54069,"Arts, Crafts & Sewing"
7577,d2722109-c832-45ba-a1cd-28523c319250,Standard Selling Fee
7580,9ccfe96a-49ad-472d-95fb-3029dee54069,"Arts, Crafts & Sewing"
7581,9ccfe96a-49ad-472d-95fb-3029dee54069,"Arts, Crafts & Sewing"
7590,d2722109-c832-45ba-a1cd-28523c319250,Standard Selling Fee
7593,9ccfe96a-49ad-472d-95fb-3029dee54069,"Arts, Crafts & Sewing"
7598,9ccfe96a-49ad-472d-95fb-3029dee54069,"Arts, Crafts & Sewing"
7599,d2722109-c832-45ba-a1cd-28523c319250,Standard Selling Fee
7600,d2722109-c832-45ba-a1cd-28523c319250,Standard Selling Fee
7601,9ccfe96a-49ad-472d-95fb-3029dee54069,"Arts, Crafts & Sewing"
7603,d2722109-c832-45ba-a1cd-28523c319250,Standard Selling Fee
7606,9ccfe96a-49ad-472d-95fb-3029dee54069,"Arts, Crafts & Sewing"
7607,d2722109-c832-45ba-a1cd-28523c319250,Standard Selling Fee
7609,d2722109-c832-45ba-a1cd-28523c319250,Standard Selling Fee
7610,d2722109-c832-45ba-a1cd-28523c319250,Standard Selling Fee
7612,9ccfe96a-49ad-472d-95fb-3029dee54069,"Arts, Crafts & Sewing"
7613,9ccfe96a-49ad-472d-95fb-3029dee54069,"Arts, Crafts & Sewing"
7635,d2722109-c832-45ba-a1cd-28523c319250,Standard Selling Fee
7638,d2722109-c832-45ba-a1cd-28523c319250,Standard Selling Fee
7643,9ccfe96a-49ad-472d-95fb-3029dee54069,"Arts, Crafts & Sewing"
7666,9ccfe96a-49ad-472d-95fb-3029dee54069,"Arts, Crafts & Sewing"
7667,d2722109-c832-45ba-a1cd-28523c319250,Standard Selling Fee
7668,d2722109-c832-45ba-a1cd-28523c319250,Standard Selling Fee
7671,d2722109-c832-45ba-a1cd-28523c319250,Standard Selling Fee
7672,d2722109-c832-45ba-a1cd-28523c319250,Standard Selling Fee
7673,d2722109-c832-45ba-a1cd-28523c319250,Standard Selling Fee
7674,d2722109-c832-45ba-a1cd-28523c319250,Standard Selling Fee
7675,9ccfe96a-49ad-472d-95fb-3029dee54069,"Arts, Crafts & Sewing"
7692,d2722109-c832-45ba-a1cd-28523c319250,Standard Selling Fee
7694,d2722109-c832-45ba-a1cd-28523c319250,Standard Selling Fee
7697,d2722109-c832-45ba-a1cd-28523c319250,Standard Selling Fee
7698,d2722109-c832-45ba-a1cd-28523c319250,Standard Selling Fee
7699,9ccfe96a-fc67-4dfe-83f7-42eabdab9081,Musical Instruments & DJ
7701,d2722109-c832-45ba-a1cd-28523c319250,Standard Selling Fee
7712,9ccfe96a-49ad-472d-95fb-3029dee54069,"Arts, Crafts & Sewing"
7713,9ccfe96a-49ad-472d-95fb-3029dee54069,"Arts, Crafts & Sewing"
7714,9ccfe96a-82e7-4089-a9ff-f751e8c3cf93,DIY & Tools
7717,9ccfe96a-82e7-4089-a9ff-f751e8c3cf93,DIY & Tools
7719,9ccfe96a-82e7-4089-a9ff-f751e8c3cf93,DIY & Tools
7720,9ccfe96a-82e7-4089-a9ff-f751e8c3cf93,DIY & Tools
7721,9ccfe96a-82e7-4089-a9ff-f751e8c3cf93,DIY & Tools
7725,d2722109-c832-45ba-a1cd-28523c319250,Standard Selling Fee
7728,9ccfe96a-49ad-472d-95fb-3029dee54069,"Arts, Crafts & Sewing"
7732,d2722109-c832-45ba-a1cd-28523c319250,Standard Selling Fee
7737,d2722109-c832-45ba-a1cd-28523c319250,Standard Selling Fee
7747,9ccfe96a-49ad-472d-95fb-3029dee54069,"Arts, Crafts & Sewing"
7749,d2722109-c832-45ba-a1cd-28523c319250,Standard Selling Fee
7754,d2722109-c832-45ba-a1cd-28523c319250,Standard Selling Fee
7763,d2722109-c832-45ba-a1cd-28523c319250,Standard Selling Fee
7808,d2722109-c832-45ba-a1cd-28523c319250,Standard Selling Fee
7809,9ccfe96a-49ad-472d-95fb-3029dee54069,"Arts, Crafts & Sewing"
7816,9ccfe96a-49ad-472d-95fb-3029dee54069,"Arts, Crafts & Sewing"
7830,9ccfe96a-49ad-472d-95fb-3029dee54069,"Arts, Crafts & Sewing"
7845,d2722109-c832-45ba-a1cd-28523c319250,Standard Selling Fee
7847,d2722109-c832-45ba-a1cd-28523c319250,Standard Selling Fee
7849,d2722109-c832-45ba-a1cd-28523c319250,Standard Selling Fee
7850,d2722109-c832-45ba-a1cd-28523c319250,Standard Selling Fee
7851,d2722109-c832-45ba-a1cd-28523c319250,Standard Selling Fee
7852,d2722109-c832-45ba-a1cd-28523c319250,Standard Selling Fee
7853,d2722109-c832-45ba-a1cd-28523c319250,Standard Selling Fee
7855,d2722109-c832-45ba-a1cd-28523c319250,Standard Selling Fee
7858,d2722109-c832-45ba-a1cd-28523c319250,Standard Selling Fee
7860,d2722109-c832-45ba-a1cd-28523c319250,Standard Selling Fee
7861,d2722109-c832-45ba-a1cd-28523c319250,Standard Selling Fee
7863,d2722109-c832-45ba-a1cd-28523c319250,Standard Selling Fee
7864,d2722109-c832-45ba-a1cd-28523c319250,Standard Selling Fee
7865,d2722109-c832-45ba-a1cd-28523c319250,Standard Selling Fee
7866,d2722109-c832-45ba-a1cd-28523c319250,Standard Selling Fee
7867,d2722109-c832-45ba-a1cd-28523c319250,Standard Selling Fee
7875,d2722109-c832-45ba-a1cd-28523c319250,Standard Selling Fee
7876,d2722109-c832-45ba-a1cd-28523c319250,Standard Selling Fee
7877,d2722109-c832-45ba-a1cd-28523c319250,Standard Selling Fee
7878,d2722109-c832-45ba-a1cd-28523c319250,Standard Selling Fee
7879,d2722109-c832-45ba-a1cd-28523c319250,Standard Selling Fee
7882,d2722109-c832-45ba-a1cd-28523c319250,Standard Selling Fee
7883,d2722109-c832-45ba-a1cd-28523c319250,Standard Selling Fee
7899,9ccfe96a-49ad-472d-95fb-3029dee54069,"Arts, Crafts & Sewing"
7905,9ccfe96a-49ad-472d-95fb-3029dee54069,"Arts, Crafts & Sewing"
7906,9ccfe96a-49ad-472d-95fb-3029dee54069,"Arts, Crafts & Sewing"
7907,9ccfe96a-49ad-472d-95fb-3029dee54069,"Arts, Crafts & Sewing"
7908,9ccfe96a-49ad-472d-95fb-3029dee54069,"Arts, Crafts & Sewing"
7909,9ccfe96a-49ad-472d-95fb-3029dee54069,"Arts, Crafts & Sewing"
7911,9ccfe96a-49ad-472d-95fb-3029dee54069,"Arts, Crafts & Sewing"
7912,9ccfe96a-49ad-472d-95fb-3029dee54069,"Arts, Crafts & Sewing"
7913,9ccfe96a-a45d-4968-a35b-f1287d2c4bc9,Food & Drink
7914,d2722109-c832-45ba-a1cd-28523c319250,Standard Selling Fee
7915,9ccfe96a-49ad-472d-95fb-3029dee54069,"Arts, Crafts & Sewing"
7916,9ccfe96a-a45d-4968-a35b-f1287d2c4bc9,Food & Drink
7918,9ccfe96a-49ad-472d-95fb-3029dee54069,"Arts, Crafts & Sewing"
7919,9ccfe96a-49ad-472d-95fb-3029dee54069,"Arts, Crafts & Sewing"
7920,9ccfe96a-49ad-472d-95fb-3029dee54069,"Arts, Crafts & Sewing"
7922,d2722109-c832-45ba-a1cd-28523c319250,Standard Selling Fee
7923,d2722109-c832-45ba-a1cd-28523c319250,Standard Selling Fee
7925,9ccfe96a-49ad-472d-95fb-3029dee54069,"Arts, Crafts & Sewing"
7926,9ccfe96a-49ad-472d-95fb-3029dee54069,"Arts, Crafts & Sewing"
7927,9ccfe96a-49ad-472d-95fb-3029dee54069,"Arts, Crafts & Sewing"
7937,d2722109-c832-45ba-a1cd-28523c319250,Standard Selling Fee
7940,d2722109-c832-45ba-a1cd-28523c319250,Standard Selling Fee
7941,d2722109-c832-45ba-a1cd-28523c319250,Standard Selling Fee
7943,d2722109-c832-45ba-a1cd-28523c319250,Standard Selling Fee
7944,d2722109-c832-45ba-a1cd-28523c319250,Standard Selling Fee
7946,d2722109-c832-45ba-a1cd-28523c319250,Standard Selling Fee
7949,d2722109-c832-45ba-a1cd-28523c319250,Standard Selling Fee
7950,d2722109-c832-45ba-a1cd-28523c319250,Standard Selling Fee
7951,d2722109-c832-45ba-a1cd-28523c319250,Standard Selling Fee
7952,d2722109-c832-45ba-a1cd-28523c319250,Standard Selling Fee
7953,d2722109-c832-45ba-a1cd-28523c319250,Standard Selling Fee
7963,9ccfe96a-49ad-472d-95fb-3029dee54069,"Arts, Crafts & Sewing"
7964,d2722109-c832-45ba-a1cd-28523c319250,Standard Selling Fee
7969,d2722109-c832-45ba-a1cd-28523c319250,Standard Selling Fee
7971,d2722109-c832-45ba-a1cd-28523c319250,Standard Selling Fee
7981,d2722109-c832-45ba-a1cd-28523c319250,Standard Selling Fee
7983,9ccfe96a-49ad-472d-95fb-3029dee54069,"Arts, Crafts & Sewing"
7987,9ccfe96a-49ad-472d-95fb-3029dee54069,"Arts, Crafts & Sewing"
7988,d2722109-c832-45ba-a1cd-28523c319250,Standard Selling Fee
7989,d2722109-c832-45ba-a1cd-28523c319250,Standard Selling Fee
7990,d2722109-c832-45ba-a1cd-28523c319250,Standard Selling Fee
7999,d2722109-c832-45ba-a1cd-28523c319250,Standard Selling Fee
8000,d2722109-c832-45ba-a1cd-28523c319250,Standard Selling Fee
8002,d2722109-c832-45ba-a1cd-28523c319250,Standard Selling Fee
8006,d2722109-c832-45ba-a1cd-28523c319250,Standard Selling Fee
8007,9ccfe96a-49ad-472d-95fb-3029dee54069,"Arts, Crafts & Sewing"
8008,d2722109-c832-45ba-a1cd-28523c319250,Standard Selling Fee
8011,d2722109-c832-45ba-a1cd-28523c319250,Standard Selling Fee
8012,d2722109-c832-45ba-a1cd-28523c319250,Standard Selling Fee
8016,d2722109-c832-45ba-a1cd-28523c319250,Standard Selling Fee
8017,d2722109-c832-45ba-a1cd-28523c319250,Standard Selling Fee
8018,d2722109-c832-45ba-a1cd-28523c319250,Standard Selling Fee
8021,d2722109-c832-45ba-a1cd-28523c319250,Standard Selling Fee
8022,d2722109-c832-45ba-a1cd-28523c319250,Standard Selling Fee
8023,d2722109-c832-45ba-a1cd-28523c319250,Standard Selling Fee
8024,d2722109-c832-45ba-a1cd-28523c319250,Standard Selling Fee
8025,d2722109-c832-45ba-a1cd-28523c319250,Standard Selling Fee
8027,d2722109-c832-45ba-a1cd-28523c319250,Standard Selling Fee
8031,d2722109-c832-45ba-a1cd-28523c319250,Standard Selling Fee
8034,d2722109-c832-45ba-a1cd-28523c319250,Standard Selling Fee
8035,d2722109-c832-45ba-a1cd-28523c319250,Standard Selling Fee
8036,d2722109-c832-45ba-a1cd-28523c319250,Standard Selling Fee
8039,d2722109-c832-45ba-a1cd-28523c319250,Standard Selling Fee
8040,d2722109-c832-45ba-a1cd-28523c319250,Standard Selling Fee
8041,d2722109-c832-45ba-a1cd-28523c319250,Standard Selling Fee
8048,d2722109-c832-45ba-a1cd-28523c319250,Standard Selling Fee
8049,9ccfe96a-49ad-472d-95fb-3029dee54069,"Arts, Crafts & Sewing"
8050,d2722109-c832-45ba-a1cd-28523c319250,Standard Selling Fee
8051,d2722109-c832-45ba-a1cd-28523c319250,Standard Selling Fee
8052,d2722109-c832-45ba-a1cd-28523c319250,Standard Selling Fee
8053,d2722109-c832-45ba-a1cd-28523c319250,Standard Selling Fee
8054,d2722109-c832-45ba-a1cd-28523c319250,Standard Selling Fee
8055,d2722109-c832-45ba-a1cd-28523c319250,Standard Selling Fee
8057,d2722109-c832-45ba-a1cd-28523c319250,Standard Selling Fee
8058,d2722109-c832-45ba-a1cd-28523c319250,Standard Selling Fee
8059,d2722109-c832-45ba-a1cd-28523c319250,Standard Selling Fee
8060,d2722109-c832-45ba-a1cd-28523c319250,Standard Selling Fee
8061,d2722109-c832-45ba-a1cd-28523c319250,Standard Selling Fee
8062,d2722109-c832-45ba-a1cd-28523c319250,Standard Selling Fee
8063,d2722109-c832-45ba-a1cd-28523c319250,Standard Selling Fee
8064,d2722109-c832-45ba-a1cd-28523c319250,Standard Selling Fee
8065,d2722109-c832-45ba-a1cd-28523c319250,Standard Selling Fee
8066,d2722109-c832-45ba-a1cd-28523c319250,Standard Selling Fee
8068,9ccfe96a-49ad-472d-95fb-3029dee54069,"Arts, Crafts & Sewing"
8069,d2722109-c832-45ba-a1cd-28523c319250,Standard Selling Fee
8070,d2722109-c832-45ba-a1cd-28523c319250,Standard Selling Fee
8072,d2722109-c832-45ba-a1cd-28523c319250,Standard Selling Fee
8073,9ccfe96a-49ad-472d-95fb-3029dee54069,"Arts, Crafts & Sewing"
8075,d2722109-c832-45ba-a1cd-28523c319250,Standard Selling Fee
8076,d2722109-c832-45ba-a1cd-28523c319250,Standard Selling Fee
8077,9ccfe96a-49ad-472d-95fb-3029dee54069,"Arts, Crafts & Sewing"
8079,d2722109-c832-45ba-a1cd-28523c319250,Standard Selling Fee
8093,d2722109-c832-45ba-a1cd-28523c319250,Standard Selling Fee
8094,d2722109-c832-45ba-a1cd-28523c319250,Standard Selling Fee
8095,d2722109-c832-45ba-a1cd-28523c319250,Standard Selling Fee
8096,d2722109-c832-45ba-a1cd-28523c319250,Standard Selling Fee
8103,d2722109-c832-45ba-a1cd-28523c319250,Standard Selling Fee
8144,d2722109-c832-45ba-a1cd-28523c319250,Standard Selling Fee
8145,d2722109-c832-45ba-a1cd-28523c319250,Standard Selling Fee
8146,d2722109-c832-45ba-a1cd-28523c319250,Standard Selling Fee
8151,d2722109-c832-45ba-a1cd-28523c319250,Standard Selling Fee
8156,d2722109-c832-45ba-a1cd-28523c319250,Standard Selling Fee
8158,d2722109-c832-45ba-a1cd-28523c319250,Standard Selling Fee
8159,d2722109-c832-45ba-a1cd-28523c319250,Standard Selling Fee
8160,d2722109-c832-45ba-a1cd-28523c319250,Standard Selling Fee
8161,d2722109-c832-45ba-a1cd-28523c319250,Standard Selling Fee
8162,d2722109-c832-45ba-a1cd-28523c319250,Standard Selling Fee
8163,d2722109-c832-45ba-a1cd-28523c319250,Standard Selling Fee
8164,d2722109-c832-45ba-a1cd-28523c319250,Standard Selling Fee
8165,d2722109-c832-45ba-a1cd-28523c319250,Standard Selling Fee
8167,d2722109-c832-45ba-a1cd-28523c319250,Standard Selling Fee
8169,d2722109-c832-45ba-a1cd-28523c319250,Standard Selling Fee
8171,9ccfe96a-49ad-472d-95fb-3029dee54069,"Arts, Crafts & Sewing"
8172,d2722109-c832-45ba-a1cd-28523c319250,Standard Selling Fee
8173,d2722109-c832-45ba-a1cd-28523c319250,Standard Selling Fee
8174,d2722109-c832-45ba-a1cd-28523c319250,Standard Selling Fee
8175,d2722109-c832-45ba-a1cd-28523c319250,Standard Selling Fee
8176,d2722109-c832-45ba-a1cd-28523c319250,Standard Selling Fee
8177,9ccfe96a-49ad-472d-95fb-3029dee54069,"Arts, Crafts & Sewing"
8178,d2722109-c832-45ba-a1cd-28523c319250,Standard Selling Fee
8181,d2722109-c832-45ba-a1cd-28523c319250,Standard Selling Fee
8182,d2722109-c832-45ba-a1cd-28523c319250,Standard Selling Fee
8183,9ccfe96a-49ad-472d-95fb-3029dee54069,"Arts, Crafts & Sewing"
8184,d2722109-c832-45ba-a1cd-28523c319250,Standard Selling Fee
8188,d2722109-c832-45ba-a1cd-28523c319250,Standard Selling Fee
8189,d2722109-c832-45ba-a1cd-28523c319250,Standard Selling Fee
8191,9ccfe96a-49ad-472d-95fb-3029dee54069,"Arts, Crafts & Sewing"
8192,9ccfe96a-49ad-472d-95fb-3029dee54069,"Arts, Crafts & Sewing"
8193,d2722109-c832-45ba-a1cd-28523c319250,Standard Selling Fee
8194,d2722109-c832-45ba-a1cd-28523c319250,Standard Selling Fee
8195,d2722109-c832-45ba-a1cd-28523c319250,Standard Selling Fee
8196,d2722109-c832-45ba-a1cd-28523c319250,Standard Selling Fee
8197,9ccfe96a-49ad-472d-95fb-3029dee54069,"Arts, Crafts & Sewing"
8198,9ccfe96a-a45d-4968-a35b-f1287d2c4bc9,Food & Drink
8199,d2722109-c832-45ba-a1cd-28523c319250,Standard Selling Fee
8200,9ccfe96a-49ad-472d-95fb-3029dee54069,"Arts, Crafts & Sewing"
8201,9ccfe96a-49ad-472d-95fb-3029dee54069,"Arts, Crafts & Sewing"
8202,9ccfe96a-49ad-472d-95fb-3029dee54069,"Arts, Crafts & Sewing"
8203,9ccfe96a-49ad-472d-95fb-3029dee54069,"Arts, Crafts & Sewing"
8204,9ccfe96a-49ad-472d-95fb-3029dee54069,"Arts, Crafts & Sewing"
8211,9ccfe96a-49ad-472d-95fb-3029dee54069,"Arts, Crafts & Sewing"
8212,d2722109-c832-45ba-a1cd-28523c319250,Standard Selling Fee
8217,9ccfe96a-49ad-472d-95fb-3029dee54069,"Arts, Crafts & Sewing"
8218,d2722109-c832-45ba-a1cd-28523c319250,Standard Selling Fee
8219,d2722109-c832-45ba-a1cd-28523c319250,Standard Selling Fee
8220,d2722109-c832-45ba-a1cd-28523c319250,Standard Selling Fee
8221,d2722109-c832-45ba-a1cd-28523c319250,Standard Selling Fee
8222,d2722109-c832-45ba-a1cd-28523c319250,Standard Selling Fee
8223,d2722109-c832-45ba-a1cd-28523c319250,Standard Selling Fee
8224,d2722109-c832-45ba-a1cd-28523c319250,Standard Selling Fee
8225,d2722109-c832-45ba-a1cd-28523c319250,Standard Selling Fee
8226,d2722109-c832-45ba-a1cd-28523c319250,Standard Selling Fee
8227,d2722109-c832-45ba-a1cd-28523c319250,Standard Selling Fee
8229,d2722109-c832-45ba-a1cd-28523c319250,Standard Selling Fee
8230,d2722109-c832-45ba-a1cd-28523c319250,Standard Selling Fee
8231,d2722109-c832-45ba-a1cd-28523c319250,Standard Selling Fee
8232,d2722109-c832-45ba-a1cd-28523c319250,Standard Selling Fee
8233,d2722109-c832-45ba-a1cd-28523c319250,Standard Selling Fee
8234,d2722109-c832-45ba-a1cd-28523c319250,Standard Selling Fee
8235,d2722109-c832-45ba-a1cd-28523c319250,Standard Selling Fee
8236,d2722109-c832-45ba-a1cd-28523c319250,Standard Selling Fee
8237,d2722109-c832-45ba-a1cd-28523c319250,Standard Selling Fee
8239,d2722109-c832-45ba-a1cd-28523c319250,Standard Selling Fee
8240,d2722109-c832-45ba-a1cd-28523c319250,Standard Selling Fee
8241,d2722109-c832-45ba-a1cd-28523c319250,Standard Selling Fee
8242,d2722109-c832-45ba-a1cd-28523c319250,Standard Selling Fee
8243,d2722109-c832-45ba-a1cd-28523c319250,Standard Selling Fee
8244,d2722109-c832-45ba-a1cd-28523c319250,Standard Selling Fee
8245,d2722109-c832-45ba-a1cd-28523c319250,Standard Selling Fee
8246,9ccfe96a-49ad-472d-95fb-3029dee54069,"Arts, Crafts & Sewing"
8247,d2722109-c832-45ba-a1cd-28523c319250,Standard Selling Fee
8248,d2722109-c832-45ba-a1cd-28523c319250,Standard Selling Fee
8250,d2722109-c832-45ba-a1cd-28523c319250,Standard Selling Fee
8251,d2722109-c832-45ba-a1cd-28523c319250,Standard Selling Fee
8252,d2722109-c832-45ba-a1cd-28523c319250,Standard Selling Fee
8253,d2722109-c832-45ba-a1cd-28523c319250,Standard Selling Fee
8254,d2722109-c832-45ba-a1cd-28523c319250,Standard Selling Fee
8255,d2722109-c832-45ba-a1cd-28523c319250,Standard Selling Fee
8256,9ccfe96a-49ad-472d-95fb-3029dee54069,"Arts, Crafts & Sewing"
8257,9ccfe96a-49ad-472d-95fb-3029dee54069,"Arts, Crafts & Sewing"
8258,9ccfe96a-49ad-472d-95fb-3029dee54069,"Arts, Crafts & Sewing"
8259,9ccfe96a-49ad-472d-95fb-3029dee54069,"Arts, Crafts & Sewing"
8267,d2722109-c832-45ba-a1cd-28523c319250,Standard Selling Fee
8269,d2722109-c832-45ba-a1cd-28523c319250,Standard Selling Fee
8271,d2722109-c832-45ba-a1cd-28523c319250,Standard Selling Fee
8325,9ccfe96a-49ad-472d-95fb-3029dee54069,"Arts, Crafts & Sewing"
8329,d2722109-c832-45ba-a1cd-28523c319250,Standard Selling Fee
8336,d2722109-c832-45ba-a1cd-28523c319250,Standard Selling Fee
8337,9ccfe96a-6a76-4522-8337-bea4f660a8ce,Consumer Electronics
8344,9ccfe96a-49ad-472d-95fb-3029dee54069,"Arts, Crafts & Sewing"
8345,9ccfe96a-6a76-4522-8337-bea4f660a8ce,Consumer Electronics
8348,9ccfe96a-49ad-472d-95fb-3029dee54069,"Arts, Crafts & Sewing"
8350,9ccfe96a-49ad-472d-95fb-3029dee54069,"Arts, Crafts & Sewing"
8351,9ccfe96a-49ad-472d-95fb-3029dee54069,"Arts, Crafts & Sewing"
8352,9ccfe96a-6a76-4522-8337-bea4f660a8ce,Consumer Electronics
8353,9ccfe96a-6a76-4522-8337-bea4f660a8ce,Consumer Electronics
8355,d2722109-c832-45ba-a1cd-28523c319250,Standard Selling Fee
8363,d2722109-c832-45ba-a1cd-28523c319250,Standard Selling Fee
8364,d2722109-c832-45ba-a1cd-28523c319250,Standard Selling Fee
8366,9ccfe96a-6a76-4522-8337-bea4f660a8ce,Consumer Electronics
8374,d2722109-c832-45ba-a1cd-28523c319250,Standard Selling Fee
8375,d2722109-c832-45ba-a1cd-28523c319250,Standard Selling Fee
8376,d2722109-c832-45ba-a1cd-28523c319250,Standard Selling Fee
8383,9ccfe96a-49ad-472d-95fb-3029dee54069,"Arts, Crafts & Sewing"
8384,9ccfe96a-49ad-472d-95fb-3029dee54069,"Arts, Crafts & Sewing"
8392,d2722109-c832-45ba-a1cd-28523c319250,Standard Selling Fee
8393,d2722109-c832-45ba-a1cd-28523c319250,Standard Selling Fee
8394,d2722109-c832-45ba-a1cd-28523c319250,Standard Selling Fee
8395,d2722109-c832-45ba-a1cd-28523c319250,Standard Selling Fee
8396,d2722109-c832-45ba-a1cd-28523c319250,Standard Selling Fee
8411,d2722109-c832-45ba-a1cd-28523c319250,Standard Selling Fee
8412,9ccfe96a-49ad-472d-95fb-3029dee54069,"Arts, Crafts & Sewing"
8414,9ccfe96a-6a76-4522-8337-bea4f660a8ce,Consumer Electronics
8428,9ccfe96a-49ad-472d-95fb-3029dee54069,"Arts, Crafts & Sewing"
8435,9ccfe96a-49ad-472d-95fb-3029dee54069,"Arts, Crafts & Sewing"
8436,9ccfe96a-6a76-4522-8337-bea4f660a8ce,Consumer Electronics
8437,9ccfe96a-6a76-4522-8337-bea4f660a8ce,Consumer Electronics
8438,9ccfe96a-6a76-4522-8337-bea4f660a8ce,Consumer Electronics
8439,9ccfe96a-6a76-4522-8337-bea4f660a8ce,Consumer Electronics
8440,9ccfe96a-6a76-4522-8337-bea4f660a8ce,Consumer Electronics
8448,9ccfe96a-6a76-4522-8337-bea4f660a8ce,Consumer Electronics
8449,9ccfe96a-6a76-4522-8337-bea4f660a8ce,Consumer Electronics
8450,9ccfe96a-6a76-4522-8337-bea4f660a8ce,Consumer Electronics
8451,9ccfe96a-6a76-4522-8337-bea4f660a8ce,Consumer Electronics
8454,9ccfe96a-6a76-4522-8337-bea4f660a8ce,Consumer Electronics
8455,9ccfe96a-6a76-4522-8337-bea4f660a8ce,Consumer Electronics
8456,9ccfe96a-6a76-4522-8337-bea4f660a8ce,Consumer Electronics
8458,d2722109-c832-45ba-a1cd-28523c319250,Standard Selling Fee
8468,9ccfe96a-49ad-472d-95fb-3029dee54069,"Arts, Crafts & Sewing"
8469,d2722109-c832-45ba-a1cd-28523c319250,Standard Selling Fee
8470,d2722109-c832-45ba-a1cd-28523c319250,Standard Selling Fee
8471,d2722109-c832-45ba-a1cd-28523c319250,Standard Selling Fee
8472,d2722109-c832-45ba-a1cd-28523c319250,Standard Selling Fee
8473,d2722109-c832-45ba-a1cd-28523c319250,Standard Selling Fee
8475,d2722109-c832-45ba-a1cd-28523c319250,Standard Selling Fee
8477,d2722109-c832-45ba-a1cd-28523c319250,Standard Selling Fee
8494,d2722109-c832-45ba-a1cd-28523c319250,Standard Selling Fee
8496,d2722109-c832-45ba-a1cd-28523c319250,Standard Selling Fee
8497,d2722109-c832-45ba-a1cd-28523c319250,Standard Selling Fee
8501,9ccfe96a-49ad-472d-95fb-3029dee54069,"Arts, Crafts & Sewing"
8502,d2722109-c832-45ba-a1cd-28523c319250,Standard Selling Fee
8503,d2722109-c832-45ba-a1cd-28523c319250,Standard Selling Fee
8510,d2722109-c832-45ba-a1cd-28523c319250,Standard Selling Fee
8511,d2722109-c832-45ba-a1cd-28523c319250,Standard Selling Fee
8512,9ccfe96a-82e7-4089-a9ff-f751e8c3cf93,DIY & Tools
8513,9ccfe96a-82e7-4089-a9ff-f751e8c3cf93,DIY & Tools
8565,d2722109-c832-45ba-a1cd-28523c319250,Standard Selling Fee
8566,d2722109-c832-45ba-a1cd-28523c319250,Standard Selling Fee
8567,9ccfe96a-49ad-472d-95fb-3029dee54069,"Arts, Crafts & Sewing"
8568,9ccfe96a-6a76-4522-8337-bea4f660a8ce,Consumer Electronics
8569,9ccfe96a-6a76-4522-8337-bea4f660a8ce,Consumer Electronics
8570,d2722109-c832-45ba-a1cd-28523c319250,Standard Selling Fee
8572,9ccfe96a-6a76-4522-8337-bea4f660a8ce,Consumer Electronics
8574,d2722109-c832-45ba-a1cd-28523c319250,Standard Selling Fee
8575,d2722109-c832-45ba-a1cd-28523c319250,Standard Selling Fee
8576,9ccfe96a-6a76-4522-8337-bea4f660a8ce,Consumer Electronics
8579,d2722109-c832-45ba-a1cd-28523c319250,Standard Selling Fee
8618,d2722109-c832-45ba-a1cd-28523c319250,Standard Selling Fee
8623,d2722109-c832-45ba-a1cd-28523c319250,Standard Selling Fee
8679,9ccfe96a-6a76-4522-8337-bea4f660a8ce,Consumer Electronics
8680,d2722109-c832-45ba-a1cd-28523c319250,Standard Selling Fee
8681,d2722109-c832-45ba-a1cd-28523c319250,Standard Selling Fee
8682,d2722109-c832-45ba-a1cd-28523c319250,Standard Selling Fee
8683,d2722109-c832-45ba-a1cd-28523c319250,Standard Selling Fee
8684,d2722109-c832-45ba-a1cd-28523c319250,Standard Selling Fee
8685,d2722109-c832-45ba-a1cd-28523c319250,Standard Selling Fee
8686,d2722109-c832-45ba-a1cd-28523c319250,Standard Selling Fee
8687,d2722109-c832-45ba-a1cd-28523c319250,Standard Selling Fee
8688,d2722109-c832-45ba-a1cd-28523c319250,Standard Selling Fee
8690,9ccfe96a-49ad-472d-95fb-3029dee54069,"Arts, Crafts & Sewing"
8691,9ccfe96a-49ad-472d-95fb-3029dee54069,"Arts, Crafts & Sewing"
8692,d2722109-c832-45ba-a1cd-28523c319250,Standard Selling Fee
8693,d2722109-c832-45ba-a1cd-28523c319250,Standard Selling Fee
8695,d2722109-c832-45ba-a1cd-28523c319250,Standard Selling Fee
8696,d2722109-c832-45ba-a1cd-28523c319250,Standard Selling Fee
8697,d2722109-c832-45ba-a1cd-28523c319250,Standard Selling Fee
8698,d2722109-c832-45ba-a1cd-28523c319250,Standard Selling Fee
8701,d2722109-c832-45ba-a1cd-28523c319250,Standard Selling Fee
8702,d2722109-c832-45ba-a1cd-28523c319250,Standard Selling Fee
8703,d2722109-c832-45ba-a1cd-28523c319250,Standard Selling Fee
8705,9ccfe96a-49ad-472d-95fb-3029dee54069,"Arts, Crafts & Sewing"
8707,9ccfe96a-82e7-4089-a9ff-f751e8c3cf93,DIY & Tools
8708,9ccfe96a-49ad-472d-95fb-3029dee54069,"Arts, Crafts & Sewing"
8709,d2722109-c832-45ba-a1cd-28523c319250,Standard Selling Fee
8710,d2722109-c832-45ba-a1cd-28523c319250,Standard Selling Fee
8715,d2722109-c832-45ba-a1cd-28523c319250,Standard Selling Fee
8718,d2722109-c832-45ba-a1cd-28523c319250,Standard Selling Fee
8719,d2722109-c832-45ba-a1cd-28523c319250,Standard Selling Fee
8723,d2722109-c832-45ba-a1cd-28523c319250,Standard Selling Fee
8727,9ccfe96a-49ad-472d-95fb-3029dee54069,"Arts, Crafts & Sewing"
8728,d2722109-c832-45ba-a1cd-28523c319250,Standard Selling Fee
8730,d2722109-c832-45ba-a1cd-28523c319250,Standard Selling Fee
8736,d2722109-c832-45ba-a1cd-28523c319250,Standard Selling Fee
8738,d2722109-c832-45ba-a1cd-28523c319250,Standard Selling Fee
8740,d2722109-c832-45ba-a1cd-28523c319250,Standard Selling Fee
8741,d2722109-c832-45ba-a1cd-28523c319250,Standard Selling Fee
8742,d2722109-c832-45ba-a1cd-28523c319250,Standard Selling Fee
8743,d2722109-c832-45ba-a1cd-28523c319250,Standard Selling Fee
8744,d2722109-c832-45ba-a1cd-28523c319250,Standard Selling Fee
8746,d2722109-c832-45ba-a1cd-28523c319250,Standard Selling Fee
8750,d2722109-c832-45ba-a1cd-28523c319250,Standard Selling Fee
8751,d2722109-c832-45ba-a1cd-28523c319250,Standard Selling Fee
8752,d2722109-c832-45ba-a1cd-28523c319250,Standard Selling Fee
8753,d2722109-c832-45ba-a1cd-28523c319250,Standard Selling Fee
8754,d2722109-c832-45ba-a1cd-28523c319250,Standard Selling Fee
8755,d2722109-c832-45ba-a1cd-28523c319250,Standard Selling Fee
8760,d2722109-c832-45ba-a1cd-28523c319250,Standard Selling Fee
8761,d2722109-c832-45ba-a1cd-28523c319250,Standard Selling Fee
8762,d2722109-c832-45ba-a1cd-28523c319250,Standard Selling Fee
8764,d2722109-c832-45ba-a1cd-28523c319250,Standard Selling Fee
8765,d2722109-c832-45ba-a1cd-28523c319250,Standard Selling Fee
8766,d2722109-c832-45ba-a1cd-28523c319250,Standard Selling Fee
8792,d2722109-c832-45ba-a1cd-28523c319250,Standard Selling Fee
8899,9ccfe96a-49ad-472d-95fb-3029dee54069,"Arts, Crafts & Sewing"
8900,9ccfe96a-6a76-4522-8337-bea4f660a8ce,Consumer Electronics
8902,d2722109-c832-45ba-a1cd-28523c319250,Standard Selling Fee
8910,d2722109-c832-45ba-a1cd-28523c319250,Standard Selling Fee
8911,d2722109-c832-45ba-a1cd-28523c319250,Standard Selling Fee
8913,2d572e54-2fbd-4802-8e56-b577eb267e8b,Jewellery
8915,9ccfe96a-49ad-472d-95fb-3029dee54069,"Arts, Crafts & Sewing"
8920,d2722109-c832-45ba-a1cd-28523c319250,Standard Selling Fee
8923,d2722109-c832-45ba-a1cd-28523c319250,Standard Selling Fee
8924,d2722109-c832-45ba-a1cd-28523c319250,Standard Selling Fee
8925,d2722109-c832-45ba-a1cd-28523c319250,Standard Selling Fee
8926,9ccfe96a-82e7-4089-a9ff-f751e8c3cf93,DIY & Tools
8927,d2722109-c832-45ba-a1cd-28523c319250,Standard Selling Fee
8931,d2722109-c832-45ba-a1cd-28523c319250,Standard Selling Fee
8933,d2722109-c832-45ba-a1cd-28523c319250,Standard Selling Fee
8934,d2722109-c832-45ba-a1cd-28523c319250,Standard Selling Fee
8935,d2722109-c832-45ba-a1cd-28523c319250,Standard Selling Fee
8936,d2722109-c832-45ba-a1cd-28523c319250,Standard Selling Fee
8937,d2722109-c832-45ba-a1cd-28523c319250,Standard Selling Fee
8938,d2722109-c832-45ba-a1cd-28523c319250,Standard Selling Fee
8939,d2722109-c832-45ba-a1cd-28523c319250,Standard Selling Fee
8940,d2722109-c832-45ba-a1cd-28523c319250,Standard Selling Fee
8941,d2722109-c832-45ba-a1cd-28523c319250,Standard Selling Fee
8942,d2722109-c832-45ba-a1cd-28523c319250,Standard Selling Fee
8943,d2722109-c832-45ba-a1cd-28523c319250,Standard Selling Fee
8944,d2722109-c832-45ba-a1cd-28523c319250,Standard Selling Fee
8945,9ccfe96a-49ad-472d-95fb-3029dee54069,"Arts, Crafts & Sewing"
8964,d2722109-c832-45ba-a1cd-28523c319250,Standard Selling Fee
8966,d2722109-c832-45ba-a1cd-28523c319250,Standard Selling Fee
8968,d2722109-c832-45ba-a1cd-28523c319250,Standard Selling Fee
8969,d2722109-c832-45ba-a1cd-28523c319250,Standard Selling Fee
8970,d2722109-c832-45ba-a1cd-28523c319250,Standard Selling Fee
8971,9ccfe96a-6a76-4522-8337-bea4f660a8ce,Consumer Electronics
8978,d2722109-c832-45ba-a1cd-28523c319250,Standard Selling Fee
8979,d2722109-c832-45ba-a1cd-28523c319250,Standard Selling Fee
8981,d2722109-c832-45ba-a1cd-28523c319250,Standard Selling Fee
8982,d2722109-c832-45ba-a1cd-28523c319250,Standard Selling Fee
8987,d2722109-c832-45ba-a1cd-28523c319250,Standard Selling Fee
8993,9ccfe96a-49ad-472d-95fb-3029dee54069,"Arts, Crafts & Sewing"
8999,d2722109-c832-45ba-a1cd-28523c319250,Standard Selling Fee
9012,d2722109-c832-45ba-a1cd-28523c319250,Standard Selling Fee
9014,d2722109-c832-45ba-a1cd-28523c319250,Standard Selling Fee
9015,d2722109-c832-45ba-a1cd-28523c319250,Standard Selling Fee
9016,d2722109-c832-45ba-a1cd-28523c319250,Standard Selling Fee
9064,d2722109-c832-45ba-a1cd-28523c319250,Standard Selling Fee
9065,d2722109-c832-45ba-a1cd-28523c319250,Standard Selling Fee
9067,d2722109-c832-45ba-a1cd-28523c319250,Standard Selling Fee
9071,d2722109-c832-45ba-a1cd-28523c319250,Standard Selling Fee
9072,d2722109-c832-45ba-a1cd-28523c319250,Standard Selling Fee
9073,d2722109-c832-45ba-a1cd-28523c319250,Standard Selling Fee
9074,d2722109-c832-45ba-a1cd-28523c319250,Standard Selling Fee
9075,d2722109-c832-45ba-a1cd-28523c319250,Standard Selling Fee
9076,d2722109-c832-45ba-a1cd-28523c319250,Standard Selling Fee
9077,d2722109-c832-45ba-a1cd-28523c319250,Standard Selling Fee
9078,d2722109-c832-45ba-a1cd-28523c319250,Standard Selling Fee
9079,d2722109-c832-45ba-a1cd-28523c319250,Standard Selling Fee
9086,d2722109-c832-45ba-a1cd-28523c319250,Standard Selling Fee
9087,d2722109-c832-45ba-a1cd-28523c319250,Standard Selling Fee
9088,d2722109-c832-45ba-a1cd-28523c319250,Standard Selling Fee
9095,d2722109-c832-45ba-a1cd-28523c319250,Standard Selling Fee
9096,d2722109-c832-45ba-a1cd-28523c319250,Standard Selling Fee
9097,d2722109-c832-45ba-a1cd-28523c319250,Standard Selling Fee
9100,d2722109-c832-45ba-a1cd-28523c319250,Standard Selling Fee
9101,d2722109-c832-45ba-a1cd-28523c319250,Standard Selling Fee
9102,d2722109-c832-45ba-a1cd-28523c319250,Standard Selling Fee
9103,d2722109-c832-45ba-a1cd-28523c319250,Standard Selling Fee
9106,d2722109-c832-45ba-a1cd-28523c319250,Standard Selling Fee
9108,d2722109-c832-45ba-a1cd-28523c319250,Standard Selling Fee
9111,d2722109-c832-45ba-a1cd-28523c319250,Standard Selling Fee
9112,d2722109-c832-45ba-a1cd-28523c319250,Standard Selling Fee
9113,9ccfe96a-49ad-472d-95fb-3029dee54069,"Arts, Crafts & Sewing"
9114,d2722109-c832-45ba-a1cd-28523c319250,Standard Selling Fee
9118,d2722109-c832-45ba-a1cd-28523c319250,Standard Selling Fee
9119,d2722109-c832-45ba-a1cd-28523c319250,Standard Selling Fee
9125,d2722109-c832-45ba-a1cd-28523c319250,Standard Selling Fee
9126,d2722109-c832-45ba-a1cd-28523c319250,Standard Selling Fee
9130,d2722109-c832-45ba-a1cd-28523c319250,Standard Selling Fee
9132,d2722109-c832-45ba-a1cd-28523c319250,Standard Selling Fee
9135,9ccfe96a-7acc-4555-8227-184f0d849d60,Everything else
9136,d2722109-c832-45ba-a1cd-28523c319250,Standard Selling Fee
9186,d2722109-c832-45ba-a1cd-28523c319250,Standard Selling Fee
9189,9ccfe96a-49ad-472d-95fb-3029dee54069,"Arts, Crafts & Sewing"
9190,d2722109-c832-45ba-a1cd-28523c319250,Standard Selling Fee
9208,d2722109-c832-45ba-a1cd-28523c319250,Standard Selling Fee
9213,d2722109-c832-45ba-a1cd-28523c319250,Standard Selling Fee
9225,d2722109-c832-45ba-a1cd-28523c319250,Standard Selling Fee
9226,d2722109-c832-45ba-a1cd-28523c319250,Standard Selling Fee
9227,d2722109-c832-45ba-a1cd-28523c319250,Standard Selling Fee
9228,9ccfe96a-49ad-472d-95fb-3029dee54069,"Arts, Crafts & Sewing"
9230,9ccfe96a-49ad-472d-95fb-3029dee54069,"Arts, Crafts & Sewing"
9232,d2722109-c832-45ba-a1cd-28523c319250,Standard Selling Fee
9233,d2722109-c832-45ba-a1cd-28523c319250,Standard Selling Fee
9234,d2722109-c832-45ba-a1cd-28523c319250,Standard Selling Fee
9237,d2722109-c832-45ba-a1cd-28523c319250,Standard Selling Fee
9238,d2722109-c832-45ba-a1cd-28523c319250,Standard Selling Fee
9240,d2722109-c832-45ba-a1cd-28523c319250,Standard Selling Fee
9242,d2722109-c832-45ba-a1cd-28523c319250,Standard Selling Fee
9243,d2722109-c832-45ba-a1cd-28523c319250,Standard Selling Fee
9244,d2722109-c832-45ba-a1cd-28523c319250,Standard Selling Fee
9245,d2722109-c832-45ba-a1cd-28523c319250,Standard Selling Fee
9246,d2722109-c832-45ba-a1cd-28523c319250,Standard Selling Fee
9247,d2722109-c832-45ba-a1cd-28523c319250,Standard Selling Fee
9249,d2722109-c832-45ba-a1cd-28523c319250,Standard Selling Fee
9250,d2722109-c832-45ba-a1cd-28523c319250,Standard Selling Fee
9251,d2722109-c832-45ba-a1cd-28523c319250,Standard Selling Fee
9252,d2722109-c832-45ba-a1cd-28523c319250,Standard Selling Fee
9253,d2722109-c832-45ba-a1cd-28523c319250,Standard Selling Fee
9257,d2722109-c832-45ba-a1cd-28523c319250,Standard Selling Fee
9277,9ccfe96a-49ad-472d-95fb-3029dee54069,"Arts, Crafts & Sewing"
9278,9ccfe96a-c425-4fd4-afa4-31a6fec9e365,Power Tools
9279,9ccfe96a-c425-4fd4-afa4-31a6fec9e365,Power Tools
9280,d2722109-c832-45ba-a1cd-28523c319250,Standard Selling Fee
9286,d2722109-c832-45ba-a1cd-28523c319250,Standard Selling Fee
9295,d2722109-c832-45ba-a1cd-28523c319250,Standard Selling Fee
9296,d2722109-c832-45ba-a1cd-28523c319250,Standard Selling Fee
9297,d2722109-c832-45ba-a1cd-28523c319250,Standard Selling Fee
9298,9ccfe96a-49ad-472d-95fb-3029dee54069,"Arts, Crafts & Sewing"
9303,9ccfe96a-49ad-472d-95fb-3029dee54069,"Arts, Crafts & Sewing"
9304,d2722109-c832-45ba-a1cd-28523c319250,Standard Selling Fee
9309,d2722109-c832-45ba-a1cd-28523c319250,Standard Selling Fee
9310,d2722109-c832-45ba-a1cd-28523c319250,Standard Selling Fee
9311,d2722109-c832-45ba-a1cd-28523c319250,Standard Selling Fee
9312,d2722109-c832-45ba-a1cd-28523c319250,Standard Selling Fee
9313,d2722109-c832-45ba-a1cd-28523c319250,Standard Selling Fee
9317,d2722109-c832-45ba-a1cd-28523c319250,Standard Selling Fee
9322,d2722109-c832-45ba-a1cd-28523c319250,Standard Selling Fee
9331,d2722109-c832-45ba-a1cd-28523c319250,Standard Selling Fee
9332,d2722109-c832-45ba-a1cd-28523c319250,Standard Selling Fee
9335,d2722109-c832-45ba-a1cd-28523c319250,Standard Selling Fee
9336,d2722109-c832-45ba-a1cd-28523c319250,Standard Selling Fee
9337,d2722109-c832-45ba-a1cd-28523c319250,Standard Selling Fee
9338,d2722109-c832-45ba-a1cd-28523c319250,Standard Selling Fee
9339,d2722109-c832-45ba-a1cd-28523c319250,Standard Selling Fee
9345,d2722109-c832-45ba-a1cd-28523c319250,Standard Selling Fee
9346,d2722109-c832-45ba-a1cd-28523c319250,Standard Selling Fee
9350,d2722109-c832-45ba-a1cd-28523c319250,Standard Selling Fee
9351,d2722109-c832-45ba-a1cd-28523c319250,Standard Selling Fee
9352,d2722109-c832-45ba-a1cd-28523c319250,Standard Selling Fee
9353,d2722109-c832-45ba-a1cd-28523c319250,Standard Selling Fee
9354,d2722109-c832-45ba-a1cd-28523c319250,Standard Selling Fee
9355,d2722109-c832-45ba-a1cd-28523c319250,Standard Selling Fee
9356,d2722109-c832-45ba-a1cd-28523c319250,Standard Selling Fee
9357,d2722109-c832-45ba-a1cd-28523c319250,Standard Selling Fee
9359,d2722109-c832-45ba-a1cd-28523c319250,Standard Selling Fee
9360,d2722109-c832-45ba-a1cd-28523c319250,Standard Selling Fee
9362,d2722109-c832-45ba-a1cd-28523c319250,Standard Selling Fee
9363,9ccfe96a-49ad-472d-95fb-3029dee54069,"Arts, Crafts & Sewing"
9364,d2722109-c832-45ba-a1cd-28523c319250,Standard Selling Fee
9365,d2722109-c832-45ba-a1cd-28523c319250,Standard Selling Fee
9366,d2722109-c832-45ba-a1cd-28523c319250,Standard Selling Fee
9367,d2722109-c832-45ba-a1cd-28523c319250,Standard Selling Fee
9369,d2722109-c832-45ba-a1cd-28523c319250,Standard Selling Fee
9370,d2722109-c832-45ba-a1cd-28523c319250,Standard Selling Fee
9371,9ccfe96a-49ad-472d-95fb-3029dee54069,"Arts, Crafts & Sewing"
9373,d2722109-c832-45ba-a1cd-28523c319250,Standard Selling Fee
9374,d2722109-c832-45ba-a1cd-28523c319250,Standard Selling Fee
9375,d2722109-c832-45ba-a1cd-28523c319250,Standard Selling Fee
9376,d2722109-c832-45ba-a1cd-28523c319250,Standard Selling Fee
9378,d2722109-c832-45ba-a1cd-28523c319250,Standard Selling Fee
9381,d2722109-c832-45ba-a1cd-28523c319250,Standard Selling Fee
9382,d2722109-c832-45ba-a1cd-28523c319250,Standard Selling Fee
9384,d2722109-c832-45ba-a1cd-28523c319250,Standard Selling Fee
9385,d2722109-c832-45ba-a1cd-28523c319250,Standard Selling Fee
9389,d2722109-c832-45ba-a1cd-28523c319250,Standard Selling Fee
9393,d2722109-c832-45ba-a1cd-28523c319250,Standard Selling Fee
9395,d2722109-c832-45ba-a1cd-28523c319250,Standard Selling Fee
9397,d2722109-c832-45ba-a1cd-28523c319250,Standard Selling Fee
9399,9ccfe96a-49ad-472d-95fb-3029dee54069,"Arts, Crafts & Sewing"
9400,d2722109-c832-45ba-a1cd-28523c319250,Standard Selling Fee
9401,d2722109-c832-45ba-a1cd-28523c319250,Standard Selling Fee
9402,9ccfe96a-49ad-472d-95fb-3029dee54069,"Arts, Crafts & Sewing"
9403,9ccfe96a-49ad-472d-95fb-3029dee54069,"Arts, Crafts & Sewing"
9404,d2722109-c832-45ba-a1cd-28523c319250,Standard Selling Fee
9405,d2722109-c832-45ba-a1cd-28523c319250,Standard Selling Fee
9408,d2722109-c832-45ba-a1cd-28523c319250,Standard Selling Fee
9409,d2722109-c832-45ba-a1cd-28523c319250,Standard Selling Fee
9410,d2722109-c832-45ba-a1cd-28523c319250,Standard Selling Fee
9414,d2722109-c832-45ba-a1cd-28523c319250,Standard Selling Fee
9415,d2722109-c832-45ba-a1cd-28523c319250,Standard Selling Fee
9416,9ccfe96a-49ad-472d-95fb-3029dee54069,"Arts, Crafts & Sewing"
9419,9ccfe96a-49ad-472d-95fb-3029dee54069,"Arts, Crafts & Sewing"
9420,9ccfe96a-49ad-472d-95fb-3029dee54069,"Arts, Crafts & Sewing"
9421,d2722109-c832-45ba-a1cd-28523c319250,Standard Selling Fee
9422,d2722109-c832-45ba-a1cd-28523c319250,Standard Selling Fee
9423,d2722109-c832-45ba-a1cd-28523c319250,Standard Selling Fee
9424,d2722109-c832-45ba-a1cd-28523c319250,Standard Selling Fee
9425,d2722109-c832-45ba-a1cd-28523c319250,Standard Selling Fee
9426,d2722109-c832-45ba-a1cd-28523c319250,Standard Selling Fee
9427,d2722109-c832-45ba-a1cd-28523c319250,Standard Selling Fee
9428,d2722109-c832-45ba-a1cd-28523c319250,Standard Selling Fee
9429,d2722109-c832-45ba-a1cd-28523c319250,Standard Selling Fee
9430,d2722109-c832-45ba-a1cd-28523c319250,Standard Selling Fee
9431,d2722109-c832-45ba-a1cd-28523c319250,Standard Selling Fee
9432,d2722109-c832-45ba-a1cd-28523c319250,Standard Selling Fee
9433,d2722109-c832-45ba-a1cd-28523c319250,Standard Selling Fee
9434,d2722109-c832-45ba-a1cd-28523c319250,Standard Selling Fee
9435,d2722109-c832-45ba-a1cd-28523c319250,Standard Selling Fee
9436,d2722109-c832-45ba-a1cd-28523c319250,Standard Selling Fee
9437,d2722109-c832-45ba-a1cd-28523c319250,Standard Selling Fee
9438,d2722109-c832-45ba-a1cd-28523c319250,Standard Selling Fee
9439,d2722109-c832-45ba-a1cd-28523c319250,Standard Selling Fee
9440,d2722109-c832-45ba-a1cd-28523c319250,Standard Selling Fee
9441,9ccfe96a-49ad-472d-95fb-3029dee54069,"Arts, Crafts & Sewing"
9443,d2722109-c832-45ba-a1cd-28523c319250,Standard Selling Fee
9444,d2722109-c832-45ba-a1cd-28523c319250,Standard Selling Fee
9445,d2722109-c832-45ba-a1cd-28523c319250,Standard Selling Fee
9446,d2722109-c832-45ba-a1cd-28523c319250,Standard Selling Fee
9449,d2722109-c832-45ba-a1cd-28523c319250,Standard Selling Fee
9450,9ccfe96a-82e7-4089-a9ff-f751e8c3cf93,DIY & Tools
9471,d2722109-c832-45ba-a1cd-28523c319250,Standard Selling Fee
9472,d2722109-c832-45ba-a1cd-28523c319250,Standard Selling Fee
9473,d2722109-c832-45ba-a1cd-28523c319250,Standard Selling Fee
9474,d2722109-c832-45ba-a1cd-28523c319250,Standard Selling Fee
9475,d2722109-c832-45ba-a1cd-28523c319250,Standard Selling Fee
9477,d2722109-c832-45ba-a1cd-28523c319250,Standard Selling Fee
9479,d2722109-c832-45ba-a1cd-28523c319250,Standard Selling Fee
9489,d2722109-c832-45ba-a1cd-28523c319250,Standard Selling Fee
9491,d2722109-c832-45ba-a1cd-28523c319250,Standard Selling Fee
9493,9ccfe96a-6a76-4522-8337-bea4f660a8ce,Consumer Electronics
9494,d2722109-c832-45ba-a1cd-28523c319250,Standard Selling Fee
9495,d2722109-c832-45ba-a1cd-28523c319250,Standard Selling Fee
9496,d2722109-c832-45ba-a1cd-28523c319250,Standard Selling Fee
9497,d2722109-c832-45ba-a1cd-28523c319250,Standard Selling Fee
9498,d2722109-c832-45ba-a1cd-28523c319250,Standard Selling Fee
9499,d2722109-c832-45ba-a1cd-28523c319250,Standard Selling Fee
9500,d2722109-c832-45ba-a1cd-28523c319250,Standard Selling Fee
9501,d2722109-c832-45ba-a1cd-28523c319250,Standard Selling Fee
9502,d2722109-c832-45ba-a1cd-28523c319250,Standard Selling Fee
9503,9ccfe96a-6a76-4522-8337-bea4f660a8ce,Consumer Electronics
9504,9ccfe96a-6a76-4522-8337-bea4f660a8ce,Consumer Electronics
9505,d2722109-c832-45ba-a1cd-28523c319250,Standard Selling Fee
9506,d2722109-c832-45ba-a1cd-28523c319250,Standard Selling Fee
9509,d2722109-c832-45ba-a1cd-28523c319250,Standard Selling Fee
9511,9ccfe96a-49ad-472d-95fb-3029dee54069,"Arts, Crafts & Sewing"
9513,9ccfe96a-82e7-4089-a9ff-f751e8c3cf93,DIY & Tools
9514,d2722109-c832-45ba-a1cd-28523c319250,Standard Selling Fee
9515,d2722109-c832-45ba-a1cd-28523c319250,Standard Selling Fee
9516,d2722109-c832-45ba-a1cd-28523c319250,Standard Selling Fee
9518,d2722109-c832-45ba-a1cd-28523c319250,Standard Selling Fee
9520,9ccfe96a-49ad-472d-95fb-3029dee54069,"Arts, Crafts & Sewing"
9521,d2722109-c832-45ba-a1cd-28523c319250,Standard Selling Fee
9523,9ccfe96a-49ad-472d-95fb-3029dee54069,"Arts, Crafts & Sewing"
9524,d2722109-c832-45ba-a1cd-28523c319250,Standard Selling Fee
9527,d2722109-c832-45ba-a1cd-28523c319250,Standard Selling Fee
9532,d2722109-c832-45ba-a1cd-28523c319250,Standard Selling Fee
9533,d2722109-c832-45ba-a1cd-28523c319250,Standard Selling Fee
9539,d2722109-c832-45ba-a1cd-28523c319250,Standard Selling Fee
9556,d2722109-c832-45ba-a1cd-28523c319250,Standard Selling Fee
9558,9ccfe96a-49ad-472d-95fb-3029dee54069,"Arts, Crafts & Sewing"
9559,d2722109-c832-45ba-a1cd-28523c319250,Standard Selling Fee
9560,d2722109-c832-45ba-a1cd-28523c319250,Standard Selling Fee
9561,d2722109-c832-45ba-a1cd-28523c319250,Standard Selling Fee
9562,9ccfe96a-49ad-472d-95fb-3029dee54069,"Arts, Crafts & Sewing"
9566,9ccfe96a-49ad-472d-95fb-3029dee54069,"Arts, Crafts & Sewing"
9570,d2722109-c832-45ba-a1cd-28523c319250,Standard Selling Fee
9571,d2722109-c832-45ba-a1cd-28523c319250,Standard Selling Fee
9572,d2722109-c832-45ba-a1cd-28523c319250,Standard Selling Fee
9574,d2722109-c832-45ba-a1cd-28523c319250,Standard Selling Fee
9575,d2722109-c832-45ba-a1cd-28523c319250,Standard Selling Fee
9576,d2722109-c832-45ba-a1cd-28523c319250,Standard Selling Fee
9578,d2722109-c832-45ba-a1cd-28523c319250,Standard Selling Fee
9579,d2722109-c832-45ba-a1cd-28523c319250,Standard Selling Fee
9581,d2722109-c832-45ba-a1cd-28523c319250,Standard Selling Fee
9583,d2722109-c832-45ba-a1cd-28523c319250,Standard Selling Fee
9584,d2722109-c832-45ba-a1cd-28523c319250,Standard Selling Fee
9585,d2722109-c832-45ba-a1cd-28523c319250,Standard Selling Fee
9586,d2722109-c832-45ba-a1cd-28523c319250,Standard Selling Fee
9587,d2722109-c832-45ba-a1cd-28523c319250,Standard Selling Fee
9588,d2722109-c832-45ba-a1cd-28523c319250,Standard Selling Fee
9590,9ccfe96a-49ad-472d-95fb-3029dee54069,"Arts, Crafts & Sewing"
9601,d2722109-c832-45ba-a1cd-28523c319250,Standard Selling Fee
9602,d2722109-c832-45ba-a1cd-28523c319250,Standard Selling Fee
9603,d2722109-c832-45ba-a1cd-28523c319250,Standard Selling Fee
9604,d2722109-c832-45ba-a1cd-28523c319250,Standard Selling Fee
9609,d2722109-c832-45ba-a1cd-28523c319250,Standard Selling Fee
9610,9ccfe96a-49ad-472d-95fb-3029dee54069,"Arts, Crafts & Sewing"
9611,d2722109-c832-45ba-a1cd-28523c319250,Standard Selling Fee
9612,d2722109-c832-45ba-a1cd-28523c319250,Standard Selling Fee
9613,d2722109-c832-45ba-a1cd-28523c319250,Standard Selling Fee
9615,9ccfe96a-49ad-472d-95fb-3029dee54069,"Arts, Crafts & Sewing"
9619,d2722109-c832-45ba-a1cd-28523c319250,Standard Selling Fee
9620,9ccfe96a-7acc-4555-8227-184f0d849d60,Everything else
9621,d2722109-c832-45ba-a1cd-28523c319250,Standard Selling Fee
9622,d2722109-c832-45ba-a1cd-28523c319250,Standard Selling Fee
9623,d2722109-c832-45ba-a1cd-28523c319250,Standard Selling Fee
9624,d2722109-c832-45ba-a1cd-28523c319250,Standard Selling Fee
9625,d2722109-c832-45ba-a1cd-28523c319250,Standard Selling Fee
9626,d2722109-c832-45ba-a1cd-28523c319250,Standard Selling Fee
9627,d2722109-c832-45ba-a1cd-28523c319250,Standard Selling Fee
9628,d2722109-c832-45ba-a1cd-28523c319250,Standard Selling Fee
9629,d2722109-c832-45ba-a1cd-28523c319250,Standard Selling Fee
9630,d2722109-c832-45ba-a1cd-28523c319250,Standard Selling Fee
9631,d2722109-c832-45ba-a1cd-28523c319250,Standard Selling Fee
9632,d2722109-c832-45ba-a1cd-28523c319250,Standard Selling Fee
9634,d2722109-c832-45ba-a1cd-28523c319250,Standard Selling Fee
9635,d2722109-c832-45ba-a1cd-28523c319250,Standard Selling Fee
9637,d2722109-c832-45ba-a1cd-28523c319250,Standard Selling Fee
9638,9ccfe96a-49ad-472d-95fb-3029dee54069,"Arts, Crafts & Sewing"
9639,d2722109-c832-45ba-a1cd-28523c319250,Standard Selling Fee
9640,d2722109-c832-45ba-a1cd-28523c319250,Standard Selling Fee
9642,d2722109-c832-45ba-a1cd-28523c319250,Standard Selling Fee
9643,d2722109-c832-45ba-a1cd-28523c319250,Standard Selling Fee
9645,9ccfe96a-49ad-472d-95fb-3029dee54069,"Arts, Crafts & Sewing"
9647,d2722109-c832-45ba-a1cd-28523c319250,Standard Selling Fee
9648,d2722109-c832-45ba-a1cd-28523c319250,Standard Selling Fee
9650,9ccfe96a-49ad-472d-95fb-3029dee54069,"Arts, Crafts & Sewing"
9651,d2722109-c832-45ba-a1cd-28523c319250,Standard Selling Fee
9656,d2722109-c832-45ba-a1cd-28523c319250,Standard Selling Fee
9657,d2722109-c832-45ba-a1cd-28523c319250,Standard Selling Fee
9658,d2722109-c832-45ba-a1cd-28523c319250,Standard Selling Fee
9660,d2722109-c832-45ba-a1cd-28523c319250,Standard Selling Fee
9662,9ccfe96a-82e7-4089-a9ff-f751e8c3cf93,DIY & Tools
9663,d2722109-c832-45ba-a1cd-28523c319250,Standard Selling Fee
9664,d2722109-c832-45ba-a1cd-28523c319250,Standard Selling Fee
9665,d2722109-c832-45ba-a1cd-28523c319250,Standard Selling Fee
9667,9ccfe96a-82e7-4089-a9ff-f751e8c3cf93,DIY & Tools
9668,9ccfe96a-fc67-4dfe-83f7-42eabdab9081,Musical Instruments & DJ
9669,d2722109-c832-45ba-a1cd-28523c319250,Standard Selling Fee
9670,d2722109-c832-45ba-a1cd-28523c319250,Standard Selling Fee
9671,9ccfe96a-c425-4fd4-afa4-31a6fec9e365,Power Tools
9672,d2722109-c832-45ba-a1cd-28523c319250,Standard Selling Fee
9673,d2722109-c832-45ba-a1cd-28523c319250,Standard Selling Fee
9674,d2722109-c832-45ba-a1cd-28523c319250,Standard Selling Fee
9675,d2722109-c832-45ba-a1cd-28523c319250,Standard Selling Fee
9677,9ccfe96a-49ad-472d-95fb-3029dee54069,"Arts, Crafts & Sewing"
9678,9ccfe96a-49ad-472d-95fb-3029dee54069,"Arts, Crafts & Sewing"
9679,d2722109-c832-45ba-a1cd-28523c319250,Standard Selling Fee
9681,9ccfe96a-6a76-4522-8337-bea4f660a8ce,Consumer Electronics
9682,d2722109-c832-45ba-a1cd-28523c319250,Standard Selling Fee
9683,d2722109-c832-45ba-a1cd-28523c319250,Standard Selling Fee
9684,d2722109-c832-45ba-a1cd-28523c319250,Standard Selling Fee
9685,d2722109-c832-45ba-a1cd-28523c319250,Standard Selling Fee
9686,9ccfe96a-49ad-472d-95fb-3029dee54069,"Arts, Crafts & Sewing"
9687,d2722109-c832-45ba-a1cd-28523c319250,Standard Selling Fee
9691,d2722109-c832-45ba-a1cd-28523c319250,Standard Selling Fee
9696,d2722109-c832-45ba-a1cd-28523c319250,Standard Selling Fee
9697,d2722109-c832-45ba-a1cd-28523c319250,Standard Selling Fee
9698,d2722109-c832-45ba-a1cd-28523c319250,Standard Selling Fee
9699,d2722109-c832-45ba-a1cd-28523c319250,Standard Selling Fee
9700,9ccfe96a-49ad-472d-95fb-3029dee54069,"Arts, Crafts & Sewing"
9703,9ccfe96a-82e7-4089-a9ff-f751e8c3cf93,DIY & Tools
9704,d2722109-c832-45ba-a1cd-28523c319250,Standard Selling Fee
9705,d2722109-c832-45ba-a1cd-28523c319250,Standard Selling Fee
9708,d2722109-c832-45ba-a1cd-28523c319250,Standard Selling Fee
9709,d2722109-c832-45ba-a1cd-28523c319250,Standard Selling Fee
9710,d2722109-c832-45ba-a1cd-28523c319250,Standard Selling Fee
9711,d2722109-c832-45ba-a1cd-28523c319250,Standard Selling Fee
9716,d2722109-c832-45ba-a1cd-28523c319250,Standard Selling Fee
9717,9ccfe96a-82e7-4089-a9ff-f751e8c3cf93,DIY & Tools
9718,9ccfe96a-82e7-4089-a9ff-f751e8c3cf93,DIY & Tools
9719,9ccfe96a-82e7-4089-a9ff-f751e8c3cf93,DIY & Tools
9720,9ccfe96a-82e7-4089-a9ff-f751e8c3cf93,DIY & Tools
9721,9ccfe96a-82e7-4089-a9ff-f751e8c3cf93,DIY & Tools
9722,d2722109-c832-45ba-a1cd-28523c319250,Standard Selling Fee
9723,9ccfe96a-82e7-4089-a9ff-f751e8c3cf93,DIY & Tools
9724,9ccfe96a-82e7-4089-a9ff-f751e8c3cf93,DIY & Tools
9725,9ccfe96a-82e7-4089-a9ff-f751e8c3cf93,DIY & Tools
9726,9ccfe96a-82e7-4089-a9ff-f751e8c3cf93,DIY & Tools
9727,d2722109-c832-45ba-a1cd-28523c319250,Standard Selling Fee
9728,9ccfe96a-49ad-472d-95fb-3029dee54069,"Arts, Crafts & Sewing"
9729,9ccfe96a-aca6-4382-98d2-a69f6be78bd6,"Beer, Wine & Spirits"
9730,9ccfe96a-aca6-4382-98d2-a69f6be78bd6,"Beer, Wine & Spirits"
9731,9ccfe96a-aca6-4382-98d2-a69f6be78bd6,"Beer, Wine & Spirits"
9732,9ccfe96a-49ad-472d-95fb-3029dee54069,"Arts, Crafts & Sewing"
9734,d2722109-c832-45ba-a1cd-28523c319250,Standard Selling Fee
9735,9ccfe96a-49ad-472d-95fb-3029dee54069,"Arts, Crafts & Sewing"
9736,d2722109-c832-45ba-a1cd-28523c319250,Standard Selling Fee
9737,d2722109-c832-45ba-a1cd-28523c319250,Standard Selling Fee
9738,d2722109-c832-45ba-a1cd-28523c319250,Standard Selling Fee
9739,d2722109-c832-45ba-a1cd-28523c319250,Standard Selling Fee
9740,d2722109-c832-45ba-a1cd-28523c319250,Standard Selling Fee
9741,d2722109-c832-45ba-a1cd-28523c319250,Standard Selling Fee
9742,d2722109-c832-45ba-a1cd-28523c319250,Standard Selling Fee
9743,d2722109-c832-45ba-a1cd-28523c319250,Standard Selling Fee
9744,d2722109-c832-45ba-a1cd-28523c319250,Standard Selling Fee
9745,d2722109-c832-45ba-a1cd-28523c319250,Standard Selling Fee
9746,d2722109-c832-45ba-a1cd-28523c319250,Standard Selling Fee
9747,d2722109-c832-45ba-a1cd-28523c319250,Standard Selling Fee
9748,d2722109-c832-45ba-a1cd-28523c319250,Standard Selling Fee
9749,d2722109-c832-45ba-a1cd-28523c319250,Standard Selling Fee
9750,d2722109-c832-45ba-a1cd-28523c319250,Standard Selling Fee
9751,d2722109-c832-45ba-a1cd-28523c319250,Standard Selling Fee
9753,9ccfe96a-49ad-472d-95fb-3029dee54069,"Arts, Crafts & Sewing"
9754,d2722109-c832-45ba-a1cd-28523c319250,Standard Selling Fee
9755,d2722109-c832-45ba-a1cd-28523c319250,Standard Selling Fee
9756,d2722109-c832-45ba-a1cd-28523c319250,Standard Selling Fee
9757,d2722109-c832-45ba-a1cd-28523c319250,Standard Selling Fee
9758,d2722109-c832-45ba-a1cd-28523c319250,Standard Selling Fee
9760,9ccfe96a-c425-4fd4-afa4-31a6fec9e365,Power Tools
9761,d2722109-c832-45ba-a1cd-28523c319250,Standard Selling Fee
9762,d2722109-c832-45ba-a1cd-28523c319250,Standard Selling Fee
9763,d2722109-c832-45ba-a1cd-28523c319250,Standard Selling Fee
9764,d2722109-c832-45ba-a1cd-28523c319250,Standard Selling Fee
9765,d2722109-c832-45ba-a1cd-28523c319250,Standard Selling Fee
9766,d2722109-c832-45ba-a1cd-28523c319250,Standard Selling Fee
9767,d2722109-c832-45ba-a1cd-28523c319250,Standard Selling Fee
9769,d2722109-c832-45ba-a1cd-28523c319250,Standard Selling Fee
9771,d2722109-c832-45ba-a1cd-28523c319250,Standard Selling Fee
9772,d2722109-c832-45ba-a1cd-28523c319250,Standard Selling Fee
9775,d2722109-c832-45ba-a1cd-28523c319250,Standard Selling Fee
9776,d2722109-c832-45ba-a1cd-28523c319250,Standard Selling Fee
9777,d2722109-c832-45ba-a1cd-28523c319250,Standard Selling Fee
9779,d2722109-c832-45ba-a1cd-28523c319250,Standard Selling Fee
9780,d2722109-c832-45ba-a1cd-28523c319250,Standard Selling Fee
9781,d2722109-c832-45ba-a1cd-28523c319250,Standard Selling Fee
9783,d2722109-c832-45ba-a1cd-28523c319250,Standard Selling Fee
9784,d2722109-c832-45ba-a1cd-28523c319250,Standard Selling Fee
9785,d2722109-c832-45ba-a1cd-28523c319250,Standard Selling Fee
9786,d2722109-c832-45ba-a1cd-28523c319250,Standard Selling Fee
9787,d2722109-c832-45ba-a1cd-28523c319250,Standard Selling Fee
9788,d2722109-c832-45ba-a1cd-28523c319250,Standard Selling Fee
9789,d2722109-c832-45ba-a1cd-28523c319250,Standard Selling Fee
9790,d2722109-c832-45ba-a1cd-28523c319250,Standard Selling Fee
9791,9ccfe96a-49ad-472d-95fb-3029dee54069,"Arts, Crafts & Sewing"
9792,d2722109-c832-45ba-a1cd-28523c319250,Standard Selling Fee
9793,d2722109-c832-45ba-a1cd-28523c319250,Standard Selling Fee
9794,d2722109-c832-45ba-a1cd-28523c319250,Standard Selling Fee
9795,d2722109-c832-45ba-a1cd-28523c319250,Standard Selling Fee
9796,9ccfe96a-49ad-472d-95fb-3029dee54069,"Arts, Crafts & Sewing"
9797,d2722109-c832-45ba-a1cd-28523c319250,Standard Selling Fee
9798,d2722109-c832-45ba-a1cd-28523c319250,Standard Selling Fee
9799,d2722109-c832-45ba-a1cd-28523c319250,Standard Selling Fee
9800,9ccfe96a-49ad-472d-95fb-3029dee54069,"Arts, Crafts & Sewing"
9801,d2722109-c832-45ba-a1cd-28523c319250,Standard Selling Fee
9802,9ccfe96a-49ad-472d-95fb-3029dee54069,"Arts, Crafts & Sewing"
9804,9ccfe96a-82e7-4089-a9ff-f751e8c3cf93,DIY & Tools
9805,d2722109-c832-45ba-a1cd-28523c319250,Standard Selling Fee
9806,d2722109-c832-45ba-a1cd-28523c319250,Standard Selling Fee
9807,9ccfe96a-49ad-472d-95fb-3029dee54069,"Arts, Crafts & Sewing"
9808,d2722109-c832-45ba-a1cd-28523c319250,Standard Selling Fee
9809,d2722109-c832-45ba-a1cd-28523c319250,Standard Selling Fee
9810,d2722109-c832-45ba-a1cd-28523c319250,Standard Selling Fee
9811,d2722109-c832-45ba-a1cd-28523c319250,Standard Selling Fee
9813,d2722109-c832-45ba-a1cd-28523c319250,Standard Selling Fee
9814,d2722109-c832-45ba-a1cd-28523c319250,Standard Selling Fee
9815,d2722109-c832-45ba-a1cd-28523c319250,Standard Selling Fee
9816,d2722109-c832-45ba-a1cd-28523c319250,Standard Selling Fee
9817,d2722109-c832-45ba-a1cd-28523c319250,Standard Selling Fee
9818,d2722109-c832-45ba-a1cd-28523c319250,Standard Selling Fee
9819,d2722109-c832-45ba-a1cd-28523c319250,Standard Selling Fee
9820,d2722109-c832-45ba-a1cd-28523c319250,Standard Selling Fee
9821,d2722109-c832-45ba-a1cd-28523c319250,Standard Selling Fee
9822,d2722109-c832-45ba-a1cd-28523c319250,Standard Selling Fee
9823,d2722109-c832-45ba-a1cd-28523c319250,Standard Selling Fee
9824,d2722109-c832-45ba-a1cd-28523c319250,Standard Selling Fee
9825,d2722109-c832-45ba-a1cd-28523c319250,Standard Selling Fee
9826,d2722109-c832-45ba-a1cd-28523c319250,Standard Selling Fee
9827,d2722109-c832-45ba-a1cd-28523c319250,Standard Selling Fee
9828,d2722109-c832-45ba-a1cd-28523c319250,Standard Selling Fee
9829,d2722109-c832-45ba-a1cd-28523c319250,Standard Selling Fee
9831,d2722109-c832-45ba-a1cd-28523c319250,Standard Selling Fee
9832,d2722109-c832-45ba-a1cd-28523c319250,Standard Selling Fee
9833,d2722109-c832-45ba-a1cd-28523c319250,Standard Selling Fee
9834,d2722109-c832-45ba-a1cd-28523c319250,Standard Selling Fee
9835,9ccfe96a-49ad-472d-95fb-3029dee54069,"Arts, Crafts & Sewing"
9836,d2722109-c832-45ba-a1cd-28523c319250,Standard Selling Fee
9837,d2722109-c832-45ba-a1cd-28523c319250,Standard Selling Fee
9838,d2722109-c832-45ba-a1cd-28523c319250,Standard Selling Fee
9839,d2722109-c832-45ba-a1cd-28523c319250,Standard Selling Fee
9840,d2722109-c832-45ba-a1cd-28523c319250,Standard Selling Fee
9841,9ccfe96a-49ad-472d-95fb-3029dee54069,"Arts, Crafts & Sewing"
9842,d2722109-c832-45ba-a1cd-28523c319250,Standard Selling Fee
9843,d2722109-c832-45ba-a1cd-28523c319250,Standard Selling Fee
9844,d2722109-c832-45ba-a1cd-28523c319250,Standard Selling Fee
9845,d2722109-c832-45ba-a1cd-28523c319250,Standard Selling Fee
9846,d2722109-c832-45ba-a1cd-28523c319250,Standard Selling Fee
9848,d2722109-c832-45ba-a1cd-28523c319250,Standard Selling Fee
9850,d2722109-c832-45ba-a1cd-28523c319250,Standard Selling Fee
9852,9ccfe96a-49ad-472d-95fb-3029dee54069,"Arts, Crafts & Sewing"
9853,d2722109-c832-45ba-a1cd-28523c319250,Standard Selling Fee
9854,d2722109-c832-45ba-a1cd-28523c319250,Standard Selling Fee
9855,d2722109-c832-45ba-a1cd-28523c319250,Standard Selling Fee
9856,d2722109-c832-45ba-a1cd-28523c319250,Standard Selling Fee
9857,d2722109-c832-45ba-a1cd-28523c319250,Standard Selling Fee
9858,d2722109-c832-45ba-a1cd-28523c319250,Standard Selling Fee
9859,d2722109-c832-45ba-a1cd-28523c319250,Standard Selling Fee
9860,d2722109-c832-45ba-a1cd-28523c319250,Standard Selling Fee
9861,d2722109-c832-45ba-a1cd-28523c319250,Standard Selling Fee
9862,d2722109-c832-45ba-a1cd-28523c319250,Standard Selling Fee
9863,d2722109-c832-45ba-a1cd-28523c319250,Standard Selling Fee
9865,d2722109-c832-45ba-a1cd-28523c319250,Standard Selling Fee
9866,d2722109-c832-45ba-a1cd-28523c319250,Standard Selling Fee
9867,d2722109-c832-45ba-a1cd-28523c319250,Standard Selling Fee
9868,d2722109-c832-45ba-a1cd-28523c319250,Standard Selling Fee
9869,d2722109-c832-45ba-a1cd-28523c319250,Standard Selling Fee
9870,d2722109-c832-45ba-a1cd-28523c319250,Standard Selling Fee
9871,d2722109-c832-45ba-a1cd-28523c319250,Standard Selling Fee
9872,d2722109-c832-45ba-a1cd-28523c319250,Standard Selling Fee
9873,d2722109-c832-45ba-a1cd-28523c319250,Standard Selling Fee
9874,d2722109-c832-45ba-a1cd-28523c319250,Standard Selling Fee
9875,d2722109-c832-45ba-a1cd-28523c319250,Standard Selling Fee
9876,d2722109-c832-45ba-a1cd-28523c319250,Standard Selling Fee
9877,d2722109-c832-45ba-a1cd-28523c319250,Standard Selling Fee
9878,d2722109-c832-45ba-a1cd-28523c319250,Standard Selling Fee
9879,d2722109-c832-45ba-a1cd-28523c319250,Standard Selling Fee
9880,9ccfe96a-49ad-472d-95fb-3029dee54069,"Arts, Crafts & Sewing"
9881,d2722109-c832-45ba-a1cd-28523c319250,Standard Selling Fee
9882,d2722109-c832-45ba-a1cd-28523c319250,Standard Selling Fee
9883,d2722109-c832-45ba-a1cd-28523c319250,Standard Selling Fee
9884,d2722109-c832-45ba-a1cd-28523c319250,Standard Selling Fee
9885,d2722109-c832-45ba-a1cd-28523c319250,Standard Selling Fee
9886,d2722109-c832-45ba-a1cd-28523c319250,Standard Selling Fee
9887,d2722109-c832-45ba-a1cd-28523c319250,Standard Selling Fee
9888,d2722109-c832-45ba-a1cd-28523c319250,Standard Selling Fee
9889,d2722109-c832-45ba-a1cd-28523c319250,Standard Selling Fee
9890,d2722109-c832-45ba-a1cd-28523c319250,Standard Selling Fee
9891,d2722109-c832-45ba-a1cd-28523c319250,Standard Selling Fee
9892,d2722109-c832-45ba-a1cd-28523c319250,Standard Selling Fee
9893,d2722109-c832-45ba-a1cd-28523c319250,Standard Selling Fee
9894,9ccfe96a-49ad-472d-95fb-3029dee54069,"Arts, Crafts & Sewing"
9895,9ccfe96a-49ad-472d-95fb-3029dee54069,"Arts, Crafts & Sewing"
9897,9ccfe96a-49ad-472d-95fb-3029dee54069,"Arts, Crafts & Sewing"
9899,9ccfe96a-49ad-472d-95fb-3029dee54069,"Arts, Crafts & Sewing"
9902,d2722109-c832-45ba-a1cd-28523c319250,Standard Selling Fee
9905,d2722109-c832-45ba-a1cd-28523c319250,Standard Selling Fee
9906,d2722109-c832-45ba-a1cd-28523c319250,Standard Selling Fee
9909,d2722109-c832-45ba-a1cd-28523c319250,Standard Selling Fee
9910,d2722109-c832-45ba-a1cd-28523c319250,Standard Selling Fee
9912,d2722109-c832-45ba-a1cd-28523c319250,Standard Selling Fee
9913,d2722109-c832-45ba-a1cd-28523c319250,Standard Selling Fee
9914,d2722109-c832-45ba-a1cd-28523c319250,Standard Selling Fee
9915,d2722109-c832-45ba-a1cd-28523c319250,Standard Selling Fee
9916,d2722109-c832-45ba-a1cd-28523c319250,Standard Selling Fee
9917,d2722109-c832-45ba-a1cd-28523c319250,Standard Selling Fee
9918,d2722109-c832-45ba-a1cd-28523c319250,Standard Selling Fee
9919,d2722109-c832-45ba-a1cd-28523c319250,Standard Selling Fee
9920,d2722109-c832-45ba-a1cd-28523c319250,Standard Selling Fee
9922,d2722109-c832-45ba-a1cd-28523c319250,Standard Selling Fee
9923,d2722109-c832-45ba-a1cd-28523c319250,Standard Selling Fee
9924,d2722109-c832-45ba-a1cd-28523c319250,Standard Selling Fee
9926,d2722109-c832-45ba-a1cd-28523c319250,Standard Selling Fee
9927,d2722109-c832-45ba-a1cd-28523c319250,Standard Selling Fee
9928,d2722109-c832-45ba-a1cd-28523c319250,Standard Selling Fee
9929,d2722109-c832-45ba-a1cd-28523c319250,Standard Selling Fee
9930,d2722109-c832-45ba-a1cd-28523c319250,Standard Selling Fee
9931,d2722109-c832-45ba-a1cd-28523c319250,Standard Selling Fee
9932,d2722109-c832-45ba-a1cd-28523c319250,Standard Selling Fee
9935,d2722109-c832-45ba-a1cd-28523c319250,Standard Selling Fee
9936,d2722109-c832-45ba-a1cd-28523c319250,Standard Selling Fee
9937,d2722109-c832-45ba-a1cd-28523c319250,Standard Selling Fee
9938,d2722109-c832-45ba-a1cd-28523c319250,Standard Selling Fee
9940,9ccfe96a-49ad-472d-95fb-3029dee54069,"Arts, Crafts & Sewing"
9941,9ccfe96a-49ad-472d-95fb-3029dee54069,"Arts, Crafts & Sewing"
9942,d2722109-c832-45ba-a1cd-28523c319250,Standard Selling Fee
9943,d2722109-c832-45ba-a1cd-28523c319250,Standard Selling Fee
9944,d2722109-c832-45ba-a1cd-28523c319250,Standard Selling Fee
9945,d2722109-c832-45ba-a1cd-28523c319250,Standard Selling Fee
9947,d2722109-c832-45ba-a1cd-28523c319250,Standard Selling Fee
9948,d2722109-c832-45ba-a1cd-28523c319250,Standard Selling Fee
9949,9ccfe96a-49ad-472d-95fb-3029dee54069,"Arts, Crafts & Sewing"
9950,d2722109-c832-45ba-a1cd-28523c319250,Standard Selling Fee
9951,d2722109-c832-45ba-a1cd-28523c319250,Standard Selling Fee
9952,d2722109-c832-45ba-a1cd-28523c319250,Standard Selling Fee
9953,d2722109-c832-45ba-a1cd-28523c319250,Standard Selling Fee
9954,d2722109-c832-45ba-a1cd-28523c319250,Standard Selling Fee
9955,d2722109-c832-45ba-a1cd-28523c319250,Standard Selling Fee
9956,d2722109-c832-45ba-a1cd-28523c319250,Standard Selling Fee
9957,d2722109-c832-45ba-a1cd-28523c319250,Standard Selling Fee
9958,d2722109-c832-45ba-a1cd-28523c319250,Standard Selling Fee
9960,d2722109-c832-45ba-a1cd-28523c319250,Standard Selling Fee
9961,d2722109-c832-45ba-a1cd-28523c319250,Standard Selling Fee
9962,d2722109-c832-45ba-a1cd-28523c319250,Standard Selling Fee
9963,d2722109-c832-45ba-a1cd-28523c319250,Standard Selling Fee
9964,d2722109-c832-45ba-a1cd-28523c319250,Standard Selling Fee
9965,9ccfe96a-49ad-472d-95fb-3029dee54069,"Arts, Crafts & Sewing"
9966,d2722109-c832-45ba-a1cd-28523c319250,Standard Selling Fee
9968,d2722109-c832-45ba-a1cd-28523c319250,Standard Selling Fee
9969,d2722109-c832-45ba-a1cd-28523c319250,Standard Selling Fee
9970,d2722109-c832-45ba-a1cd-28523c319250,Standard Selling Fee
9977,d2722109-c832-45ba-a1cd-28523c319250,Standard Selling Fee
9978,d2722109-c832-45ba-a1cd-28523c319250,Standard Selling Fee
9980,d2722109-c832-45ba-a1cd-28523c319250,Standard Selling Fee
9981,d2722109-c832-45ba-a1cd-28523c319250,Standard Selling Fee
9982,9ccfe96a-49ad-472d-95fb-3029dee54069,"Arts, Crafts & Sewing"
9983,9ccfe96a-49ad-472d-95fb-3029dee54069,"Arts, Crafts & Sewing"
9984,d2722109-c832-45ba-a1cd-28523c319250,Standard Selling Fee
9985,d2722109-c832-45ba-a1cd-28523c319250,Standard Selling Fee
9987,d2722109-c832-45ba-a1cd-28523c319250,Standard Selling Fee
9988,d2722109-c832-45ba-a1cd-28523c319250,Standard Selling Fee
9989,9ccfe96a-49ad-472d-95fb-3029dee54069,"Arts, Crafts & Sewing"
9990,d2722109-c832-45ba-a1cd-28523c319250,Standard Selling Fee
9991,d2722109-c832-45ba-a1cd-28523c319250,Standard Selling Fee
9992,d2722109-c832-45ba-a1cd-28523c319250,Standard Selling Fee
9993,d2722109-c832-45ba-a1cd-28523c319250,Standard Selling Fee
9994,d2722109-c832-45ba-a1cd-28523c319250,Standard Selling Fee
9995,d2722109-c832-45ba-a1cd-28523c319250,Standard Selling Fee
9996,d2722109-c832-45ba-a1cd-28523c319250,Standard Selling Fee
9997,d2722109-c832-45ba-a1cd-28523c319250,Standard Selling Fee
9999,d2722109-c832-45ba-a1cd-28523c319250,Standard Selling Fee
10000,d2722109-c832-45ba-a1cd-28523c319250,Standard Selling Fee
10002,d2722109-c832-45ba-a1cd-28523c319250,Standard Selling Fee
10003,d2722109-c832-45ba-a1cd-28523c319250,Standard Selling Fee
10004,d2722109-c832-45ba-a1cd-28523c319250,Standard Selling Fee
10005,d2722109-c832-45ba-a1cd-28523c319250,Standard Selling Fee
10006,d2722109-c832-45ba-a1cd-28523c319250,Standard Selling Fee
10008,d2722109-c832-45ba-a1cd-28523c319250,Standard Selling Fee
10009,d2722109-c832-45ba-a1cd-28523c319250,Standard Selling Fee
10010,9ccfe96a-49ad-472d-95fb-3029dee54069,"Arts, Crafts & Sewing"
10011,d2722109-c832-45ba-a1cd-28523c319250,Standard Selling Fee
10012,d2722109-c832-45ba-a1cd-28523c319250,Standard Selling Fee
10013,d2722109-c832-45ba-a1cd-28523c319250,Standard Selling Fee
10014,9ccfe96a-49ad-472d-95fb-3029dee54069,"Arts, Crafts & Sewing"
10015,d2722109-c832-45ba-a1cd-28523c319250,Standard Selling Fee
10016,d2722109-c832-45ba-a1cd-28523c319250,Standard Selling Fee
10017,d2722109-c832-45ba-a1cd-28523c319250,Standard Selling Fee
10020,d2722109-c832-45ba-a1cd-28523c319250,Standard Selling Fee
10021,d2722109-c832-45ba-a1cd-28523c319250,Standard Selling Fee
10022,d2722109-c832-45ba-a1cd-28523c319250,Standard Selling Fee
10023,d2722109-c832-45ba-a1cd-28523c319250,Standard Selling Fee
10024,d2722109-c832-45ba-a1cd-28523c319250,Standard Selling Fee
10025,9ccfe96a-49ad-472d-95fb-3029dee54069,"Arts, Crafts & Sewing"
10026,d2722109-c832-45ba-a1cd-28523c319250,Standard Selling Fee
10030,d2722109-c832-45ba-a1cd-28523c319250,Standard Selling Fee
10031,d2722109-c832-45ba-a1cd-28523c319250,Standard Selling Fee
10032,9ccfe96a-49ad-472d-95fb-3029dee54069,"Arts, Crafts & Sewing"
10033,d2722109-c832-45ba-a1cd-28523c319250,Standard Selling Fee
10035,d2722109-c832-45ba-a1cd-28523c319250,Standard Selling Fee
10036,d2722109-c832-45ba-a1cd-28523c319250,Standard Selling Fee
10038,d2722109-c832-45ba-a1cd-28523c319250,Standard Selling Fee
10039,d2722109-c832-45ba-a1cd-28523c319250,Standard Selling Fee
10040,d2722109-c832-45ba-a1cd-28523c319250,Standard Selling Fee
10041,d2722109-c832-45ba-a1cd-28523c319250,Standard Selling Fee
10042,d2722109-c832-45ba-a1cd-28523c319250,Standard Selling Fee
10046,d2722109-c832-45ba-a1cd-28523c319250,Standard Selling Fee
10047,d2722109-c832-45ba-a1cd-28523c319250,Standard Selling Fee
10048,d2722109-c832-45ba-a1cd-28523c319250,Standard Selling Fee
10049,d2722109-c832-45ba-a1cd-28523c319250,Standard Selling Fee
10050,d2722109-c832-45ba-a1cd-28523c319250,Standard Selling Fee
10051,d2722109-c832-45ba-a1cd-28523c319250,Standard Selling Fee
10052,d2722109-c832-45ba-a1cd-28523c319250,Standard Selling Fee
10053,d2722109-c832-45ba-a1cd-28523c319250,Standard Selling Fee
10055,9ccfe96a-49ad-472d-95fb-3029dee54069,"Arts, Crafts & Sewing"
10056,d2722109-c832-45ba-a1cd-28523c319250,Standard Selling Fee
10057,d2722109-c832-45ba-a1cd-28523c319250,Standard Selling Fee
10058,d2722109-c832-45ba-a1cd-28523c319250,Standard Selling Fee
10059,d2722109-c832-45ba-a1cd-28523c319250,Standard Selling Fee
10060,d2722109-c832-45ba-a1cd-28523c319250,Standard Selling Fee
10062,d2722109-c832-45ba-a1cd-28523c319250,Standard Selling Fee
10063,d2722109-c832-45ba-a1cd-28523c319250,Standard Selling Fee
10065,d2722109-c832-45ba-a1cd-28523c319250,Standard Selling Fee
10066,d2722109-c832-45ba-a1cd-28523c319250,Standard Selling Fee
10067,9ccfe96a-49ad-472d-95fb-3029dee54069,"Arts, Crafts & Sewing"
10068,d2722109-c832-45ba-a1cd-28523c319250,Standard Selling Fee
10069,d2722109-c832-45ba-a1cd-28523c319250,Standard Selling Fee
10070,d2722109-c832-45ba-a1cd-28523c319250,Standard Selling Fee
10071,d2722109-c832-45ba-a1cd-28523c319250,Standard Selling Fee
10072,d2722109-c832-45ba-a1cd-28523c319250,Standard Selling Fee
10073,9ccfe96a-49ad-472d-95fb-3029dee54069,"Arts, Crafts & Sewing"
10074,d2722109-c832-45ba-a1cd-28523c319250,Standard Selling Fee
10075,d2722109-c832-45ba-a1cd-28523c319250,Standard Selling Fee
10076,d2722109-c832-45ba-a1cd-28523c319250,Standard Selling Fee
10077,d2722109-c832-45ba-a1cd-28523c319250,Standard Selling Fee
10078,d2722109-c832-45ba-a1cd-28523c319250,Standard Selling Fee
10079,d2722109-c832-45ba-a1cd-28523c319250,Standard Selling Fee
10081,d2722109-c832-45ba-a1cd-28523c319250,Standard Selling Fee
10082,d2722109-c832-45ba-a1cd-28523c319250,Standard Selling Fee
10083,d2722109-c832-45ba-a1cd-28523c319250,Standard Selling Fee
10084,d2722109-c832-45ba-a1cd-28523c319250,Standard Selling Fee
10087,d2722109-c832-45ba-a1cd-28523c319250,Standard Selling Fee
10088,d2722109-c832-45ba-a1cd-28523c319250,Standard Selling Fee
10089,d2722109-c832-45ba-a1cd-28523c319250,Standard Selling Fee
10090,d2722109-c832-45ba-a1cd-28523c319250,Standard Selling Fee
10091,d2722109-c832-45ba-a1cd-28523c319250,Standard Selling Fee
10092,d2722109-c832-45ba-a1cd-28523c319250,Standard Selling Fee
10093,d2722109-c832-45ba-a1cd-28523c319250,Standard Selling Fee
10094,d2722109-c832-45ba-a1cd-28523c319250,Standard Selling Fee
10095,d2722109-c832-45ba-a1cd-28523c319250,Standard Selling Fee
10096,d2722109-c832-45ba-a1cd-28523c319250,Standard Selling Fee
10097,d2722109-c832-45ba-a1cd-28523c319250,Standard Selling Fee
10099,9ccfe96a-49ad-472d-95fb-3029dee54069,"Arts, Crafts & Sewing"
10100,d2722109-c832-45ba-a1cd-28523c319250,Standard Selling Fee
10101,d2722109-c832-45ba-a1cd-28523c319250,Standard Selling Fee
10102,d2722109-c832-45ba-a1cd-28523c319250,Standard Selling Fee
10103,d2722109-c832-45ba-a1cd-28523c319250,Standard Selling Fee
10104,d2722109-c832-45ba-a1cd-28523c319250,Standard Selling Fee
10105,d2722109-c832-45ba-a1cd-28523c319250,Standard Selling Fee
10106,d2722109-c832-45ba-a1cd-28523c319250,Standard Selling Fee
10107,d2722109-c832-45ba-a1cd-28523c319250,Standard Selling Fee
10108,d2722109-c832-45ba-a1cd-28523c319250,Standard Selling Fee
10109,9ccfe96a-49ad-472d-95fb-3029dee54069,"Arts, Crafts & Sewing"
10110,d2722109-c832-45ba-a1cd-28523c319250,Standard Selling Fee
10111,d2722109-c832-45ba-a1cd-28523c319250,Standard Selling Fee
10112,d2722109-c832-45ba-a1cd-28523c319250,Standard Selling Fee
10114,d2722109-c832-45ba-a1cd-28523c319250,Standard Selling Fee
10115,d2722109-c832-45ba-a1cd-28523c319250,Standard Selling Fee
10116,d2722109-c832-45ba-a1cd-28523c319250,Standard Selling Fee
10117,d2722109-c832-45ba-a1cd-28523c319250,Standard Selling Fee
10118,d2722109-c832-45ba-a1cd-28523c319250,Standard Selling Fee
10119,d2722109-c832-45ba-a1cd-28523c319250,Standard Selling Fee
10120,d2722109-c832-45ba-a1cd-28523c319250,Standard Selling Fee
10121,d2722109-c832-45ba-a1cd-28523c319250,Standard Selling Fee
10122,d2722109-c832-45ba-a1cd-28523c319250,Standard Selling Fee
10123,d2722109-c832-45ba-a1cd-28523c319250,Standard Selling Fee
10124,d2722109-c832-45ba-a1cd-28523c319250,Standard Selling Fee
10126,d2722109-c832-45ba-a1cd-28523c319250,Standard Selling Fee
10127,d2722109-c832-45ba-a1cd-28523c319250,Standard Selling Fee
10128,d2722109-c832-45ba-a1cd-28523c319250,Standard Selling Fee
10131,d2722109-c832-45ba-a1cd-28523c319250,Standard Selling Fee
10132,d2722109-c832-45ba-a1cd-28523c319250,Standard Selling Fee
10133,d2722109-c832-45ba-a1cd-28523c319250,Standard Selling Fee
10135,d2722109-c832-45ba-a1cd-28523c319250,Standard Selling Fee
10136,d2722109-c832-45ba-a1cd-28523c319250,Standard Selling Fee
10138,d2722109-c832-45ba-a1cd-28523c319250,Standard Selling Fee
10139,d2722109-c832-45ba-a1cd-28523c319250,Standard Selling Fee
10140,d2722109-c832-45ba-a1cd-28523c319250,Standard Selling Fee
10141,d2722109-c832-45ba-a1cd-28523c319250,Standard Selling Fee
10142,d2722109-c832-45ba-a1cd-28523c319250,Standard Selling Fee
10144,9ccfe96a-49ad-472d-95fb-3029dee54069,"Arts, Crafts & Sewing"
10146,d2722109-c832-45ba-a1cd-28523c319250,Standard Selling Fee
10147,9ccfe96a-49ad-472d-95fb-3029dee54069,"Arts, Crafts & Sewing"
10149,d2722109-c832-45ba-a1cd-28523c319250,Standard Selling Fee
10150,d2722109-c832-45ba-a1cd-28523c319250,Standard Selling Fee
10151,d2722109-c832-45ba-a1cd-28523c319250,Standard Selling Fee
10152,d2722109-c832-45ba-a1cd-28523c319250,Standard Selling Fee
10153,d2722109-c832-45ba-a1cd-28523c319250,Standard Selling Fee
10154,9ccfe96a-49ad-472d-95fb-3029dee54069,"Arts, Crafts & Sewing"
10155,d2722109-c832-45ba-a1cd-28523c319250,Standard Selling Fee
10156,d2722109-c832-45ba-a1cd-28523c319250,Standard Selling Fee
10157,d2722109-c832-45ba-a1cd-28523c319250,Standard Selling Fee
10158,d2722109-c832-45ba-a1cd-28523c319250,Standard Selling Fee
10159,d2722109-c832-45ba-a1cd-28523c319250,Standard Selling Fee
10160,d2722109-c832-45ba-a1cd-28523c319250,Standard Selling Fee
10161,d2722109-c832-45ba-a1cd-28523c319250,Standard Selling Fee
10162,d2722109-c832-45ba-a1cd-28523c319250,Standard Selling Fee
10163,d2722109-c832-45ba-a1cd-28523c319250,Standard Selling Fee
10164,d2722109-c832-45ba-a1cd-28523c319250,Standard Selling Fee
10165,d2722109-c832-45ba-a1cd-28523c319250,Standard Selling Fee
10166,d2722109-c832-45ba-a1cd-28523c319250,Standard Selling Fee
10167,d2722109-c832-45ba-a1cd-28523c319250,Standard Selling Fee
10168,d2722109-c832-45ba-a1cd-28523c319250,Standard Selling Fee
10169,d2722109-c832-45ba-a1cd-28523c319250,Standard Selling Fee
10170,d2722109-c832-45ba-a1cd-28523c319250,Standard Selling Fee
10171,d2722109-c832-45ba-a1cd-28523c319250,Standard Selling Fee
10172,d2722109-c832-45ba-a1cd-28523c319250,Standard Selling Fee
10173,d2722109-c832-45ba-a1cd-28523c319250,Standard Selling Fee
10174,d2722109-c832-45ba-a1cd-28523c319250,Standard Selling Fee
10176,d2722109-c832-45ba-a1cd-28523c319250,Standard Selling Fee
10177,d2722109-c832-45ba-a1cd-28523c319250,Standard Selling Fee
10178,d2722109-c832-45ba-a1cd-28523c319250,Standard Selling Fee
10179,d2722109-c832-45ba-a1cd-28523c319250,Standard Selling Fee
10180,d2722109-c832-45ba-a1cd-28523c319250,Standard Selling Fee
10181,d2722109-c832-45ba-a1cd-28523c319250,Standard Selling Fee
10182,d2722109-c832-45ba-a1cd-28523c319250,Standard Selling Fee
10183,d2722109-c832-45ba-a1cd-28523c319250,Standard Selling Fee
10185,d2722109-c832-45ba-a1cd-28523c319250,Standard Selling Fee
10186,d2722109-c832-45ba-a1cd-28523c319250,Standard Selling Fee
10187,d2722109-c832-45ba-a1cd-28523c319250,Standard Selling Fee
10189,d2722109-c832-45ba-a1cd-28523c319250,Standard Selling Fee
10190,d2722109-c832-45ba-a1cd-28523c319250,Standard Selling Fee
10191,d2722109-c832-45ba-a1cd-28523c319250,Standard Selling Fee
10192,d2722109-c832-45ba-a1cd-28523c319250,Standard Selling Fee
10193,9ccfe96a-49ad-472d-95fb-3029dee54069,"Arts, Crafts & Sewing"
10194,d2722109-c832-45ba-a1cd-28523c319250,Standard Selling Fee
10195,d2722109-c832-45ba-a1cd-28523c319250,Standard Selling Fee
10196,d2722109-c832-45ba-a1cd-28523c319250,Standard Selling Fee
10197,d2722109-c832-45ba-a1cd-28523c319250,Standard Selling Fee
10198,9ccfe96a-49ad-472d-95fb-3029dee54069,"Arts, Crafts & Sewing"
10199,d2722109-c832-45ba-a1cd-28523c319250,Standard Selling Fee
10200,d2722109-c832-45ba-a1cd-28523c319250,Standard Selling Fee
10201,d2722109-c832-45ba-a1cd-28523c319250,Standard Selling Fee
10202,d2722109-c832-45ba-a1cd-28523c319250,Standard Selling Fee
10203,d2722109-c832-45ba-a1cd-28523c319250,Standard Selling Fee
10204,d2722109-c832-45ba-a1cd-28523c319250,Standard Selling Fee
10205,d2722109-c832-45ba-a1cd-28523c319250,Standard Selling Fee
10206,d2722109-c832-45ba-a1cd-28523c319250,Standard Selling Fee
10207,9ccfe96a-49ad-472d-95fb-3029dee54069,"Arts, Crafts & Sewing"
10208,d2722109-c832-45ba-a1cd-28523c319250,Standard Selling Fee
10209,d2722109-c832-45ba-a1cd-28523c319250,Standard Selling Fee
10210,d2722109-c832-45ba-a1cd-28523c319250,Standard Selling Fee
10211,d2722109-c832-45ba-a1cd-28523c319250,Standard Selling Fee
10212,d2722109-c832-45ba-a1cd-28523c319250,Standard Selling Fee
10213,d2722109-c832-45ba-a1cd-28523c319250,Standard Selling Fee
10214,d2722109-c832-45ba-a1cd-28523c319250,Standard Selling Fee
10215,d2722109-c832-45ba-a1cd-28523c319250,Standard Selling Fee
10216,d2722109-c832-45ba-a1cd-28523c319250,Standard Selling Fee
10217,d2722109-c832-45ba-a1cd-28523c319250,Standard Selling Fee
10218,d2722109-c832-45ba-a1cd-28523c319250,Standard Selling Fee
10219,d2722109-c832-45ba-a1cd-28523c319250,Standard Selling Fee
10220,d2722109-c832-45ba-a1cd-28523c319250,Standard Selling Fee
10221,d2722109-c832-45ba-a1cd-28523c319250,Standard Selling Fee
10222,d2722109-c832-45ba-a1cd-28523c319250,Standard Selling Fee
10223,d2722109-c832-45ba-a1cd-28523c319250,Standard Selling Fee
10224,9ccfe96a-49ad-472d-95fb-3029dee54069,"Arts, Crafts & Sewing"
10225,d2722109-c832-45ba-a1cd-28523c319250,Standard Selling Fee
10226,d2722109-c832-45ba-a1cd-28523c319250,Standard Selling Fee
10227,d2722109-c832-45ba-a1cd-28523c319250,Standard Selling Fee
10228,d2722109-c832-45ba-a1cd-28523c319250,Standard Selling Fee
10229,d2722109-c832-45ba-a1cd-28523c319250,Standard Selling Fee
10230,9ccfe96a-49ad-472d-95fb-3029dee54069,"Arts, Crafts & Sewing"
10231,d2722109-c832-45ba-a1cd-28523c319250,Standard Selling Fee
10232,d2722109-c832-45ba-a1cd-28523c319250,Standard Selling Fee
10233,d2722109-c832-45ba-a1cd-28523c319250,Standard Selling Fee
10234,9ccfe96a-49ad-472d-95fb-3029dee54069,"Arts, Crafts & Sewing"
10235,d2722109-c832-45ba-a1cd-28523c319250,Standard Selling Fee
10236,d2722109-c832-45ba-a1cd-28523c319250,Standard Selling Fee
10237,d2722109-c832-45ba-a1cd-28523c319250,Standard Selling Fee
10239,d2722109-c832-45ba-a1cd-28523c319250,Standard Selling Fee
10240,d2722109-c832-45ba-a1cd-28523c319250,Standard Selling Fee
10241,d2722109-c832-45ba-a1cd-28523c319250,Standard Selling Fee
10242,d2722109-c832-45ba-a1cd-28523c319250,Standard Selling Fee
10243,d2722109-c832-45ba-a1cd-28523c319250,Standard Selling Fee
10244,d2722109-c832-45ba-a1cd-28523c319250,Standard Selling Fee
10245,d2722109-c832-45ba-a1cd-28523c319250,Standard Selling Fee
10246,d2722109-c832-45ba-a1cd-28523c319250,Standard Selling Fee
10247,d2722109-c832-45ba-a1cd-28523c319250,Standard Selling Fee
10248,d2722109-c832-45ba-a1cd-28523c319250,Standard Selling Fee
10249,d2722109-c832-45ba-a1cd-28523c319250,Standard Selling Fee
10250,d2722109-c832-45ba-a1cd-28523c319250,Standard Selling Fee
10251,d2722109-c832-45ba-a1cd-28523c319250,Standard Selling Fee
10252,9ccfe96a-49ad-472d-95fb-3029dee54069,"Arts, Crafts & Sewing"
10253,d2722109-c832-45ba-a1cd-28523c319250,Standard Selling Fee
10254,d2722109-c832-45ba-a1cd-28523c319250,Standard Selling Fee
10255,d2722109-c832-45ba-a1cd-28523c319250,Standard Selling Fee
10256,d2722109-c832-45ba-a1cd-28523c319250,Standard Selling Fee
10257,9ccfe96a-49ad-472d-95fb-3029dee54069,"Arts, Crafts & Sewing"
10258,d2722109-c832-45ba-a1cd-28523c319250,Standard Selling Fee
10259,d2722109-c832-45ba-a1cd-28523c319250,Standard Selling Fee
10260,d2722109-c832-45ba-a1cd-28523c319250,Standard Selling Fee
10261,d2722109-c832-45ba-a1cd-28523c319250,Standard Selling Fee
10262,d2722109-c832-45ba-a1cd-28523c319250,Standard Selling Fee
10263,d2722109-c832-45ba-a1cd-28523c319250,Standard Selling Fee
10264,d2722109-c832-45ba-a1cd-28523c319250,Standard Selling Fee
10265,d2722109-c832-45ba-a1cd-28523c319250,Standard Selling Fee
10267,d2722109-c832-45ba-a1cd-28523c319250,Standard Selling Fee
10268,d2722109-c832-45ba-a1cd-28523c319250,Standard Selling Fee
10269,d2722109-c832-45ba-a1cd-28523c319250,Standard Selling Fee
10270,d2722109-c832-45ba-a1cd-28523c319250,Standard Selling Fee
10271,d2722109-c832-45ba-a1cd-28523c319250,Standard Selling Fee
10272,d2722109-c832-45ba-a1cd-28523c319250,Standard Selling Fee
10275,d2722109-c832-45ba-a1cd-28523c319250,Standard Selling Fee
10276,d2722109-c832-45ba-a1cd-28523c319250,Standard Selling Fee
10277,d2722109-c832-45ba-a1cd-28523c319250,Standard Selling Fee
10278,d2722109-c832-45ba-a1cd-28523c319250,Standard Selling Fee
10279,d2722109-c832-45ba-a1cd-28523c319250,Standard Selling Fee
10281,d2722109-c832-45ba-a1cd-28523c319250,Standard Selling Fee
10282,d2722109-c832-45ba-a1cd-28523c319250,Standard Selling Fee
10283,d2722109-c832-45ba-a1cd-28523c319250,Standard Selling Fee
10284,d2722109-c832-45ba-a1cd-28523c319250,Standard Selling Fee
10285,d2722109-c832-45ba-a1cd-28523c319250,Standard Selling Fee
10288,d2722109-c832-45ba-a1cd-28523c319250,Standard Selling Fee
10289,d2722109-c832-45ba-a1cd-28523c319250,Standard Selling Fee
10291,d2722109-c832-45ba-a1cd-28523c319250,Standard Selling Fee
10292,d2722109-c832-45ba-a1cd-28523c319250,Standard Selling Fee
10293,d2722109-c832-45ba-a1cd-28523c319250,Standard Selling Fee
10294,d2722109-c832-45ba-a1cd-28523c319250,Standard Selling Fee
10295,d2722109-c832-45ba-a1cd-28523c319250,Standard Selling Fee
10296,d2722109-c832-45ba-a1cd-28523c319250,Standard Selling Fee
10297,d2722109-c832-45ba-a1cd-28523c319250,Standard Selling Fee
10298,d2722109-c832-45ba-a1cd-28523c319250,Standard Selling Fee
10299,d2722109-c832-45ba-a1cd-28523c319250,Standard Selling Fee
10300,d2722109-c832-45ba-a1cd-28523c319250,Standard Selling Fee
10301,d2722109-c832-45ba-a1cd-28523c319250,Standard Selling Fee
10303,d2722109-c832-45ba-a1cd-28523c319250,Standard Selling Fee
10304,d2722109-c832-45ba-a1cd-28523c319250,Standard Selling Fee
10305,d2722109-c832-45ba-a1cd-28523c319250,Standard Selling Fee
10306,9ccfe96a-49ad-472d-95fb-3029dee54069,"Arts, Crafts & Sewing"
10307,d2722109-c832-45ba-a1cd-28523c319250,Standard Selling Fee
10308,d2722109-c832-45ba-a1cd-28523c319250,Standard Selling Fee
10309,d2722109-c832-45ba-a1cd-28523c319250,Standard Selling Fee
10311,d2722109-c832-45ba-a1cd-28523c319250,Standard Selling Fee
10313,d2722109-c832-45ba-a1cd-28523c319250,Standard Selling Fee
10314,d2722109-c832-45ba-a1cd-28523c319250,Standard Selling Fee
10315,d2722109-c832-45ba-a1cd-28523c319250,Standard Selling Fee
10316,d2722109-c832-45ba-a1cd-28523c319250,Standard Selling Fee
10317,d2722109-c832-45ba-a1cd-28523c319250,Standard Selling Fee
10318,d2722109-c832-45ba-a1cd-28523c319250,Standard Selling Fee
10319,d2722109-c832-45ba-a1cd-28523c319250,Standard Selling Fee
10320,d2722109-c832-45ba-a1cd-28523c319250,Standard Selling Fee
10321,d2722109-c832-45ba-a1cd-28523c319250,Standard Selling Fee
10322,d2722109-c832-45ba-a1cd-28523c319250,Standard Selling Fee
10324,d2722109-c832-45ba-a1cd-28523c319250,Standard Selling Fee
10325,d2722109-c832-45ba-a1cd-28523c319250,Standard Selling Fee
10326,d2722109-c832-45ba-a1cd-28523c319250,Standard Selling Fee
10328,d2722109-c832-45ba-a1cd-28523c319250,Standard Selling Fee
10329,d2722109-c832-45ba-a1cd-28523c319250,Standard Selling Fee
10330,d2722109-c832-45ba-a1cd-28523c319250,Standard Selling Fee
10331,d2722109-c832-45ba-a1cd-28523c319250,Standard Selling Fee
10332,d2722109-c832-45ba-a1cd-28523c319250,Standard Selling Fee
10333,9ccfe96a-49ad-472d-95fb-3029dee54069,"Arts, Crafts & Sewing"
10334,d2722109-c832-45ba-a1cd-28523c319250,Standard Selling Fee
10335,d2722109-c832-45ba-a1cd-28523c319250,Standard Selling Fee
10336,d2722109-c832-45ba-a1cd-28523c319250,Standard Selling Fee
10337,d2722109-c832-45ba-a1cd-28523c319250,Standard Selling Fee
10338,d2722109-c832-45ba-a1cd-28523c319250,Standard Selling Fee
10339,d2722109-c832-45ba-a1cd-28523c319250,Standard Selling Fee
10340,d2722109-c832-45ba-a1cd-28523c319250,Standard Selling Fee
10341,9ccfe96a-49ad-472d-95fb-3029dee54069,"Arts, Crafts & Sewing"
10342,d2722109-c832-45ba-a1cd-28523c319250,Standard Selling Fee
10343,d2722109-c832-45ba-a1cd-28523c319250,Standard Selling Fee
10344,d2722109-c832-45ba-a1cd-28523c319250,Standard Selling Fee
10345,d2722109-c832-45ba-a1cd-28523c319250,Standard Selling Fee
10346,d2722109-c832-45ba-a1cd-28523c319250,Standard Selling Fee
10347,9ccfe96a-49ad-472d-95fb-3029dee54069,"Arts, Crafts & Sewing"
10348,d2722109-c832-45ba-a1cd-28523c319250,Standard Selling Fee
10349,d2722109-c832-45ba-a1cd-28523c319250,Standard Selling Fee
10350,d2722109-c832-45ba-a1cd-28523c319250,Standard Selling Fee
10351,d2722109-c832-45ba-a1cd-28523c319250,Standard Selling Fee
10353,d2722109-c832-45ba-a1cd-28523c319250,Standard Selling Fee
10355,d2722109-c832-45ba-a1cd-28523c319250,Standard Selling Fee
10356,d2722109-c832-45ba-a1cd-28523c319250,Standard Selling Fee
10358,d2722109-c832-45ba-a1cd-28523c319250,Standard Selling Fee
10359,d2722109-c832-45ba-a1cd-28523c319250,Standard Selling Fee
10360,d2722109-c832-45ba-a1cd-28523c319250,Standard Selling Fee
10362,d2722109-c832-45ba-a1cd-28523c319250,Standard Selling Fee
10364,9ccfe96a-49ad-472d-95fb-3029dee54069,"Arts, Crafts & Sewing"
10365,d2722109-c832-45ba-a1cd-28523c319250,Standard Selling Fee
10366,d2722109-c832-45ba-a1cd-28523c319250,Standard Selling Fee
10367,d2722109-c832-45ba-a1cd-28523c319250,Standard Selling Fee
10368,d2722109-c832-45ba-a1cd-28523c319250,Standard Selling Fee
10369,9ccfe96a-49ad-472d-95fb-3029dee54069,"Arts, Crafts & Sewing"
10370,d2722109-c832-45ba-a1cd-28523c319250,Standard Selling Fee
10371,d2722109-c832-45ba-a1cd-28523c319250,Standard Selling Fee
10372,d2722109-c832-45ba-a1cd-28523c319250,Standard Selling Fee
10373,d2722109-c832-45ba-a1cd-28523c319250,Standard Selling Fee
10374,d2722109-c832-45ba-a1cd-28523c319250,Standard Selling Fee
10375,d2722109-c832-45ba-a1cd-28523c319250,Standard Selling Fee
10376,d2722109-c832-45ba-a1cd-28523c319250,Standard Selling Fee
10377,d2722109-c832-45ba-a1cd-28523c319250,Standard Selling Fee
10379,d2722109-c832-45ba-a1cd-28523c319250,Standard Selling Fee
10380,d2722109-c832-45ba-a1cd-28523c319250,Standard Selling Fee
10381,d2722109-c832-45ba-a1cd-28523c319250,Standard Selling Fee
10383,d2722109-c832-45ba-a1cd-28523c319250,Standard Selling Fee
10384,d2722109-c832-45ba-a1cd-28523c319250,Standard Selling Fee
10385,d2722109-c832-45ba-a1cd-28523c319250,Standard Selling Fee
10386,d2722109-c832-45ba-a1cd-28523c319250,Standard Selling Fee
10387,d2722109-c832-45ba-a1cd-28523c319250,Standard Selling Fee
10388,d2722109-c832-45ba-a1cd-28523c319250,Standard Selling Fee
10389,d2722109-c832-45ba-a1cd-28523c319250,Standard Selling Fee
10391,d2722109-c832-45ba-a1cd-28523c319250,Standard Selling Fee
10392,d2722109-c832-45ba-a1cd-28523c319250,Standard Selling Fee
10393,d2722109-c832-45ba-a1cd-28523c319250,Standard Selling Fee
10394,d2722109-c832-45ba-a1cd-28523c319250,Standard Selling Fee
10395,d2722109-c832-45ba-a1cd-28523c319250,Standard Selling Fee
10396,d2722109-c832-45ba-a1cd-28523c319250,Standard Selling Fee
10397,d2722109-c832-45ba-a1cd-28523c319250,Standard Selling Fee
10398,d2722109-c832-45ba-a1cd-28523c319250,Standard Selling Fee
10399,d2722109-c832-45ba-a1cd-28523c319250,Standard Selling Fee
10400,d2722109-c832-45ba-a1cd-28523c319250,Standard Selling Fee
10403,d2722109-c832-45ba-a1cd-28523c319250,Standard Selling Fee
10405,d2722109-c832-45ba-a1cd-28523c319250,Standard Selling Fee
10406,d2722109-c832-45ba-a1cd-28523c319250,Standard Selling Fee
10407,d2722109-c832-45ba-a1cd-28523c319250,Standard Selling Fee
10408,d2722109-c832-45ba-a1cd-28523c319250,Standard Selling Fee
10411,d2722109-c832-45ba-a1cd-28523c319250,Standard Selling Fee
10412,9ccfe96a-49ad-472d-95fb-3029dee54069,"Arts, Crafts & Sewing"
10413,d2722109-c832-45ba-a1cd-28523c319250,Standard Selling Fee
10414,d2722109-c832-45ba-a1cd-28523c319250,Standard Selling Fee
10416,d2722109-c832-45ba-a1cd-28523c319250,Standard Selling Fee
10418,d2722109-c832-45ba-a1cd-28523c319250,Standard Selling Fee
10419,d2722109-c832-45ba-a1cd-28523c319250,Standard Selling Fee
10424,d2722109-c832-45ba-a1cd-28523c319250,Standard Selling Fee
10428,d2722109-c832-45ba-a1cd-28523c319250,Standard Selling Fee
10429,d2722109-c832-45ba-a1cd-28523c319250,Standard Selling Fee
10430,d2722109-c832-45ba-a1cd-28523c319250,Standard Selling Fee
10431,d2722109-c832-45ba-a1cd-28523c319250,Standard Selling Fee
10433,d2722109-c832-45ba-a1cd-28523c319250,Standard Selling Fee
10434,d2722109-c832-45ba-a1cd-28523c319250,Standard Selling Fee
10435,d2722109-c832-45ba-a1cd-28523c319250,Standard Selling Fee
10438,d2722109-c832-45ba-a1cd-28523c319250,Standard Selling Fee
10439,d2722109-c832-45ba-a1cd-28523c319250,Standard Selling Fee
10441,d2722109-c832-45ba-a1cd-28523c319250,Standard Selling Fee
10442,d2722109-c832-45ba-a1cd-28523c319250,Standard Selling Fee
10443,d2722109-c832-45ba-a1cd-28523c319250,Standard Selling Fee
10446,d2722109-c832-45ba-a1cd-28523c319250,Standard Selling Fee
10447,d2722109-c832-45ba-a1cd-28523c319250,Standard Selling Fee
10448,d2722109-c832-45ba-a1cd-28523c319250,Standard Selling Fee
10449,d2722109-c832-45ba-a1cd-28523c319250,Standard Selling Fee
10450,d2722109-c832-45ba-a1cd-28523c319250,Standard Selling Fee
10451,d2722109-c832-45ba-a1cd-28523c319250,Standard Selling Fee
10452,d2722109-c832-45ba-a1cd-28523c319250,Standard Selling Fee
10454,d2722109-c832-45ba-a1cd-28523c319250,Standard Selling Fee
10455,9ccfe96a-49ad-472d-95fb-3029dee54069,"Arts, Crafts & Sewing"
10456,d2722109-c832-45ba-a1cd-28523c319250,Standard Selling Fee
10457,d2722109-c832-45ba-a1cd-28523c319250,Standard Selling Fee
10458,d2722109-c832-45ba-a1cd-28523c319250,Standard Selling Fee
10459,d2722109-c832-45ba-a1cd-28523c319250,Standard Selling Fee
10460,d2722109-c832-45ba-a1cd-28523c319250,Standard Selling Fee
10462,d2722109-c832-45ba-a1cd-28523c319250,Standard Selling Fee
10463,d2722109-c832-45ba-a1cd-28523c319250,Standard Selling Fee
10464,d2722109-c832-45ba-a1cd-28523c319250,Standard Selling Fee
10465,d2722109-c832-45ba-a1cd-28523c319250,Standard Selling Fee
10467,d2722109-c832-45ba-a1cd-28523c319250,Standard Selling Fee
10469,d2722109-c832-45ba-a1cd-28523c319250,Standard Selling Fee
10470,d2722109-c832-45ba-a1cd-28523c319250,Standard Selling Fee
10472,d2722109-c832-45ba-a1cd-28523c319250,Standard Selling Fee
10473,d2722109-c832-45ba-a1cd-28523c319250,Standard Selling Fee
10474,9ccfe96a-49ad-472d-95fb-3029dee54069,"Arts, Crafts & Sewing"
10476,9ccfe96a-49ad-472d-95fb-3029dee54069,"Arts, Crafts & Sewing"
10477,d2722109-c832-45ba-a1cd-28523c319250,Standard Selling Fee
10481,d2722109-c832-45ba-a1cd-28523c319250,Standard Selling Fee
10483,d2722109-c832-45ba-a1cd-28523c319250,Standard Selling Fee
10484,d2722109-c832-45ba-a1cd-28523c319250,Standard Selling Fee
10485,d2722109-c832-45ba-a1cd-28523c319250,Standard Selling Fee
10486,d2722109-c832-45ba-a1cd-28523c319250,Standard Selling Fee
10487,d2722109-c832-45ba-a1cd-28523c319250,Standard Selling Fee
10488,d2722109-c832-45ba-a1cd-28523c319250,Standard Selling Fee
10489,d2722109-c832-45ba-a1cd-28523c319250,Standard Selling Fee
10491,d2722109-c832-45ba-a1cd-28523c319250,Standard Selling Fee
10492,d2722109-c832-45ba-a1cd-28523c319250,Standard Selling Fee
10493,d2722109-c832-45ba-a1cd-28523c319250,Standard Selling Fee
10494,d2722109-c832-45ba-a1cd-28523c319250,Standard Selling Fee
10495,d2722109-c832-45ba-a1cd-28523c319250,Standard Selling Fee
10496,d2722109-c832-45ba-a1cd-28523c319250,Standard Selling Fee
10497,d2722109-c832-45ba-a1cd-28523c319250,Standard Selling Fee
10498,d2722109-c832-45ba-a1cd-28523c319250,Standard Selling Fee
10499,d2722109-c832-45ba-a1cd-28523c319250,Standard Selling Fee
10500,d2722109-c832-45ba-a1cd-28523c319250,Standard Selling Fee
10501,d2722109-c832-45ba-a1cd-28523c319250,Standard Selling Fee
10502,d2722109-c832-45ba-a1cd-28523c319250,Standard Selling Fee
10503,d2722109-c832-45ba-a1cd-28523c319250,Standard Selling Fee
10504,d2722109-c832-45ba-a1cd-28523c319250,Standard Selling Fee
10506,d2722109-c832-45ba-a1cd-28523c319250,Standard Selling Fee
10507,d2722109-c832-45ba-a1cd-28523c319250,Standard Selling Fee
10508,d2722109-c832-45ba-a1cd-28523c319250,Standard Selling Fee
10510,d2722109-c832-45ba-a1cd-28523c319250,Standard Selling Fee
10511,d2722109-c832-45ba-a1cd-28523c319250,Standard Selling Fee
10512,d2722109-c832-45ba-a1cd-28523c319250,Standard Selling Fee
10513,d2722109-c832-45ba-a1cd-28523c319250,Standard Selling Fee
10514,d2722109-c832-45ba-a1cd-28523c319250,Standard Selling Fee
10515,d2722109-c832-45ba-a1cd-28523c319250,Standard Selling Fee
10516,d2722109-c832-45ba-a1cd-28523c319250,Standard Selling Fee
10518,d2722109-c832-45ba-a1cd-28523c319250,Standard Selling Fee
10519,d2722109-c832-45ba-a1cd-28523c319250,Standard Selling Fee
10520,d2722109-c832-45ba-a1cd-28523c319250,Standard Selling Fee
10521,d2722109-c832-45ba-a1cd-28523c319250,Standard Selling Fee
10522,d2722109-c832-45ba-a1cd-28523c319250,Standard Selling Fee
10523,d2722109-c832-45ba-a1cd-28523c319250,Standard Selling Fee
10524,d2722109-c832-45ba-a1cd-28523c319250,Standard Selling Fee
10525,d2722109-c832-45ba-a1cd-28523c319250,Standard Selling Fee
10526,d2722109-c832-45ba-a1cd-28523c319250,Standard Selling Fee
10527,d2722109-c832-45ba-a1cd-28523c319250,Standard Selling Fee
10528,9ccfe96a-49ad-472d-95fb-3029dee54069,"Arts, Crafts & Sewing"
10529,d2722109-c832-45ba-a1cd-28523c319250,Standard Selling Fee
10530,d2722109-c832-45ba-a1cd-28523c319250,Standard Selling Fee
10531,d2722109-c832-45ba-a1cd-28523c319250,Standard Selling Fee
10532,d2722109-c832-45ba-a1cd-28523c319250,Standard Selling Fee
10533,d2722109-c832-45ba-a1cd-28523c319250,Standard Selling Fee
10535,d2722109-c832-45ba-a1cd-28523c319250,Standard Selling Fee
10536,d2722109-c832-45ba-a1cd-28523c319250,Standard Selling Fee
10537,d2722109-c832-45ba-a1cd-28523c319250,Standard Selling Fee
10538,d2722109-c832-45ba-a1cd-28523c319250,Standard Selling Fee
10539,d2722109-c832-45ba-a1cd-28523c319250,Standard Selling Fee
10540,d2722109-c832-45ba-a1cd-28523c319250,Standard Selling Fee
10541,d2722109-c832-45ba-a1cd-28523c319250,Standard Selling Fee
10542,d2722109-c832-45ba-a1cd-28523c319250,Standard Selling Fee
10543,d2722109-c832-45ba-a1cd-28523c319250,Standard Selling Fee
10544,d2722109-c832-45ba-a1cd-28523c319250,Standard Selling Fee
10545,d2722109-c832-45ba-a1cd-28523c319250,Standard Selling Fee
10546,9ccfe96a-49ad-472d-95fb-3029dee54069,"Arts, Crafts & Sewing"
10547,d2722109-c832-45ba-a1cd-28523c319250,Standard Selling Fee
10548,d2722109-c832-45ba-a1cd-28523c319250,Standard Selling Fee
10549,d2722109-c832-45ba-a1cd-28523c319250,Standard Selling Fee
10550,d2722109-c832-45ba-a1cd-28523c319250,Standard Selling Fee
10551,d2722109-c832-45ba-a1cd-28523c319250,Standard Selling Fee
10552,d2722109-c832-45ba-a1cd-28523c319250,Standard Selling Fee
10553,d2722109-c832-45ba-a1cd-28523c319250,Standard Selling Fee
10554,d2722109-c832-45ba-a1cd-28523c319250,Standard Selling Fee
10555,d2722109-c832-45ba-a1cd-28523c319250,Standard Selling Fee
10556,d2722109-c832-45ba-a1cd-28523c319250,Standard Selling Fee
10557,d2722109-c832-45ba-a1cd-28523c319250,Standard Selling Fee
10558,d2722109-c832-45ba-a1cd-28523c319250,Standard Selling Fee
10559,d2722109-c832-45ba-a1cd-28523c319250,Standard Selling Fee
10560,d2722109-c832-45ba-a1cd-28523c319250,Standard Selling Fee
10561,d2722109-c832-45ba-a1cd-28523c319250,Standard Selling Fee
10562,d2722109-c832-45ba-a1cd-28523c319250,Standard Selling Fee
10563,d2722109-c832-45ba-a1cd-28523c319250,Standard Selling Fee
10565,9ccfe96a-82e7-4089-a9ff-f751e8c3cf93,DIY & Tools
10566,9ccfe96a-49ad-472d-95fb-3029dee54069,"Arts, Crafts & Sewing"
10567,9ccfe96a-82e7-4089-a9ff-f751e8c3cf93,DIY & Tools
10568,9ccfe96a-82e7-4089-a9ff-f751e8c3cf93,DIY & Tools
10569,9ccfe96a-c425-4fd4-afa4-31a6fec9e365,Power Tools
10570,9ccfe96a-82e7-4089-a9ff-f751e8c3cf93,DIY & Tools
10571,9ccfe96a-c425-4fd4-afa4-31a6fec9e365,Power Tools
10572,9ccfe96a-82e7-4089-a9ff-f751e8c3cf93,DIY & Tools
10573,9ccfe96a-82e7-4089-a9ff-f751e8c3cf93,DIY & Tools
10574,9ccfe96a-82e7-4089-a9ff-f751e8c3cf93,DIY & Tools
10575,9ccfe96a-49ad-472d-95fb-3029dee54069,"Arts, Crafts & Sewing"
10576,9ccfe96a-82e7-4089-a9ff-f751e8c3cf93,DIY & Tools
10577,9ccfe96a-82e7-4089-a9ff-f751e8c3cf93,DIY & Tools
10578,9ccfe96a-82e7-4089-a9ff-f751e8c3cf93,DIY & Tools
10579,9ccfe96a-49ad-472d-95fb-3029dee54069,"Arts, Crafts & Sewing"
10580,9ccfe96a-82e7-4089-a9ff-f751e8c3cf93,DIY & Tools
10581,9ccfe96a-82e7-4089-a9ff-f751e8c3cf93,DIY & Tools
10582,9ccfe96a-82e7-4089-a9ff-f751e8c3cf93,DIY & Tools
10583,9ccfe96a-82e7-4089-a9ff-f751e8c3cf93,DIY & Tools
10584,9ccfe96a-82e7-4089-a9ff-f751e8c3cf93,DIY & Tools
10585,9ccfe96a-82e7-4089-a9ff-f751e8c3cf93,DIY & Tools
10586,9ccfe96a-82e7-4089-a9ff-f751e8c3cf93,DIY & Tools
10587,9ccfe96a-82e7-4089-a9ff-f751e8c3cf93,DIY & Tools
10588,9ccfe96a-49ad-472d-95fb-3029dee54069,"Arts, Crafts & Sewing"
10589,9ccfe96a-82e7-4089-a9ff-f751e8c3cf93,DIY & Tools
10590,9ccfe96a-82e7-4089-a9ff-f751e8c3cf93,DIY & Tools
10591,9ccfe96a-82e7-4089-a9ff-f751e8c3cf93,DIY & Tools
10592,9ccfe96a-82e7-4089-a9ff-f751e8c3cf93,DIY & Tools
10593,9ccfe96a-82e7-4089-a9ff-f751e8c3cf93,DIY & Tools
10594,9ccfe96a-82e7-4089-a9ff-f751e8c3cf93,DIY & Tools
10595,9ccfe96a-82e7-4089-a9ff-f751e8c3cf93,DIY & Tools
10596,9ccfe96a-82e7-4089-a9ff-f751e8c3cf93,DIY & Tools
10597,9ccfe96a-82e7-4089-a9ff-f751e8c3cf93,DIY & Tools
10598,9ccfe96a-82e7-4089-a9ff-f751e8c3cf93,DIY & Tools
10599,9ccfe96a-82e7-4089-a9ff-f751e8c3cf93,DIY & Tools
10600,9ccfe96a-49ad-472d-95fb-3029dee54069,"Arts, Crafts & Sewing"
10601,9ccfe96a-82e7-4089-a9ff-f751e8c3cf93,DIY & Tools
10602,9ccfe96a-82e7-4089-a9ff-f751e8c3cf93,DIY & Tools
10603,9ccfe96a-82e7-4089-a9ff-f751e8c3cf93,DIY & Tools
10604,9ccfe96a-82e7-4089-a9ff-f751e8c3cf93,DIY & Tools
10605,9ccfe96a-82e7-4089-a9ff-f751e8c3cf93,DIY & Tools
10606,9ccfe96a-82e7-4089-a9ff-f751e8c3cf93,DIY & Tools
10607,9ccfe96a-82e7-4089-a9ff-f751e8c3cf93,DIY & Tools
10608,9ccfe96a-82e7-4089-a9ff-f751e8c3cf93,DIY & Tools
10609,9ccfe96a-49ad-472d-95fb-3029dee54069,"Arts, Crafts & Sewing"
10610,9ccfe96a-82e7-4089-a9ff-f751e8c3cf93,DIY & Tools
10611,9ccfe96a-82e7-4089-a9ff-f751e8c3cf93,DIY & Tools
10612,9ccfe96a-82e7-4089-a9ff-f751e8c3cf93,DIY & Tools
10613,9ccfe96a-82e7-4089-a9ff-f751e8c3cf93,DIY & Tools
10614,9ccfe96a-82e7-4089-a9ff-f751e8c3cf93,DIY & Tools
10615,9ccfe96a-82e7-4089-a9ff-f751e8c3cf93,DIY & Tools
10616,9ccfe96a-49ad-472d-95fb-3029dee54069,"Arts, Crafts & Sewing"
10617,9ccfe96a-82e7-4089-a9ff-f751e8c3cf93,DIY & Tools
10618,9ccfe96a-82e7-4089-a9ff-f751e8c3cf93,DIY & Tools
10619,9ccfe96a-82e7-4089-a9ff-f751e8c3cf93,DIY & Tools
10620,9ccfe96a-82e7-4089-a9ff-f751e8c3cf93,DIY & Tools
10621,9ccfe96a-82e7-4089-a9ff-f751e8c3cf93,DIY & Tools
10622,9ccfe96a-82e7-4089-a9ff-f751e8c3cf93,DIY & Tools
10623,9ccfe96a-82e7-4089-a9ff-f751e8c3cf93,DIY & Tools
10624,9ccfe96a-82e7-4089-a9ff-f751e8c3cf93,DIY & Tools
10625,9ccfe96a-82e7-4089-a9ff-f751e8c3cf93,DIY & Tools
10626,9ccfe96a-82e7-4089-a9ff-f751e8c3cf93,DIY & Tools
10627,9ccfe96a-82e7-4089-a9ff-f751e8c3cf93,DIY & Tools
10628,9ccfe96a-49ad-472d-95fb-3029dee54069,"Arts, Crafts & Sewing"
10629,d2722109-c832-45ba-a1cd-28523c319250,Standard Selling Fee
10630,d2722109-c832-45ba-a1cd-28523c319250,Standard Selling Fee
10631,d2722109-c832-45ba-a1cd-28523c319250,Standard Selling Fee
10632,d2722109-c832-45ba-a1cd-28523c319250,Standard Selling Fee
10633,d2722109-c832-45ba-a1cd-28523c319250,Standard Selling Fee
10635,d2722109-c832-45ba-a1cd-28523c319250,Standard Selling Fee
10636,d2722109-c832-45ba-a1cd-28523c319250,Standard Selling Fee
10637,d2722109-c832-45ba-a1cd-28523c319250,Standard Selling Fee
10638,d2722109-c832-45ba-a1cd-28523c319250,Standard Selling Fee
10639,d2722109-c832-45ba-a1cd-28523c319250,Standard Selling Fee
10640,d2722109-c832-45ba-a1cd-28523c319250,Standard Selling Fee
10641,d2722109-c832-45ba-a1cd-28523c319250,Standard Selling Fee
10642,d2722109-c832-45ba-a1cd-28523c319250,Standard Selling Fee
10643,d2722109-c832-45ba-a1cd-28523c319250,Standard Selling Fee
10644,d2722109-c832-45ba-a1cd-28523c319250,Standard Selling Fee
10645,d2722109-c832-45ba-a1cd-28523c319250,Standard Selling Fee
10646,d2722109-c832-45ba-a1cd-28523c319250,Standard Selling Fee
10647,d2722109-c832-45ba-a1cd-28523c319250,Standard Selling Fee
10648,d2722109-c832-45ba-a1cd-28523c319250,Standard Selling Fee
10649,d2722109-c832-45ba-a1cd-28523c319250,Standard Selling Fee
10650,d2722109-c832-45ba-a1cd-28523c319250,Standard Selling Fee
10651,d2722109-c832-45ba-a1cd-28523c319250,Standard Selling Fee
10652,d2722109-c832-45ba-a1cd-28523c319250,Standard Selling Fee
10653,d2722109-c832-45ba-a1cd-28523c319250,Standard Selling Fee
10654,d2722109-c832-45ba-a1cd-28523c319250,Standard Selling Fee
10655,d2722109-c832-45ba-a1cd-28523c319250,Standard Selling Fee
10656,d2722109-c832-45ba-a1cd-28523c319250,Standard Selling Fee
10657,d2722109-c832-45ba-a1cd-28523c319250,Standard Selling Fee
10658,d2722109-c832-45ba-a1cd-28523c319250,Standard Selling Fee
10659,d2722109-c832-45ba-a1cd-28523c319250,Standard Selling Fee
10660,d2722109-c832-45ba-a1cd-28523c319250,Standard Selling Fee
10661,d2722109-c832-45ba-a1cd-28523c319250,Standard Selling Fee
10662,d2722109-c832-45ba-a1cd-28523c319250,Standard Selling Fee
10663,d2722109-c832-45ba-a1cd-28523c319250,Standard Selling Fee
10664,d2722109-c832-45ba-a1cd-28523c319250,Standard Selling Fee
10665,d2722109-c832-45ba-a1cd-28523c319250,Standard Selling Fee
10666,d2722109-c832-45ba-a1cd-28523c319250,Standard Selling Fee
10667,d2722109-c832-45ba-a1cd-28523c319250,Standard Selling Fee
10668,d2722109-c832-45ba-a1cd-28523c319250,Standard Selling Fee
10669,d2722109-c832-45ba-a1cd-28523c319250,Standard Selling Fee
10670,d2722109-c832-45ba-a1cd-28523c319250,Standard Selling Fee
10671,d2722109-c832-45ba-a1cd-28523c319250,Standard Selling Fee
10672,d2722109-c832-45ba-a1cd-28523c319250,Standard Selling Fee
10673,d2722109-c832-45ba-a1cd-28523c319250,Standard Selling Fee
10674,d2722109-c832-45ba-a1cd-28523c319250,Standard Selling Fee
10675,d2722109-c832-45ba-a1cd-28523c319250,Standard Selling Fee
10676,d2722109-c832-45ba-a1cd-28523c319250,Standard Selling Fee
10677,d2722109-c832-45ba-a1cd-28523c319250,Standard Selling Fee
10678,d2722109-c832-45ba-a1cd-28523c319250,Standard Selling Fee
10679,d2722109-c832-45ba-a1cd-28523c319250,Standard Selling Fee
10680,d2722109-c832-45ba-a1cd-28523c319250,Standard Selling Fee
10681,d2722109-c832-45ba-a1cd-28523c319250,Standard Selling Fee
10682,d2722109-c832-45ba-a1cd-28523c319250,Standard Selling Fee
10683,d2722109-c832-45ba-a1cd-28523c319250,Standard Selling Fee
10684,d2722109-c832-45ba-a1cd-28523c319250,Standard Selling Fee
10685,d2722109-c832-45ba-a1cd-28523c319250,Standard Selling Fee
10686,d2722109-c832-45ba-a1cd-28523c319250,Standard Selling Fee
10687,d2722109-c832-45ba-a1cd-28523c319250,Standard Selling Fee
10688,d2722109-c832-45ba-a1cd-28523c319250,Standard Selling Fee
10689,d2722109-c832-45ba-a1cd-28523c319250,Standard Selling Fee
10690,d2722109-c832-45ba-a1cd-28523c319250,Standard Selling Fee
10691,d2722109-c832-45ba-a1cd-28523c319250,Standard Selling Fee
10692,d2722109-c832-45ba-a1cd-28523c319250,Standard Selling Fee
10693,d2722109-c832-45ba-a1cd-28523c319250,Standard Selling Fee
10694,d2722109-c832-45ba-a1cd-28523c319250,Standard Selling Fee
10695,d2722109-c832-45ba-a1cd-28523c319250,Standard Selling Fee
10696,d2722109-c832-45ba-a1cd-28523c319250,Standard Selling Fee
10697,d2722109-c832-45ba-a1cd-28523c319250,Standard Selling Fee
10698,d2722109-c832-45ba-a1cd-28523c319250,Standard Selling Fee
10699,d2722109-c832-45ba-a1cd-28523c319250,Standard Selling Fee
10700,d2722109-c832-45ba-a1cd-28523c319250,Standard Selling Fee
10701,d2722109-c832-45ba-a1cd-28523c319250,Standard Selling Fee
10702,d2722109-c832-45ba-a1cd-28523c319250,Standard Selling Fee
10703,d2722109-c832-45ba-a1cd-28523c319250,Standard Selling Fee
10704,d2722109-c832-45ba-a1cd-28523c319250,Standard Selling Fee
10705,d2722109-c832-45ba-a1cd-28523c319250,Standard Selling Fee
10706,d2722109-c832-45ba-a1cd-28523c319250,Standard Selling Fee
10707,d2722109-c832-45ba-a1cd-28523c319250,Standard Selling Fee
10708,d2722109-c832-45ba-a1cd-28523c319250,Standard Selling Fee
10709,d2722109-c832-45ba-a1cd-28523c319250,Standard Selling Fee
10710,d2722109-c832-45ba-a1cd-28523c319250,Standard Selling Fee
10711,d2722109-c832-45ba-a1cd-28523c319250,Standard Selling Fee
10712,d2722109-c832-45ba-a1cd-28523c319250,Standard Selling Fee
10713,d2722109-c832-45ba-a1cd-28523c319250,Standard Selling Fee
10714,d2722109-c832-45ba-a1cd-28523c319250,Standard Selling Fee
10715,d2722109-c832-45ba-a1cd-28523c319250,Standard Selling Fee
10716,d2722109-c832-45ba-a1cd-28523c319250,Standard Selling Fee
10717,d2722109-c832-45ba-a1cd-28523c319250,Standard Selling Fee
10718,d2722109-c832-45ba-a1cd-28523c319250,Standard Selling Fee
10719,d2722109-c832-45ba-a1cd-28523c319250,Standard Selling Fee
10720,d2722109-c832-45ba-a1cd-28523c319250,Standard Selling Fee
10721,d2722109-c832-45ba-a1cd-28523c319250,Standard Selling Fee
10722,d2722109-c832-45ba-a1cd-28523c319250,Standard Selling Fee
10723,d2722109-c832-45ba-a1cd-28523c319250,Standard Selling Fee
10724,d2722109-c832-45ba-a1cd-28523c319250,Standard Selling Fee
10725,d2722109-c832-45ba-a1cd-28523c319250,Standard Selling Fee
10726,d2722109-c832-45ba-a1cd-28523c319250,Standard Selling Fee
10727,d2722109-c832-45ba-a1cd-28523c319250,Standard Selling Fee
10728,d2722109-c832-45ba-a1cd-28523c319250,Standard Selling Fee
10729,d2722109-c832-45ba-a1cd-28523c319250,Standard Selling Fee
10730,d2722109-c832-45ba-a1cd-28523c319250,Standard Selling Fee
10731,d2722109-c832-45ba-a1cd-28523c319250,Standard Selling Fee
10732,d2722109-c832-45ba-a1cd-28523c319250,Standard Selling Fee
10733,d2722109-c832-45ba-a1cd-28523c319250,Standard Selling Fee
10734,d2722109-c832-45ba-a1cd-28523c319250,Standard Selling Fee
10735,d2722109-c832-45ba-a1cd-28523c319250,Standard Selling Fee
10736,d2722109-c832-45ba-a1cd-28523c319250,Standard Selling Fee
10737,d2722109-c832-45ba-a1cd-28523c319250,Standard Selling Fee
10738,d2722109-c832-45ba-a1cd-28523c319250,Standard Selling Fee
10739,d2722109-c832-45ba-a1cd-28523c319250,Standard Selling Fee
10740,d2722109-c832-45ba-a1cd-28523c319250,Standard Selling Fee
10741,d2722109-c832-45ba-a1cd-28523c319250,Standard Selling Fee
10742,d2722109-c832-45ba-a1cd-28523c319250,Standard Selling Fee
10743,d2722109-c832-45ba-a1cd-28523c319250,Standard Selling Fee
10744,d2722109-c832-45ba-a1cd-28523c319250,Standard Selling Fee
10745,d2722109-c832-45ba-a1cd-28523c319250,Standard Selling Fee
10746,d2722109-c832-45ba-a1cd-28523c319250,Standard Selling Fee
10747,d2722109-c832-45ba-a1cd-28523c319250,Standard Selling Fee
10748,d2722109-c832-45ba-a1cd-28523c319250,Standard Selling Fee
10749,d2722109-c832-45ba-a1cd-28523c319250,Standard Selling Fee
10750,d2722109-c832-45ba-a1cd-28523c319250,Standard Selling Fee
10751,d2722109-c832-45ba-a1cd-28523c319250,Standard Selling Fee
10752,d2722109-c832-45ba-a1cd-28523c319250,Standard Selling Fee
10753,d2722109-c832-45ba-a1cd-28523c319250,Standard Selling Fee
10754,d2722109-c832-45ba-a1cd-28523c319250,Standard Selling Fee
10756,d2722109-c832-45ba-a1cd-28523c319250,Standard Selling Fee
10757,d2722109-c832-45ba-a1cd-28523c319250,Standard Selling Fee
10758,9ccfe96a-49ad-472d-95fb-3029dee54069,"Arts, Crafts & Sewing"
10759,d2722109-c832-45ba-a1cd-28523c319250,Standard Selling Fee
10760,d2722109-c832-45ba-a1cd-28523c319250,Standard Selling Fee
10761,d2722109-c832-45ba-a1cd-28523c319250,Standard Selling Fee
10762,d2722109-c832-45ba-a1cd-28523c319250,Standard Selling Fee
10763,d2722109-c832-45ba-a1cd-28523c319250,Standard Selling Fee
10764,d2722109-c832-45ba-a1cd-28523c319250,Standard Selling Fee
10765,d2722109-c832-45ba-a1cd-28523c319250,Standard Selling Fee
10766,d2722109-c832-45ba-a1cd-28523c319250,Standard Selling Fee
10767,d2722109-c832-45ba-a1cd-28523c319250,Standard Selling Fee
10768,d2722109-c832-45ba-a1cd-28523c319250,Standard Selling Fee
10769,d2722109-c832-45ba-a1cd-28523c319250,Standard Selling Fee
10770,d2722109-c832-45ba-a1cd-28523c319250,Standard Selling Fee
10771,d2722109-c832-45ba-a1cd-28523c319250,Standard Selling Fee
10772,d2722109-c832-45ba-a1cd-28523c319250,Standard Selling Fee
10773,d2722109-c832-45ba-a1cd-28523c319250,Standard Selling Fee
10774,d2722109-c832-45ba-a1cd-28523c319250,Standard Selling Fee
10775,d2722109-c832-45ba-a1cd-28523c319250,Standard Selling Fee
10776,d2722109-c832-45ba-a1cd-28523c319250,Standard Selling Fee
10777,d2722109-c832-45ba-a1cd-28523c319250,Standard Selling Fee
10778,d2722109-c832-45ba-a1cd-28523c319250,Standard Selling Fee
10779,d2722109-c832-45ba-a1cd-28523c319250,Standard Selling Fee
10780,d2722109-c832-45ba-a1cd-28523c319250,Standard Selling Fee
10781,d2722109-c832-45ba-a1cd-28523c319250,Standard Selling Fee
10782,d2722109-c832-45ba-a1cd-28523c319250,Standard Selling Fee
10783,d2722109-c832-45ba-a1cd-28523c319250,Standard Selling Fee
10784,d2722109-c832-45ba-a1cd-28523c319250,Standard Selling Fee
10785,d2722109-c832-45ba-a1cd-28523c319250,Standard Selling Fee
10786,d2722109-c832-45ba-a1cd-28523c319250,Standard Selling Fee
10787,d2722109-c832-45ba-a1cd-28523c319250,Standard Selling Fee
10788,d2722109-c832-45ba-a1cd-28523c319250,Standard Selling Fee
10789,d2722109-c832-45ba-a1cd-28523c319250,Standard Selling Fee
10790,d2722109-c832-45ba-a1cd-28523c319250,Standard Selling Fee
10791,d2722109-c832-45ba-a1cd-28523c319250,Standard Selling Fee
10792,d2722109-c832-45ba-a1cd-28523c319250,Standard Selling Fee
10793,d2722109-c832-45ba-a1cd-28523c319250,Standard Selling Fee
10794,d2722109-c832-45ba-a1cd-28523c319250,Standard Selling Fee
10795,d2722109-c832-45ba-a1cd-28523c319250,Standard Selling Fee
10796,d2722109-c832-45ba-a1cd-28523c319250,Standard Selling Fee
10797,d2722109-c832-45ba-a1cd-28523c319250,Standard Selling Fee
10798,d2722109-c832-45ba-a1cd-28523c319250,Standard Selling Fee
10799,d2722109-c832-45ba-a1cd-28523c319250,Standard Selling Fee
10800,d2722109-c832-45ba-a1cd-28523c319250,Standard Selling Fee
10801,d2722109-c832-45ba-a1cd-28523c319250,Standard Selling Fee
10802,d2722109-c832-45ba-a1cd-28523c319250,Standard Selling Fee
10803,d2722109-c832-45ba-a1cd-28523c319250,Standard Selling Fee
10804,d2722109-c832-45ba-a1cd-28523c319250,Standard Selling Fee
10805,d2722109-c832-45ba-a1cd-28523c319250,Standard Selling Fee
10806,d2722109-c832-45ba-a1cd-28523c319250,Standard Selling Fee
10807,d2722109-c832-45ba-a1cd-28523c319250,Standard Selling Fee
10808,d2722109-c832-45ba-a1cd-28523c319250,Standard Selling Fee
10809,d2722109-c832-45ba-a1cd-28523c319250,Standard Selling Fee
10810,d2722109-c832-45ba-a1cd-28523c319250,Standard Selling Fee
10811,d2722109-c832-45ba-a1cd-28523c319250,Standard Selling Fee
10812,d2722109-c832-45ba-a1cd-28523c319250,Standard Selling Fee
10813,d2722109-c832-45ba-a1cd-28523c319250,Standard Selling Fee
10814,d2722109-c832-45ba-a1cd-28523c319250,Standard Selling Fee
10815,d2722109-c832-45ba-a1cd-28523c319250,Standard Selling Fee
10816,d2722109-c832-45ba-a1cd-28523c319250,Standard Selling Fee
10817,d2722109-c832-45ba-a1cd-28523c319250,Standard Selling Fee
10818,d2722109-c832-45ba-a1cd-28523c319250,Standard Selling Fee
10819,d2722109-c832-45ba-a1cd-28523c319250,Standard Selling Fee
10820,d2722109-c832-45ba-a1cd-28523c319250,Standard Selling Fee
10821,d2722109-c832-45ba-a1cd-28523c319250,Standard Selling Fee
10822,d2722109-c832-45ba-a1cd-28523c319250,Standard Selling Fee
10823,d2722109-c832-45ba-a1cd-28523c319250,Standard Selling Fee
10824,d2722109-c832-45ba-a1cd-28523c319250,Standard Selling Fee
10825,d2722109-c832-45ba-a1cd-28523c319250,Standard Selling Fee
10826,d2722109-c832-45ba-a1cd-28523c319250,Standard Selling Fee
10827,d2722109-c832-45ba-a1cd-28523c319250,Standard Selling Fee
10828,d2722109-c832-45ba-a1cd-28523c319250,Standard Selling Fee
10829,d2722109-c832-45ba-a1cd-28523c319250,Standard Selling Fee
10830,d2722109-c832-45ba-a1cd-28523c319250,Standard Selling Fee
10831,d2722109-c832-45ba-a1cd-28523c319250,Standard Selling Fee
10832,d2722109-c832-45ba-a1cd-28523c319250,Standard Selling Fee
10833,d2722109-c832-45ba-a1cd-28523c319250,Standard Selling Fee
10834,d2722109-c832-45ba-a1cd-28523c319250,Standard Selling Fee
10835,d2722109-c832-45ba-a1cd-28523c319250,Standard Selling Fee
10836,d2722109-c832-45ba-a1cd-28523c319250,Standard Selling Fee
10837,d2722109-c832-45ba-a1cd-28523c319250,Standard Selling Fee
10838,d2722109-c832-45ba-a1cd-28523c319250,Standard Selling Fee
10839,d2722109-c832-45ba-a1cd-28523c319250,Standard Selling Fee
10840,d2722109-c832-45ba-a1cd-28523c319250,Standard Selling Fee
10841,d2722109-c832-45ba-a1cd-28523c319250,Standard Selling Fee
10842,d2722109-c832-45ba-a1cd-28523c319250,Standard Selling Fee
10843,d2722109-c832-45ba-a1cd-28523c319250,Standard Selling Fee
10844,d2722109-c832-45ba-a1cd-28523c319250,Standard Selling Fee
10845,d2722109-c832-45ba-a1cd-28523c319250,Standard Selling Fee
10846,d2722109-c832-45ba-a1cd-28523c319250,Standard Selling Fee
10847,d2722109-c832-45ba-a1cd-28523c319250,Standard Selling Fee
10848,d2722109-c832-45ba-a1cd-28523c319250,Standard Selling Fee
10849,d2722109-c832-45ba-a1cd-28523c319250,Standard Selling Fee
10850,d2722109-c832-45ba-a1cd-28523c319250,Standard Selling Fee
10851,d2722109-c832-45ba-a1cd-28523c319250,Standard Selling Fee
10852,d2722109-c832-45ba-a1cd-28523c319250,Standard Selling Fee
10853,d2722109-c832-45ba-a1cd-28523c319250,Standard Selling Fee
10854,d2722109-c832-45ba-a1cd-28523c319250,Standard Selling Fee
10855,d2722109-c832-45ba-a1cd-28523c319250,Standard Selling Fee
10856,d2722109-c832-45ba-a1cd-28523c319250,Standard Selling Fee
10857,d2722109-c832-45ba-a1cd-28523c319250,Standard Selling Fee
10858,d2722109-c832-45ba-a1cd-28523c319250,Standard Selling Fee
10859,d2722109-c832-45ba-a1cd-28523c319250,Standard Selling Fee
10860,d2722109-c832-45ba-a1cd-28523c319250,Standard Selling Fee
10861,d2722109-c832-45ba-a1cd-28523c319250,Standard Selling Fee
10862,d2722109-c832-45ba-a1cd-28523c319250,Standard Selling Fee
10863,d2722109-c832-45ba-a1cd-28523c319250,Standard Selling Fee
10864,d2722109-c832-45ba-a1cd-28523c319250,Standard Selling Fee
10865,d2722109-c832-45ba-a1cd-28523c319250,Standard Selling Fee
10866,d2722109-c832-45ba-a1cd-28523c319250,Standard Selling Fee
10867,d2722109-c832-45ba-a1cd-28523c319250,Standard Selling Fee
10868,d2722109-c832-45ba-a1cd-28523c319250,Standard Selling Fee
10869,d2722109-c832-45ba-a1cd-28523c319250,Standard Selling Fee
10870,d2722109-c832-45ba-a1cd-28523c319250,Standard Selling Fee
10871,d2722109-c832-45ba-a1cd-28523c319250,Standard Selling Fee
10872,d2722109-c832-45ba-a1cd-28523c319250,Standard Selling Fee
10873,d2722109-c832-45ba-a1cd-28523c319250,Standard Selling Fee
10874,d2722109-c832-45ba-a1cd-28523c319250,Standard Selling Fee
10875,d2722109-c832-45ba-a1cd-28523c319250,Standard Selling Fee
10876,d2722109-c832-45ba-a1cd-28523c319250,Standard Selling Fee
10877,d2722109-c832-45ba-a1cd-28523c319250,Standard Selling Fee
10878,d2722109-c832-45ba-a1cd-28523c319250,Standard Selling Fee
10879,d2722109-c832-45ba-a1cd-28523c319250,Standard Selling Fee
10880,d2722109-c832-45ba-a1cd-28523c319250,Standard Selling Fee
10881,d2722109-c832-45ba-a1cd-28523c319250,Standard Selling Fee
10882,d2722109-c832-45ba-a1cd-28523c319250,Standard Selling Fee
10883,d2722109-c832-45ba-a1cd-28523c319250,Standard Selling Fee
10884,d2722109-c832-45ba-a1cd-28523c319250,Standard Selling Fee
10885,d2722109-c832-45ba-a1cd-28523c319250,Standard Selling Fee
10886,d2722109-c832-45ba-a1cd-28523c319250,Standard Selling Fee
10887,d2722109-c832-45ba-a1cd-28523c319250,Standard Selling Fee
10888,d2722109-c832-45ba-a1cd-28523c319250,Standard Selling Fee
10889,d2722109-c832-45ba-a1cd-28523c319250,Standard Selling Fee
10890,d2722109-c832-45ba-a1cd-28523c319250,Standard Selling Fee
10891,d2722109-c832-45ba-a1cd-28523c319250,Standard Selling Fee
10892,d2722109-c832-45ba-a1cd-28523c319250,Standard Selling Fee
10893,d2722109-c832-45ba-a1cd-28523c319250,Standard Selling Fee
10894,d2722109-c832-45ba-a1cd-28523c319250,Standard Selling Fee
10895,d2722109-c832-45ba-a1cd-28523c319250,Standard Selling Fee
10896,d2722109-c832-45ba-a1cd-28523c319250,Standard Selling Fee
10898,d2722109-c832-45ba-a1cd-28523c319250,Standard Selling Fee
10899,d2722109-c832-45ba-a1cd-28523c319250,Standard Selling Fee
10900,d2722109-c832-45ba-a1cd-28523c319250,Standard Selling Fee
10901,d2722109-c832-45ba-a1cd-28523c319250,Standard Selling Fee
10902,d2722109-c832-45ba-a1cd-28523c319250,Standard Selling Fee
10903,d2722109-c832-45ba-a1cd-28523c319250,Standard Selling Fee
10904,d2722109-c832-45ba-a1cd-28523c319250,Standard Selling Fee
10905,d2722109-c832-45ba-a1cd-28523c319250,Standard Selling Fee
10906,d2722109-c832-45ba-a1cd-28523c319250,Standard Selling Fee
10908,d2722109-c832-45ba-a1cd-28523c319250,Standard Selling Fee
10909,d2722109-c832-45ba-a1cd-28523c319250,Standard Selling Fee
10910,d2722109-c832-45ba-a1cd-28523c319250,Standard Selling Fee
10911,9ccfe96a-49ad-472d-95fb-3029dee54069,"Arts, Crafts & Sewing"
10912,d2722109-c832-45ba-a1cd-28523c319250,Standard Selling Fee
10913,d2722109-c832-45ba-a1cd-28523c319250,Standard Selling Fee
10914,d2722109-c832-45ba-a1cd-28523c319250,Standard Selling Fee
10915,d2722109-c832-45ba-a1cd-28523c319250,Standard Selling Fee
10916,d2722109-c832-45ba-a1cd-28523c319250,Standard Selling Fee
10917,9ccfe96a-49ad-472d-95fb-3029dee54069,"Arts, Crafts & Sewing"
10918,d2722109-c832-45ba-a1cd-28523c319250,Standard Selling Fee
10919,d2722109-c832-45ba-a1cd-28523c319250,Standard Selling Fee
10920,d2722109-c832-45ba-a1cd-28523c319250,Standard Selling Fee
10921,d2722109-c832-45ba-a1cd-28523c319250,Standard Selling Fee
10922,d2722109-c832-45ba-a1cd-28523c319250,Standard Selling Fee
10923,d2722109-c832-45ba-a1cd-28523c319250,Standard Selling Fee
10924,d2722109-c832-45ba-a1cd-28523c319250,Standard Selling Fee
10925,9ccfe96a-49ad-472d-95fb-3029dee54069,"Arts, Crafts & Sewing"
10926,d2722109-c832-45ba-a1cd-28523c319250,Standard Selling Fee
10927,d2722109-c832-45ba-a1cd-28523c319250,Standard Selling Fee
10928,d2722109-c832-45ba-a1cd-28523c319250,Standard Selling Fee
10929,d2722109-c832-45ba-a1cd-28523c319250,Standard Selling Fee
10930,d2722109-c832-45ba-a1cd-28523c319250,Standard Selling Fee
10931,d2722109-c832-45ba-a1cd-28523c319250,Standard Selling Fee
10932,d2722109-c832-45ba-a1cd-28523c319250,Standard Selling Fee
10933,d2722109-c832-45ba-a1cd-28523c319250,Standard Selling Fee
10934,9ccfe96a-49ad-472d-95fb-3029dee54069,"Arts, Crafts & Sewing"
10935,d2722109-c832-45ba-a1cd-28523c319250,Standard Selling Fee
10936,d2722109-c832-45ba-a1cd-28523c319250,Standard Selling Fee
10937,d2722109-c832-45ba-a1cd-28523c319250,Standard Selling Fee
10938,d2722109-c832-45ba-a1cd-28523c319250,Standard Selling Fee
10939,d2722109-c832-45ba-a1cd-28523c319250,Standard Selling Fee
10940,d2722109-c832-45ba-a1cd-28523c319250,Standard Selling Fee
10941,d2722109-c832-45ba-a1cd-28523c319250,Standard Selling Fee
10942,d2722109-c832-45ba-a1cd-28523c319250,Standard Selling Fee
10943,d2722109-c832-45ba-a1cd-28523c319250,Standard Selling Fee
10944,9ccfe96a-49ad-472d-95fb-3029dee54069,"Arts, Crafts & Sewing"
10945,d2722109-c832-45ba-a1cd-28523c319250,Standard Selling Fee
10946,d2722109-c832-45ba-a1cd-28523c319250,Standard Selling Fee
10948,d2722109-c832-45ba-a1cd-28523c319250,Standard Selling Fee
10949,d2722109-c832-45ba-a1cd-28523c319250,Standard Selling Fee
10950,d2722109-c832-45ba-a1cd-28523c319250,Standard Selling Fee
10951,d2722109-c832-45ba-a1cd-28523c319250,Standard Selling Fee
10952,d2722109-c832-45ba-a1cd-28523c319250,Standard Selling Fee
10953,9ccfe96a-49ad-472d-95fb-3029dee54069,"Arts, Crafts & Sewing"
10954,d2722109-c832-45ba-a1cd-28523c319250,Standard Selling Fee
10955,d2722109-c832-45ba-a1cd-28523c319250,Standard Selling Fee
10956,d2722109-c832-45ba-a1cd-28523c319250,Standard Selling Fee
10957,d2722109-c832-45ba-a1cd-28523c319250,Standard Selling Fee
10958,d2722109-c832-45ba-a1cd-28523c319250,Standard Selling Fee
10959,d2722109-c832-45ba-a1cd-28523c319250,Standard Selling Fee
10960,d2722109-c832-45ba-a1cd-28523c319250,Standard Selling Fee
10961,d2722109-c832-45ba-a1cd-28523c319250,Standard Selling Fee
10962,d2722109-c832-45ba-a1cd-28523c319250,Standard Selling Fee
10963,d2722109-c832-45ba-a1cd-28523c319250,Standard Selling Fee
10964,d2722109-c832-45ba-a1cd-28523c319250,Standard Selling Fee
10965,d2722109-c832-45ba-a1cd-28523c319250,Standard Selling Fee
10966,d2722109-c832-45ba-a1cd-28523c319250,Standard Selling Fee
10967,d2722109-c832-45ba-a1cd-28523c319250,Standard Selling Fee
10968,d2722109-c832-45ba-a1cd-28523c319250,Standard Selling Fee
10969,d2722109-c832-45ba-a1cd-28523c319250,Standard Selling Fee
10970,d2722109-c832-45ba-a1cd-28523c319250,Standard Selling Fee
10971,d2722109-c832-45ba-a1cd-28523c319250,Standard Selling Fee
10972,d2722109-c832-45ba-a1cd-28523c319250,Standard Selling Fee
10973,d2722109-c832-45ba-a1cd-28523c319250,Standard Selling Fee
10974,d2722109-c832-45ba-a1cd-28523c319250,Standard Selling Fee
10975,d2722109-c832-45ba-a1cd-28523c319250,Standard Selling Fee
10976,d2722109-c832-45ba-a1cd-28523c319250,Standard Selling Fee
10977,d2722109-c832-45ba-a1cd-28523c319250,Standard Selling Fee
10978,d2722109-c832-45ba-a1cd-28523c319250,Standard Selling Fee
10979,d2722109-c832-45ba-a1cd-28523c319250,Standard Selling Fee
10980,d2722109-c832-45ba-a1cd-28523c319250,Standard Selling Fee
10981,d2722109-c832-45ba-a1cd-28523c319250,Standard Selling Fee
10982,d2722109-c832-45ba-a1cd-28523c319250,Standard Selling Fee
10984,d2722109-c832-45ba-a1cd-28523c319250,Standard Selling Fee
10985,d2722109-c832-45ba-a1cd-28523c319250,Standard Selling Fee
10986,d2722109-c832-45ba-a1cd-28523c319250,Standard Selling Fee
10988,d2722109-c832-45ba-a1cd-28523c319250,Standard Selling Fee
10989,d2722109-c832-45ba-a1cd-28523c319250,Standard Selling Fee
10990,d2722109-c832-45ba-a1cd-28523c319250,Standard Selling Fee
10991,d2722109-c832-45ba-a1cd-28523c319250,Standard Selling Fee
10992,9ccfe96a-49ad-472d-95fb-3029dee54069,"Arts, Crafts & Sewing"
10993,d2722109-c832-45ba-a1cd-28523c319250,Standard Selling Fee
10994,d2722109-c832-45ba-a1cd-28523c319250,Standard Selling Fee
10995,d2722109-c832-45ba-a1cd-28523c319250,Standard Selling Fee
10996,d2722109-c832-45ba-a1cd-28523c319250,Standard Selling Fee
10997,d2722109-c832-45ba-a1cd-28523c319250,Standard Selling Fee
10998,d2722109-c832-45ba-a1cd-28523c319250,Standard Selling Fee
10999,d2722109-c832-45ba-a1cd-28523c319250,Standard Selling Fee
11000,d2722109-c832-45ba-a1cd-28523c319250,Standard Selling Fee
11001,d2722109-c832-45ba-a1cd-28523c319250,Standard Selling Fee
11002,d2722109-c832-45ba-a1cd-28523c319250,Standard Selling Fee
11003,d2722109-c832-45ba-a1cd-28523c319250,Standard Selling Fee
11004,d2722109-c832-45ba-a1cd-28523c319250,Standard Selling Fee
11005,d2722109-c832-45ba-a1cd-28523c319250,Standard Selling Fee
11006,d2722109-c832-45ba-a1cd-28523c319250,Standard Selling Fee
11007,d2722109-c832-45ba-a1cd-28523c319250,Standard Selling Fee
11008,d2722109-c832-45ba-a1cd-28523c319250,Standard Selling Fee
11009,d2722109-c832-45ba-a1cd-28523c319250,Standard Selling Fee
11010,d2722109-c832-45ba-a1cd-28523c319250,Standard Selling Fee
11011,d2722109-c832-45ba-a1cd-28523c319250,Standard Selling Fee
11012,d2722109-c832-45ba-a1cd-28523c319250,Standard Selling Fee
11013,9ccfe96a-49ad-472d-95fb-3029dee54069,"Arts, Crafts & Sewing"
11014,d2722109-c832-45ba-a1cd-28523c319250,Standard Selling Fee
11015,d2722109-c832-45ba-a1cd-28523c319250,Standard Selling Fee
11016,d2722109-c832-45ba-a1cd-28523c319250,Standard Selling Fee
11017,d2722109-c832-45ba-a1cd-28523c319250,Standard Selling Fee
11018,d2722109-c832-45ba-a1cd-28523c319250,Standard Selling Fee
11019,d2722109-c832-45ba-a1cd-28523c319250,Standard Selling Fee
11020,d2722109-c832-45ba-a1cd-28523c319250,Standard Selling Fee
11021,d2722109-c832-45ba-a1cd-28523c319250,Standard Selling Fee
11022,d2722109-c832-45ba-a1cd-28523c319250,Standard Selling Fee
11024,9ccfe96a-49ad-472d-95fb-3029dee54069,"Arts, Crafts & Sewing"
11025,d2722109-c832-45ba-a1cd-28523c319250,Standard Selling Fee
11026,d2722109-c832-45ba-a1cd-28523c319250,Standard Selling Fee
11027,d2722109-c832-45ba-a1cd-28523c319250,Standard Selling Fee
11028,d2722109-c832-45ba-a1cd-28523c319250,Standard Selling Fee
11029,d2722109-c832-45ba-a1cd-28523c319250,Standard Selling Fee
11030,d2722109-c832-45ba-a1cd-28523c319250,Standard Selling Fee
11031,d2722109-c832-45ba-a1cd-28523c319250,Standard Selling Fee
11032,d2722109-c832-45ba-a1cd-28523c319250,Standard Selling Fee
11033,d2722109-c832-45ba-a1cd-28523c319250,Standard Selling Fee
11034,d2722109-c832-45ba-a1cd-28523c319250,Standard Selling Fee
11035,d2722109-c832-45ba-a1cd-28523c319250,Standard Selling Fee
11036,9ccfe96a-49ad-472d-95fb-3029dee54069,"Arts, Crafts & Sewing"
11037,d2722109-c832-45ba-a1cd-28523c319250,Standard Selling Fee
11038,d2722109-c832-45ba-a1cd-28523c319250,Standard Selling Fee
11039,d2722109-c832-45ba-a1cd-28523c319250,Standard Selling Fee
11040,d2722109-c832-45ba-a1cd-28523c319250,Standard Selling Fee
11041,d2722109-c832-45ba-a1cd-28523c319250,Standard Selling Fee
11042,d2722109-c832-45ba-a1cd-28523c319250,Standard Selling Fee
11044,9ccfe96a-49ad-472d-95fb-3029dee54069,"Arts, Crafts & Sewing"
11045,d2722109-c832-45ba-a1cd-28523c319250,Standard Selling Fee
11046,d2722109-c832-45ba-a1cd-28523c319250,Standard Selling Fee
11047,d2722109-c832-45ba-a1cd-28523c319250,Standard Selling Fee
11048,d2722109-c832-45ba-a1cd-28523c319250,Standard Selling Fee
11049,d2722109-c832-45ba-a1cd-28523c319250,Standard Selling Fee
11050,d2722109-c832-45ba-a1cd-28523c319250,Standard Selling Fee
11051,d2722109-c832-45ba-a1cd-28523c319250,Standard Selling Fee
11053,9ccfe96a-49ad-472d-95fb-3029dee54069,"Arts, Crafts & Sewing"
11054,d2722109-c832-45ba-a1cd-28523c319250,Standard Selling Fee
11055,d2722109-c832-45ba-a1cd-28523c319250,Standard Selling Fee
11056,d2722109-c832-45ba-a1cd-28523c319250,Standard Selling Fee
11057,d2722109-c832-45ba-a1cd-28523c319250,Standard Selling Fee
11058,d2722109-c832-45ba-a1cd-28523c319250,Standard Selling Fee
11059,d2722109-c832-45ba-a1cd-28523c319250,Standard Selling Fee
11060,d2722109-c832-45ba-a1cd-28523c319250,Standard Selling Fee
11061,d2722109-c832-45ba-a1cd-28523c319250,Standard Selling Fee
11062,d2722109-c832-45ba-a1cd-28523c319250,Standard Selling Fee
11063,d2722109-c832-45ba-a1cd-28523c319250,Standard Selling Fee
11064,d2722109-c832-45ba-a1cd-28523c319250,Standard Selling Fee
11065,d2722109-c832-45ba-a1cd-28523c319250,Standard Selling Fee
11066,9ccfe96a-49ad-472d-95fb-3029dee54069,"Arts, Crafts & Sewing"
11067,d2722109-c832-45ba-a1cd-28523c319250,Standard Selling Fee
11068,d2722109-c832-45ba-a1cd-28523c319250,Standard Selling Fee
11069,d2722109-c832-45ba-a1cd-28523c319250,Standard Selling Fee
11070,d2722109-c832-45ba-a1cd-28523c319250,Standard Selling Fee
11071,d2722109-c832-45ba-a1cd-28523c319250,Standard Selling Fee
11072,d2722109-c832-45ba-a1cd-28523c319250,Standard Selling Fee
11073,d2722109-c832-45ba-a1cd-28523c319250,Standard Selling Fee
11074,d2722109-c832-45ba-a1cd-28523c319250,Standard Selling Fee
11079,d2722109-c832-45ba-a1cd-28523c319250,Standard Selling Fee
11080,d2722109-c832-45ba-a1cd-28523c319250,Standard Selling Fee
11081,d2722109-c832-45ba-a1cd-28523c319250,Standard Selling Fee
11082,d2722109-c832-45ba-a1cd-28523c319250,Standard Selling Fee
11083,d2722109-c832-45ba-a1cd-28523c319250,Standard Selling Fee
11084,d2722109-c832-45ba-a1cd-28523c319250,Standard Selling Fee
11085,d2722109-c832-45ba-a1cd-28523c319250,Standard Selling Fee
11086,d2722109-c832-45ba-a1cd-28523c319250,Standard Selling Fee
11087,d2722109-c832-45ba-a1cd-28523c319250,Standard Selling Fee
11088,d2722109-c832-45ba-a1cd-28523c319250,Standard Selling Fee
11089,d2722109-c832-45ba-a1cd-28523c319250,Standard Selling Fee
11090,d2722109-c832-45ba-a1cd-28523c319250,Standard Selling Fee
11091,d2722109-c832-45ba-a1cd-28523c319250,Standard Selling Fee
11092,d2722109-c832-45ba-a1cd-28523c319250,Standard Selling Fee
11093,d2722109-c832-45ba-a1cd-28523c319250,Standard Selling Fee
11094,d2722109-c832-45ba-a1cd-28523c319250,Standard Selling Fee
11095,d2722109-c832-45ba-a1cd-28523c319250,Standard Selling Fee
11096,d2722109-c832-45ba-a1cd-28523c319250,Standard Selling Fee
11097,d2722109-c832-45ba-a1cd-28523c319250,Standard Selling Fee
11098,d2722109-c832-45ba-a1cd-28523c319250,Standard Selling Fee
11099,d2722109-c832-45ba-a1cd-28523c319250,Standard Selling Fee
11100,d2722109-c832-45ba-a1cd-28523c319250,Standard Selling Fee
11101,d2722109-c832-45ba-a1cd-28523c319250,Standard Selling Fee
11102,d2722109-c832-45ba-a1cd-28523c319250,Standard Selling Fee
11103,d2722109-c832-45ba-a1cd-28523c319250,Standard Selling Fee
11104,d2722109-c832-45ba-a1cd-28523c319250,Standard Selling Fee
11105,d2722109-c832-45ba-a1cd-28523c319250,Standard Selling Fee
11107,d2722109-c832-45ba-a1cd-28523c319250,Standard Selling Fee
11108,2d572e54-2fbd-4802-8e56-b577eb267e8b,Jewellery
11109,d2722109-c832-45ba-a1cd-28523c319250,Standard Selling Fee
11110,d2722109-c832-45ba-a1cd-28523c319250,Standard Selling Fee
11111,2d572e54-2fbd-4802-8e56-b577eb267e8b,Jewellery
11112,2d572e54-2fbd-4802-8e56-b577eb267e8b,Jewellery
11113,2d572e54-2fbd-4802-8e56-b577eb267e8b,Jewellery
11114,2d572e54-2fbd-4802-8e56-b577eb267e8b,Jewellery
11115,2d572e54-2fbd-4802-8e56-b577eb267e8b,Jewellery
11116,d2722109-c832-45ba-a1cd-28523c319250,Standard Selling Fee
11117,d2722109-c832-45ba-a1cd-28523c319250,Standard Selling Fee
11118,2d572e54-2fbd-4802-8e56-b577eb267e8b,Jewellery
11119,2d572e54-2fbd-4802-8e56-b577eb267e8b,Jewellery
11120,2d572e54-2fbd-4802-8e56-b577eb267e8b,Jewellery
11121,2d572e54-2fbd-4802-8e56-b577eb267e8b,Jewellery
11122,2d572e54-2fbd-4802-8e56-b577eb267e8b,Jewellery
11123,d2722109-c832-45ba-a1cd-28523c319250,Standard Selling Fee
11124,d2722109-c832-45ba-a1cd-28523c319250,Standard Selling Fee
11126,d2722109-c832-45ba-a1cd-28523c319250,Standard Selling Fee
11127,2d572e54-2fbd-4802-8e56-b577eb267e8b,Jewellery
11128,2d572e54-2fbd-4802-8e56-b577eb267e8b,Jewellery
11129,2d572e54-2fbd-4802-8e56-b577eb267e8b,Jewellery
11130,2d572e54-2fbd-4802-8e56-b577eb267e8b,Jewellery
11131,2d572e54-2fbd-4802-8e56-b577eb267e8b,Jewellery
11132,d2722109-c832-45ba-a1cd-28523c319250,Standard Selling Fee
11133,d2722109-c832-45ba-a1cd-28523c319250,Standard Selling Fee
11134,d2722109-c832-45ba-a1cd-28523c319250,Standard Selling Fee
11136,9ccfe96a-49ad-472d-95fb-3029dee54069,"Arts, Crafts & Sewing"
11137,d2722109-c832-45ba-a1cd-28523c319250,Standard Selling Fee
11138,d2722109-c832-45ba-a1cd-28523c319250,Standard Selling Fee
11139,d2722109-c832-45ba-a1cd-28523c319250,Standard Selling Fee
11140,d2722109-c832-45ba-a1cd-28523c319250,Standard Selling Fee
11141,d2722109-c832-45ba-a1cd-28523c319250,Standard Selling Fee
11142,d2722109-c832-45ba-a1cd-28523c319250,Standard Selling Fee
11143,d2722109-c832-45ba-a1cd-28523c319250,Standard Selling Fee
11144,9ccfe96a-49ad-472d-95fb-3029dee54069,"Arts, Crafts & Sewing"
11145,d2722109-c832-45ba-a1cd-28523c319250,Standard Selling Fee
11146,d2722109-c832-45ba-a1cd-28523c319250,Standard Selling Fee
11147,d2722109-c832-45ba-a1cd-28523c319250,Standard Selling Fee
11148,d2722109-c832-45ba-a1cd-28523c319250,Standard Selling Fee
11149,d2722109-c832-45ba-a1cd-28523c319250,Standard Selling Fee
11150,d2722109-c832-45ba-a1cd-28523c319250,Standard Selling Fee
11151,9ccfe96a-49ad-472d-95fb-3029dee54069,"Arts, Crafts & Sewing"
11153,9ccfe96a-49ad-472d-95fb-3029dee54069,"Arts, Crafts & Sewing"
11154,9ccfe96a-49ad-472d-95fb-3029dee54069,"Arts, Crafts & Sewing"
11155,d2722109-c832-45ba-a1cd-28523c319250,Standard Selling Fee
11156,d2722109-c832-45ba-a1cd-28523c319250,Standard Selling Fee
11157,d2722109-c832-45ba-a1cd-28523c319250,Standard Selling Fee
11158,d2722109-c832-45ba-a1cd-28523c319250,Standard Selling Fee
11181,d2722109-c832-45ba-a1cd-28523c319250,Standard Selling Fee
11182,d2722109-c832-45ba-a1cd-28523c319250,Standard Selling Fee
11184,d2722109-c832-45ba-a1cd-28523c319250,Standard Selling Fee
11185,d2722109-c832-45ba-a1cd-28523c319250,Standard Selling Fee
11186,d2722109-c832-45ba-a1cd-28523c319250,Standard Selling Fee
11190,d2722109-c832-45ba-a1cd-28523c319250,Standard Selling Fee
11191,d2722109-c832-45ba-a1cd-28523c319250,Standard Selling Fee
11192,d2722109-c832-45ba-a1cd-28523c319250,Standard Selling Fee
11193,d2722109-c832-45ba-a1cd-28523c319250,Standard Selling Fee
11194,d2722109-c832-45ba-a1cd-28523c319250,Standard Selling Fee
11195,d2722109-c832-45ba-a1cd-28523c319250,Standard Selling Fee
11196,d2722109-c832-45ba-a1cd-28523c319250,Standard Selling Fee
11197,d2722109-c832-45ba-a1cd-28523c319250,Standard Selling Fee
11198,d2722109-c832-45ba-a1cd-28523c319250,Standard Selling Fee
11199,d2722109-c832-45ba-a1cd-28523c319250,Standard Selling Fee
11200,d2722109-c832-45ba-a1cd-28523c319250,Standard Selling Fee
11201,d2722109-c832-45ba-a1cd-28523c319250,Standard Selling Fee
11202,d2722109-c832-45ba-a1cd-28523c319250,Standard Selling Fee
11205,d2722109-c832-45ba-a1cd-28523c319250,Standard Selling Fee
11206,d2722109-c832-45ba-a1cd-28523c319250,Standard Selling Fee
11207,d2722109-c832-45ba-a1cd-28523c319250,Standard Selling Fee
11208,d2722109-c832-45ba-a1cd-28523c319250,Standard Selling Fee
11209,d2722109-c832-45ba-a1cd-28523c319250,Standard Selling Fee
11210,d2722109-c832-45ba-a1cd-28523c319250,Standard Selling Fee
11211,d2722109-c832-45ba-a1cd-28523c319250,Standard Selling Fee
11212,d2722109-c832-45ba-a1cd-28523c319250,Standard Selling Fee
11227,d2722109-c832-45ba-a1cd-28523c319250,Standard Selling Fee
11228,d2722109-c832-45ba-a1cd-28523c319250,Standard Selling Fee
11229,d2722109-c832-45ba-a1cd-28523c319250,Standard Selling Fee
11230,d2722109-c832-45ba-a1cd-28523c319250,Standard Selling Fee
11231,d2722109-c832-45ba-a1cd-28523c319250,Standard Selling Fee
11232,d2722109-c832-45ba-a1cd-28523c319250,Standard Selling Fee
11234,d2722109-c832-45ba-a1cd-28523c319250,Standard Selling Fee
11235,d2722109-c832-45ba-a1cd-28523c319250,Standard Selling Fee
11236,d2722109-c832-45ba-a1cd-28523c319250,Standard Selling Fee
11237,d2722109-c832-45ba-a1cd-28523c319250,Standard Selling Fee
11238,d2722109-c832-45ba-a1cd-28523c319250,Standard Selling Fee
11239,d2722109-c832-45ba-a1cd-28523c319250,Standard Selling Fee
11240,d2722109-c832-45ba-a1cd-28523c319250,Standard Selling Fee
11241,d2722109-c832-45ba-a1cd-28523c319250,Standard Selling Fee
11242,d2722109-c832-45ba-a1cd-28523c319250,Standard Selling Fee
11244,d2722109-c832-45ba-a1cd-28523c319250,Standard Selling Fee
11245,d2722109-c832-45ba-a1cd-28523c319250,Standard Selling Fee
11246,d2722109-c832-45ba-a1cd-28523c319250,Standard Selling Fee
11247,d2722109-c832-45ba-a1cd-28523c319250,Standard Selling Fee
11248,d2722109-c832-45ba-a1cd-28523c319250,Standard Selling Fee
11251,d2722109-c832-45ba-a1cd-28523c319250,Standard Selling Fee
11253,d2722109-c832-45ba-a1cd-28523c319250,Standard Selling Fee
11254,9ccfe96a-49ad-472d-95fb-3029dee54069,"Arts, Crafts & Sewing"
11255,d2722109-c832-45ba-a1cd-28523c319250,Standard Selling Fee
11256,d2722109-c832-45ba-a1cd-28523c319250,Standard Selling Fee
11257,d2722109-c832-45ba-a1cd-28523c319250,Standard Selling Fee
11258,d2722109-c832-45ba-a1cd-28523c319250,Standard Selling Fee
11260,d2722109-c832-45ba-a1cd-28523c319250,Standard Selling Fee
11261,d2722109-c832-45ba-a1cd-28523c319250,Standard Selling Fee
11262,d2722109-c832-45ba-a1cd-28523c319250,Standard Selling Fee
11263,d2722109-c832-45ba-a1cd-28523c319250,Standard Selling Fee
11264,9ccfe96a-6a76-4522-8337-bea4f660a8ce,Consumer Electronics
11265,d2722109-c832-45ba-a1cd-28523c319250,Standard Selling Fee
11266,d2722109-c832-45ba-a1cd-28523c319250,Standard Selling Fee
11267,d2722109-c832-45ba-a1cd-28523c319250,Standard Selling Fee
11268,d2722109-c832-45ba-a1cd-28523c319250,Standard Selling Fee
11269,d2722109-c832-45ba-a1cd-28523c319250,Standard Selling Fee
11270,d2722109-c832-45ba-a1cd-28523c319250,Standard Selling Fee
11271,d2722109-c832-45ba-a1cd-28523c319250,Standard Selling Fee
11272,d2722109-c832-45ba-a1cd-28523c319250,Standard Selling Fee
11273,d2722109-c832-45ba-a1cd-28523c319250,Standard Selling Fee
11274,d2722109-c832-45ba-a1cd-28523c319250,Standard Selling Fee
11275,d2722109-c832-45ba-a1cd-28523c319250,Standard Selling Fee
11276,d2722109-c832-45ba-a1cd-28523c319250,Standard Selling Fee
11278,d2722109-c832-45ba-a1cd-28523c319250,Standard Selling Fee
11279,d2722109-c832-45ba-a1cd-28523c319250,Standard Selling Fee
11282,d2722109-c832-45ba-a1cd-28523c319250,Standard Selling Fee
11283,d2722109-c832-45ba-a1cd-28523c319250,Standard Selling Fee
11284,d2722109-c832-45ba-a1cd-28523c319250,Standard Selling Fee
11285,d2722109-c832-45ba-a1cd-28523c319250,Standard Selling Fee
11287,d2722109-c832-45ba-a1cd-28523c319250,Standard Selling Fee
11288,d2722109-c832-45ba-a1cd-28523c319250,Standard Selling Fee
11289,d2722109-c832-45ba-a1cd-28523c319250,Standard Selling Fee
11290,d2722109-c832-45ba-a1cd-28523c319250,Standard Selling Fee
11291,d2722109-c832-45ba-a1cd-28523c319250,Standard Selling Fee
11292,d2722109-c832-45ba-a1cd-28523c319250,Standard Selling Fee
11293,d2722109-c832-45ba-a1cd-28523c319250,Standard Selling Fee
11294,9ccfe96a-49ad-472d-95fb-3029dee54069,"Arts, Crafts & Sewing"
11295,d2722109-c832-45ba-a1cd-28523c319250,Standard Selling Fee
11296,d2722109-c832-45ba-a1cd-28523c319250,Standard Selling Fee
11297,d2722109-c832-45ba-a1cd-28523c319250,Standard Selling Fee
11298,d2722109-c832-45ba-a1cd-28523c319250,Standard Selling Fee
11299,d2722109-c832-45ba-a1cd-28523c319250,Standard Selling Fee
11300,d2722109-c832-45ba-a1cd-28523c319250,Standard Selling Fee
11301,9ccfe96a-49ad-472d-95fb-3029dee54069,"Arts, Crafts & Sewing"
11302,d2722109-c832-45ba-a1cd-28523c319250,Standard Selling Fee
11303,d2722109-c832-45ba-a1cd-28523c319250,Standard Selling Fee
11304,d2722109-c832-45ba-a1cd-28523c319250,Standard Selling Fee
11305,d2722109-c832-45ba-a1cd-28523c319250,Standard Selling Fee
11306,d2722109-c832-45ba-a1cd-28523c319250,Standard Selling Fee
11308,d2722109-c832-45ba-a1cd-28523c319250,Standard Selling Fee
11310,d2722109-c832-45ba-a1cd-28523c319250,Standard Selling Fee
11311,d2722109-c832-45ba-a1cd-28523c319250,Standard Selling Fee
11315,d2722109-c832-45ba-a1cd-28523c319250,Standard Selling Fee
11316,d2722109-c832-45ba-a1cd-28523c319250,Standard Selling Fee
11317,d2722109-c832-45ba-a1cd-28523c319250,Standard Selling Fee
11318,d2722109-c832-45ba-a1cd-28523c319250,Standard Selling Fee
11319,d2722109-c832-45ba-a1cd-28523c319250,Standard Selling Fee
11320,d2722109-c832-45ba-a1cd-28523c319250,Standard Selling Fee
11321,d2722109-c832-45ba-a1cd-28523c319250,Standard Selling Fee
11322,d2722109-c832-45ba-a1cd-28523c319250,Standard Selling Fee
11323,d2722109-c832-45ba-a1cd-28523c319250,Standard Selling Fee
11324,d2722109-c832-45ba-a1cd-28523c319250,Standard Selling Fee
11325,d2722109-c832-45ba-a1cd-28523c319250,Standard Selling Fee
11327,d2722109-c832-45ba-a1cd-28523c319250,Standard Selling Fee
11328,d2722109-c832-45ba-a1cd-28523c319250,Standard Selling Fee
11330,d2722109-c832-45ba-a1cd-28523c319250,Standard Selling Fee
11331,d2722109-c832-45ba-a1cd-28523c319250,Standard Selling Fee
11333,d2722109-c832-45ba-a1cd-28523c319250,Standard Selling Fee
11334,d2722109-c832-45ba-a1cd-28523c319250,Standard Selling Fee
11335,d2722109-c832-45ba-a1cd-28523c319250,Standard Selling Fee
11336,d2722109-c832-45ba-a1cd-28523c319250,Standard Selling Fee
11337,d2722109-c832-45ba-a1cd-28523c319250,Standard Selling Fee
11338,d2722109-c832-45ba-a1cd-28523c319250,Standard Selling Fee
11339,d2722109-c832-45ba-a1cd-28523c319250,Standard Selling Fee
11340,d2722109-c832-45ba-a1cd-28523c319250,Standard Selling Fee
11341,d2722109-c832-45ba-a1cd-28523c319250,Standard Selling Fee
11342,d2722109-c832-45ba-a1cd-28523c319250,Standard Selling Fee
11344,d2722109-c832-45ba-a1cd-28523c319250,Standard Selling Fee
11346,d2722109-c832-45ba-a1cd-28523c319250,Standard Selling Fee
11347,d2722109-c832-45ba-a1cd-28523c319250,Standard Selling Fee
11348,d2722109-c832-45ba-a1cd-28523c319250,Standard Selling Fee
11349,d2722109-c832-45ba-a1cd-28523c319250,Standard Selling Fee
11350,d2722109-c832-45ba-a1cd-28523c319250,Standard Selling Fee
11351,d2722109-c832-45ba-a1cd-28523c319250,Standard Selling Fee
11352,d2722109-c832-45ba-a1cd-28523c319250,Standard Selling Fee
11353,d2722109-c832-45ba-a1cd-28523c319250,Standard Selling Fee
11354,d2722109-c832-45ba-a1cd-28523c319250,Standard Selling Fee
11355,d2722109-c832-45ba-a1cd-28523c319250,Standard Selling Fee
11356,d2722109-c832-45ba-a1cd-28523c319250,Standard Selling Fee
11357,d2722109-c832-45ba-a1cd-28523c319250,Standard Selling Fee
11358,d2722109-c832-45ba-a1cd-28523c319250,Standard Selling Fee
11359,d2722109-c832-45ba-a1cd-28523c319250,Standard Selling Fee
11360,d2722109-c832-45ba-a1cd-28523c319250,Standard Selling Fee
11361,d2722109-c832-45ba-a1cd-28523c319250,Standard Selling Fee
11362,d2722109-c832-45ba-a1cd-28523c319250,Standard Selling Fee
11363,d2722109-c832-45ba-a1cd-28523c319250,Standard Selling Fee
11377,d2722109-c832-45ba-a1cd-28523c319250,Standard Selling Fee
11380,9ccfe96a-6a76-4522-8337-bea4f660a8ce,Consumer Electronics
11381,d2722109-c832-45ba-a1cd-28523c319250,Standard Selling Fee
11382,9ccfe96a-49ad-472d-95fb-3029dee54069,"Arts, Crafts & Sewing"
11383,9ccfe96a-6a76-4522-8337-bea4f660a8ce,Consumer Electronics
11385,9ccfe96a-6a76-4522-8337-bea4f660a8ce,Consumer Electronics
11386,9ccfe96a-49ad-472d-95fb-3029dee54069,"Arts, Crafts & Sewing"
11387,d2722109-c832-45ba-a1cd-28523c319250,Standard Selling Fee
11388,9ccfe96a-6a76-4522-8337-bea4f660a8ce,Consumer Electronics
11389,d2722109-c832-45ba-a1cd-28523c319250,Standard Selling Fee
11390,9ccfe96a-6a76-4522-8337-bea4f660a8ce,Consumer Electronics
11391,9ccfe96a-6a76-4522-8337-bea4f660a8ce,Consumer Electronics
11392,9ccfe96a-6a76-4522-8337-bea4f660a8ce,Consumer Electronics
11393,9ccfe96a-49ad-472d-95fb-3029dee54069,"Arts, Crafts & Sewing"
11394,d2722109-c832-45ba-a1cd-28523c319250,Standard Selling Fee
11395,d2722109-c832-45ba-a1cd-28523c319250,Standard Selling Fee
11396,d2722109-c832-45ba-a1cd-28523c319250,Standard Selling Fee
11397,d2722109-c832-45ba-a1cd-28523c319250,Standard Selling Fee
11398,d2722109-c832-45ba-a1cd-28523c319250,Standard Selling Fee
11399,d2722109-c832-45ba-a1cd-28523c319250,Standard Selling Fee
11400,d2722109-c832-45ba-a1cd-28523c319250,Standard Selling Fee
11401,d2722109-c832-45ba-a1cd-28523c319250,Standard Selling Fee
11402,d2722109-c832-45ba-a1cd-28523c319250,Standard Selling Fee
11403,d2722109-c832-45ba-a1cd-28523c319250,Standard Selling Fee
11405,d2722109-c832-45ba-a1cd-28523c319250,Standard Selling Fee
11406,d2722109-c832-45ba-a1cd-28523c319250,Standard Selling Fee
11407,d2722109-c832-45ba-a1cd-28523c319250,Standard Selling Fee
11408,d2722109-c832-45ba-a1cd-28523c319250,Standard Selling Fee
11409,d2722109-c832-45ba-a1cd-28523c319250,Standard Selling Fee
11410,d2722109-c832-45ba-a1cd-28523c319250,Standard Selling Fee
11411,d2722109-c832-45ba-a1cd-28523c319250,Standard Selling Fee
11412,d2722109-c832-45ba-a1cd-28523c319250,Standard Selling Fee
11413,d2722109-c832-45ba-a1cd-28523c319250,Standard Selling Fee
11414,d2722109-c832-45ba-a1cd-28523c319250,Standard Selling Fee
11415,9ccfe96a-49ad-472d-95fb-3029dee54069,"Arts, Crafts & Sewing"
11416,d2722109-c832-45ba-a1cd-28523c319250,Standard Selling Fee
11417,d2722109-c832-45ba-a1cd-28523c319250,Standard Selling Fee
11418,d2722109-c832-45ba-a1cd-28523c319250,Standard Selling Fee
11419,d2722109-c832-45ba-a1cd-28523c319250,Standard Selling Fee
11420,d2722109-c832-45ba-a1cd-28523c319250,Standard Selling Fee
11421,d2722109-c832-45ba-a1cd-28523c319250,Standard Selling Fee
11422,d2722109-c832-45ba-a1cd-28523c319250,Standard Selling Fee
11429,d2722109-c832-45ba-a1cd-28523c319250,Standard Selling Fee
11430,d2722109-c832-45ba-a1cd-28523c319250,Standard Selling Fee
11431,d2722109-c832-45ba-a1cd-28523c319250,Standard Selling Fee
11432,d2722109-c832-45ba-a1cd-28523c319250,Standard Selling Fee
11433,d2722109-c832-45ba-a1cd-28523c319250,Standard Selling Fee
11434,d2722109-c832-45ba-a1cd-28523c319250,Standard Selling Fee
11435,d2722109-c832-45ba-a1cd-28523c319250,Standard Selling Fee
11436,d2722109-c832-45ba-a1cd-28523c319250,Standard Selling Fee
11437,d2722109-c832-45ba-a1cd-28523c319250,Standard Selling Fee
11438,d2722109-c832-45ba-a1cd-28523c319250,Standard Selling Fee
11439,d2722109-c832-45ba-a1cd-28523c319250,Standard Selling Fee
11440,d2722109-c832-45ba-a1cd-28523c319250,Standard Selling Fee
11441,d2722109-c832-45ba-a1cd-28523c319250,Standard Selling Fee
11442,d2722109-c832-45ba-a1cd-28523c319250,Standard Selling Fee
11443,d2722109-c832-45ba-a1cd-28523c319250,Standard Selling Fee
11444,d2722109-c832-45ba-a1cd-28523c319250,Standard Selling Fee
11448,d2722109-c832-45ba-a1cd-28523c319250,Standard Selling Fee
11449,9ccfe96a-c425-4fd4-afa4-31a6fec9e365,Power Tools
11450,9ccfe96a-c425-4fd4-afa4-31a6fec9e365,Power Tools
11456,d2722109-c832-45ba-a1cd-28523c319250,Standard Selling Fee
11457,9ccfe96a-49ad-472d-95fb-3029dee54069,"Arts, Crafts & Sewing"
11458,d2722109-c832-45ba-a1cd-28523c319250,Standard Selling Fee
11459,d2722109-c832-45ba-a1cd-28523c319250,Standard Selling Fee
11460,d2722109-c832-45ba-a1cd-28523c319250,Standard Selling Fee
11461,d2722109-c832-45ba-a1cd-28523c319250,Standard Selling Fee
11463,d2722109-c832-45ba-a1cd-28523c319250,Standard Selling Fee
11464,d2722109-c832-45ba-a1cd-28523c319250,Standard Selling Fee
11465,d2722109-c832-45ba-a1cd-28523c319250,Standard Selling Fee
11466,d2722109-c832-45ba-a1cd-28523c319250,Standard Selling Fee
11468,d2722109-c832-45ba-a1cd-28523c319250,Standard Selling Fee
11469,d2722109-c832-45ba-a1cd-28523c319250,Standard Selling Fee
11470,d2722109-c832-45ba-a1cd-28523c319250,Standard Selling Fee
11471,d2722109-c832-45ba-a1cd-28523c319250,Standard Selling Fee
11472,d2722109-c832-45ba-a1cd-28523c319250,Standard Selling Fee
11473,d2722109-c832-45ba-a1cd-28523c319250,Standard Selling Fee
11474,9ccfe96a-6a76-4522-8337-bea4f660a8ce,Consumer Electronics
11475,9ccfe96a-6a76-4522-8337-bea4f660a8ce,Consumer Electronics
11476,9ccfe96a-6a76-4522-8337-bea4f660a8ce,Consumer Electronics
11477,9ccfe96a-6a76-4522-8337-bea4f660a8ce,Consumer Electronics
11478,d2722109-c832-45ba-a1cd-28523c319250,Standard Selling Fee
11479,9ccfe96a-6a76-4522-8337-bea4f660a8ce,Consumer Electronics
11480,9ccfe96a-6a76-4522-8337-bea4f660a8ce,Consumer Electronics
11481,9ccfe96a-6a76-4522-8337-bea4f660a8ce,Consumer Electronics
11482,9ccfe96a-6a76-4522-8337-bea4f660a8ce,Consumer Electronics
11484,9ccfe96a-6a76-4522-8337-bea4f660a8ce,Consumer Electronics
11485,9ccfe96a-6a76-4522-8337-bea4f660a8ce,Consumer Electronics
11486,9ccfe96a-6a76-4522-8337-bea4f660a8ce,Consumer Electronics
11490,d2722109-c832-45ba-a1cd-28523c319250,Standard Selling Fee
11491,d2722109-c832-45ba-a1cd-28523c319250,Standard Selling Fee
11492,d2722109-c832-45ba-a1cd-28523c319250,Standard Selling Fee
11493,9ccfe96a-c425-4fd4-afa4-31a6fec9e365,Power Tools
11494,d2722109-c832-45ba-a1cd-28523c319250,Standard Selling Fee
11495,d2722109-c832-45ba-a1cd-28523c319250,Standard Selling Fee
11496,d2722109-c832-45ba-a1cd-28523c319250,Standard Selling Fee
11497,d2722109-c832-45ba-a1cd-28523c319250,Standard Selling Fee
11498,d2722109-c832-45ba-a1cd-28523c319250,Standard Selling Fee
11499,d2722109-c832-45ba-a1cd-28523c319250,Standard Selling Fee
11500,d2722109-c832-45ba-a1cd-28523c319250,Standard Selling Fee
11501,d2722109-c832-45ba-a1cd-28523c319250,Standard Selling Fee
11502,d2722109-c832-45ba-a1cd-28523c319250,Standard Selling Fee
11503,d2722109-c832-45ba-a1cd-28523c319250,Standard Selling Fee
11504,d2722109-c832-45ba-a1cd-28523c319250,Standard Selling Fee
11506,9ccfe96a-49ad-472d-95fb-3029dee54069,"Arts, Crafts & Sewing"
11507,d2722109-c832-45ba-a1cd-28523c319250,Standard Selling Fee
11508,d2722109-c832-45ba-a1cd-28523c319250,Standard Selling Fee
11510,d2722109-c832-45ba-a1cd-28523c319250,Standard Selling Fee
11511,d2722109-c832-45ba-a1cd-28523c319250,Standard Selling Fee
11512,d2722109-c832-45ba-a1cd-28523c319250,Standard Selling Fee
11513,d2722109-c832-45ba-a1cd-28523c319250,Standard Selling Fee
11514,d2722109-c832-45ba-a1cd-28523c319250,Standard Selling Fee
11515,d2722109-c832-45ba-a1cd-28523c319250,Standard Selling Fee
11516,d2722109-c832-45ba-a1cd-28523c319250,Standard Selling Fee
11518,d2722109-c832-45ba-a1cd-28523c319250,Standard Selling Fee
11520,9ccfe96a-6a76-4522-8337-bea4f660a8ce,Consumer Electronics
11521,9ccfe96a-6a76-4522-8337-bea4f660a8ce,Consumer Electronics
11523,d2722109-c832-45ba-a1cd-28523c319250,Standard Selling Fee
11524,d2722109-c832-45ba-a1cd-28523c319250,Standard Selling Fee
11525,d2722109-c832-45ba-a1cd-28523c319250,Standard Selling Fee
11526,d2722109-c832-45ba-a1cd-28523c319250,Standard Selling Fee
11527,d2722109-c832-45ba-a1cd-28523c319250,Standard Selling Fee
11528,d2722109-c832-45ba-a1cd-28523c319250,Standard Selling Fee
11529,d2722109-c832-45ba-a1cd-28523c319250,Standard Selling Fee
11540,d2722109-c832-45ba-a1cd-28523c319250,Standard Selling Fee
11541,d2722109-c832-45ba-a1cd-28523c319250,Standard Selling Fee
11543,d2722109-c832-45ba-a1cd-28523c319250,Standard Selling Fee
11544,d2722109-c832-45ba-a1cd-28523c319250,Standard Selling Fee
11545,d2722109-c832-45ba-a1cd-28523c319250,Standard Selling Fee
11546,d2722109-c832-45ba-a1cd-28523c319250,Standard Selling Fee
11547,d2722109-c832-45ba-a1cd-28523c319250,Standard Selling Fee
11548,d2722109-c832-45ba-a1cd-28523c319250,Standard Selling Fee
11549,d2722109-c832-45ba-a1cd-28523c319250,Standard Selling Fee
11550,9ccfe96a-49ad-472d-95fb-3029dee54069,"Arts, Crafts & Sewing"
11551,9ccfe96a-6a76-4522-8337-bea4f660a8ce,Consumer Electronics
11552,9ccfe96a-6a76-4522-8337-bea4f660a8ce,Consumer Electronics
11553,9ccfe96a-6a76-4522-8337-bea4f660a8ce,Consumer Electronics
11554,9ccfe96a-6a76-4522-8337-bea4f660a8ce,Consumer Electronics
11555,9ccfe96a-6a76-4522-8337-bea4f660a8ce,Consumer Electronics
11556,9ccfe96a-6a76-4522-8337-bea4f660a8ce,Consumer Electronics
11558,d2722109-c832-45ba-a1cd-28523c319250,Standard Selling Fee
11559,d2722109-c832-45ba-a1cd-28523c319250,Standard Selling Fee
11560,d2722109-c832-45ba-a1cd-28523c319250,Standard Selling Fee
11562,d2722109-c832-45ba-a1cd-28523c319250,Standard Selling Fee
11563,d2722109-c832-45ba-a1cd-28523c319250,Standard Selling Fee
11564,d2722109-c832-45ba-a1cd-28523c319250,Standard Selling Fee
11565,d2722109-c832-45ba-a1cd-28523c319250,Standard Selling Fee
11566,d2722109-c832-45ba-a1cd-28523c319250,Standard Selling Fee
11567,d2722109-c832-45ba-a1cd-28523c319250,Standard Selling Fee
11568,d2722109-c832-45ba-a1cd-28523c319250,Standard Selling Fee
11569,9ccfe96a-6a76-4522-8337-bea4f660a8ce,Consumer Electronics
11570,9ccfe96a-6a76-4522-8337-bea4f660a8ce,Consumer Electronics
11571,9ccfe96a-6a76-4522-8337-bea4f660a8ce,Consumer Electronics
11572,9ccfe96a-6a76-4522-8337-bea4f660a8ce,Consumer Electronics
11573,9ccfe96a-6a76-4522-8337-bea4f660a8ce,Consumer Electronics
11574,9ccfe96a-6a76-4522-8337-bea4f660a8ce,Consumer Electronics
11575,9ccfe96a-6a76-4522-8337-bea4f660a8ce,Consumer Electronics
11576,9ccfe96a-6a76-4522-8337-bea4f660a8ce,Consumer Electronics
11577,9ccfe96a-6a76-4522-8337-bea4f660a8ce,Consumer Electronics
11578,9ccfe96a-6a76-4522-8337-bea4f660a8ce,Consumer Electronics
11580,9ccfe96a-6a76-4522-8337-bea4f660a8ce,Consumer Electronics
11581,9ccfe96a-6a76-4522-8337-bea4f660a8ce,Consumer Electronics
11582,9ccfe96a-6a76-4522-8337-bea4f660a8ce,Consumer Electronics
11583,9ccfe96a-6a76-4522-8337-bea4f660a8ce,Consumer Electronics
11584,d2722109-c832-45ba-a1cd-28523c319250,Standard Selling Fee
11585,d2722109-c832-45ba-a1cd-28523c319250,Standard Selling Fee
11586,d2722109-c832-45ba-a1cd-28523c319250,Standard Selling Fee
11587,d2722109-c832-45ba-a1cd-28523c319250,Standard Selling Fee
11588,d2722109-c832-45ba-a1cd-28523c319250,Standard Selling Fee
11591,d2722109-c832-45ba-a1cd-28523c319250,Standard Selling Fee
11592,d2722109-c832-45ba-a1cd-28523c319250,Standard Selling Fee
11593,d2722109-c832-45ba-a1cd-28523c319250,Standard Selling Fee
11594,d2722109-c832-45ba-a1cd-28523c319250,Standard Selling Fee
11595,d2722109-c832-45ba-a1cd-28523c319250,Standard Selling Fee
11596,d2722109-c832-45ba-a1cd-28523c319250,Standard Selling Fee
11597,d2722109-c832-45ba-a1cd-28523c319250,Standard Selling Fee
11599,9ccfe96a-6a76-4522-8337-bea4f660a8ce,Consumer Electronics
11600,9ccfe96a-6a76-4522-8337-bea4f660a8ce,Consumer Electronics
11601,9ccfe96a-6a76-4522-8337-bea4f660a8ce,Consumer Electronics
11602,d2722109-c832-45ba-a1cd-28523c319250,Standard Selling Fee
11620,d2722109-c832-45ba-a1cd-28523c319250,Standard Selling Fee
11621,d2722109-c832-45ba-a1cd-28523c319250,Standard Selling Fee
11622,d2722109-c832-45ba-a1cd-28523c319250,Standard Selling Fee
11623,d2722109-c832-45ba-a1cd-28523c319250,Standard Selling Fee
11624,d2722109-c832-45ba-a1cd-28523c319250,Standard Selling Fee
11625,d2722109-c832-45ba-a1cd-28523c319250,Standard Selling Fee
11627,d2722109-c832-45ba-a1cd-28523c319250,Standard Selling Fee
11628,d2722109-c832-45ba-a1cd-28523c319250,Standard Selling Fee
11629,d2722109-c832-45ba-a1cd-28523c319250,Standard Selling Fee
11631,d2722109-c832-45ba-a1cd-28523c319250,Standard Selling Fee
11632,d2722109-c832-45ba-a1cd-28523c319250,Standard Selling Fee
11633,d2722109-c832-45ba-a1cd-28523c319250,Standard Selling Fee
11634,d2722109-c832-45ba-a1cd-28523c319250,Standard Selling Fee
11636,d2722109-c832-45ba-a1cd-28523c319250,Standard Selling Fee
11637,d2722109-c832-45ba-a1cd-28523c319250,Standard Selling Fee
11638,d2722109-c832-45ba-a1cd-28523c319250,Standard Selling Fee
11639,d2722109-c832-45ba-a1cd-28523c319250,Standard Selling Fee
11640,d2722109-c832-45ba-a1cd-28523c319250,Standard Selling Fee
11641,d2722109-c832-45ba-a1cd-28523c319250,Standard Selling Fee
11644,d2722109-c832-45ba-a1cd-28523c319250,Standard Selling Fee
11645,d2722109-c832-45ba-a1cd-28523c319250,Standard Selling Fee
11646,d2722109-c832-45ba-a1cd-28523c319250,Standard Selling Fee
11647,d2722109-c832-45ba-a1cd-28523c319250,Standard Selling Fee
11650,d2722109-c832-45ba-a1cd-28523c319250,Standard Selling Fee
11651,d2722109-c832-45ba-a1cd-28523c319250,Standard Selling Fee
11652,9ccfe96a-6a76-4522-8337-bea4f660a8ce,Consumer Electronics
11653,9ccfe96a-6a76-4522-8337-bea4f660a8ce,Consumer Electronics
11654,9ccfe96a-6a76-4522-8337-bea4f660a8ce,Consumer Electronics
11655,9ccfe96a-6a76-4522-8337-bea4f660a8ce,Consumer Electronics
11656,9ccfe96a-6a76-4522-8337-bea4f660a8ce,Consumer Electronics
11657,d2722109-c832-45ba-a1cd-28523c319250,Standard Selling Fee
11658,d2722109-c832-45ba-a1cd-28523c319250,Standard Selling Fee
11659,d2722109-c832-45ba-a1cd-28523c319250,Standard Selling Fee
11660,d2722109-c832-45ba-a1cd-28523c319250,Standard Selling Fee
11661,d2722109-c832-45ba-a1cd-28523c319250,Standard Selling Fee
11662,d2722109-c832-45ba-a1cd-28523c319250,Standard Selling Fee
11663,d2722109-c832-45ba-a1cd-28523c319250,Standard Selling Fee
11664,d2722109-c832-45ba-a1cd-28523c319250,Standard Selling Fee
11665,d2722109-c832-45ba-a1cd-28523c319250,Standard Selling Fee
11666,d2722109-c832-45ba-a1cd-28523c319250,Standard Selling Fee
11667,d2722109-c832-45ba-a1cd-28523c319250,Standard Selling Fee
11668,d2722109-c832-45ba-a1cd-28523c319250,Standard Selling Fee
11669,d2722109-c832-45ba-a1cd-28523c319250,Standard Selling Fee
11671,d2722109-c832-45ba-a1cd-28523c319250,Standard Selling Fee
11672,d2722109-c832-45ba-a1cd-28523c319250,Standard Selling Fee
11674,d2722109-c832-45ba-a1cd-28523c319250,Standard Selling Fee
11675,d2722109-c832-45ba-a1cd-28523c319250,Standard Selling Fee
11676,d2722109-c832-45ba-a1cd-28523c319250,Standard Selling Fee
11677,d2722109-c832-45ba-a1cd-28523c319250,Standard Selling Fee
11678,d2722109-c832-45ba-a1cd-28523c319250,Standard Selling Fee
11679,d2722109-c832-45ba-a1cd-28523c319250,Standard Selling Fee
11680,d2722109-c832-45ba-a1cd-28523c319250,Standard Selling Fee
11681,d2722109-c832-45ba-a1cd-28523c319250,Standard Selling Fee
11682,d2722109-c832-45ba-a1cd-28523c319250,Standard Selling Fee
11683,d2722109-c832-45ba-a1cd-28523c319250,Standard Selling Fee
11684,d2722109-c832-45ba-a1cd-28523c319250,Standard Selling Fee
11685,d2722109-c832-45ba-a1cd-28523c319250,Standard Selling Fee
11686,d2722109-c832-45ba-a1cd-28523c319250,Standard Selling Fee
11687,d2722109-c832-45ba-a1cd-28523c319250,Standard Selling Fee
11688,d2722109-c832-45ba-a1cd-28523c319250,Standard Selling Fee
11689,d2722109-c832-45ba-a1cd-28523c319250,Standard Selling Fee
11690,d2722109-c832-45ba-a1cd-28523c319250,Standard Selling Fee
11691,d2722109-c832-45ba-a1cd-28523c319250,Standard Selling Fee
11692,d2722109-c832-45ba-a1cd-28523c319250,Standard Selling Fee
11693,d2722109-c832-45ba-a1cd-28523c319250,Standard Selling Fee
11694,d2722109-c832-45ba-a1cd-28523c319250,Standard Selling Fee
11695,d2722109-c832-45ba-a1cd-28523c319250,Standard Selling Fee
11696,9ccfe96a-49ad-472d-95fb-3029dee54069,"Arts, Crafts & Sewing"
11697,9ccfe96a-49ad-472d-95fb-3029dee54069,"Arts, Crafts & Sewing"
11698,d2722109-c832-45ba-a1cd-28523c319250,Standard Selling Fee
11700,d2722109-c832-45ba-a1cd-28523c319250,Standard Selling Fee
11701,d2722109-c832-45ba-a1cd-28523c319250,Standard Selling Fee
11702,d2722109-c832-45ba-a1cd-28523c319250,Standard Selling Fee
11703,d2722109-c832-45ba-a1cd-28523c319250,Standard Selling Fee
11704,d2722109-c832-45ba-a1cd-28523c319250,Standard Selling Fee
11705,d2722109-c832-45ba-a1cd-28523c319250,Standard Selling Fee
11706,d2722109-c832-45ba-a1cd-28523c319250,Standard Selling Fee
11707,d2722109-c832-45ba-a1cd-28523c319250,Standard Selling Fee
11708,d2722109-c832-45ba-a1cd-28523c319250,Standard Selling Fee
11709,d2722109-c832-45ba-a1cd-28523c319250,Standard Selling Fee
11710,d2722109-c832-45ba-a1cd-28523c319250,Standard Selling Fee
11711,d2722109-c832-45ba-a1cd-28523c319250,Standard Selling Fee
11712,d2722109-c832-45ba-a1cd-28523c319250,Standard Selling Fee
11713,d2722109-c832-45ba-a1cd-28523c319250,Standard Selling Fee
11714,d2722109-c832-45ba-a1cd-28523c319250,Standard Selling Fee
11715,d2722109-c832-45ba-a1cd-28523c319250,Standard Selling Fee
11716,d2722109-c832-45ba-a1cd-28523c319250,Standard Selling Fee
11717,d2722109-c832-45ba-a1cd-28523c319250,Standard Selling Fee
11718,d2722109-c832-45ba-a1cd-28523c319250,Standard Selling Fee
11719,d2722109-c832-45ba-a1cd-28523c319250,Standard Selling Fee
11721,d2722109-c832-45ba-a1cd-28523c319250,Standard Selling Fee
11722,d2722109-c832-45ba-a1cd-28523c319250,Standard Selling Fee
11723,d2722109-c832-45ba-a1cd-28523c319250,Standard Selling Fee
11725,d2722109-c832-45ba-a1cd-28523c319250,Standard Selling Fee
11726,9ccfe96a-6a76-4522-8337-bea4f660a8ce,Consumer Electronics
11727,d2722109-c832-45ba-a1cd-28523c319250,Standard Selling Fee
11729,d2722109-c832-45ba-a1cd-28523c319250,Standard Selling Fee
11730,2d572e54-2fbd-4802-8e56-b577eb267e8b,Jewellery
11731,2d572e54-2fbd-4802-8e56-b577eb267e8b,Jewellery
11732,2d572e54-2fbd-4802-8e56-b577eb267e8b,Jewellery
11733,2d572e54-2fbd-4802-8e56-b577eb267e8b,Jewellery
11734,2d572e54-2fbd-4802-8e56-b577eb267e8b,Jewellery
11735,2d572e54-2fbd-4802-8e56-b577eb267e8b,Jewellery
11736,2d572e54-2fbd-4802-8e56-b577eb267e8b,Jewellery
11738,d2722109-c832-45ba-a1cd-28523c319250,Standard Selling Fee
11739,d2722109-c832-45ba-a1cd-28523c319250,Standard Selling Fee
11742,d2722109-c832-45ba-a1cd-28523c319250,Standard Selling Fee
11744,d2722109-c832-45ba-a1cd-28523c319250,Standard Selling Fee
11745,d2722109-c832-45ba-a1cd-28523c319250,Standard Selling Fee
11746,d2722109-c832-45ba-a1cd-28523c319250,Standard Selling Fee
11747,d2722109-c832-45ba-a1cd-28523c319250,Standard Selling Fee
11748,d2722109-c832-45ba-a1cd-28523c319250,Standard Selling Fee
11749,d2722109-c832-45ba-a1cd-28523c319250,Standard Selling Fee
11750,2d572e54-2fbd-4802-8e56-b577eb267e8b,Jewellery
11751,d2722109-c832-45ba-a1cd-28523c319250,Standard Selling Fee
11752,d2722109-c832-45ba-a1cd-28523c319250,Standard Selling Fee
11753,d2722109-c832-45ba-a1cd-28523c319250,Standard Selling Fee
11754,d2722109-c832-45ba-a1cd-28523c319250,Standard Selling Fee
11755,d2722109-c832-45ba-a1cd-28523c319250,Standard Selling Fee
11756,9ccfe96a-49ad-472d-95fb-3029dee54069,"Arts, Crafts & Sewing"
11757,9ccfe96a-49ad-472d-95fb-3029dee54069,"Arts, Crafts & Sewing"
11758,d2722109-c832-45ba-a1cd-28523c319250,Standard Selling Fee
11759,d2722109-c832-45ba-a1cd-28523c319250,Standard Selling Fee
11760,d2722109-c832-45ba-a1cd-28523c319250,Standard Selling Fee
11761,d2722109-c832-45ba-a1cd-28523c319250,Standard Selling Fee
11762,d2722109-c832-45ba-a1cd-28523c319250,Standard Selling Fee
11763,d2722109-c832-45ba-a1cd-28523c319250,Standard Selling Fee
11764,d2722109-c832-45ba-a1cd-28523c319250,Standard Selling Fee
11765,d2722109-c832-45ba-a1cd-28523c319250,Standard Selling Fee
11766,d2722109-c832-45ba-a1cd-28523c319250,Standard Selling Fee
11767,d2722109-c832-45ba-a1cd-28523c319250,Standard Selling Fee
11768,d2722109-c832-45ba-a1cd-28523c319250,Standard Selling Fee
11769,d2722109-c832-45ba-a1cd-28523c319250,Standard Selling Fee
11770,9ccfe96a-49ad-472d-95fb-3029dee54069,"Arts, Crafts & Sewing"
11771,d2722109-c832-45ba-a1cd-28523c319250,Standard Selling Fee
11772,d2722109-c832-45ba-a1cd-28523c319250,Standard Selling Fee
11773,d2722109-c832-45ba-a1cd-28523c319250,Standard Selling Fee
11774,d2722109-c832-45ba-a1cd-28523c319250,Standard Selling Fee
11775,d2722109-c832-45ba-a1cd-28523c319250,Standard Selling Fee
11776,d2722109-c832-45ba-a1cd-28523c319250,Standard Selling Fee
11777,d2722109-c832-45ba-a1cd-28523c319250,Standard Selling Fee
11778,d2722109-c832-45ba-a1cd-28523c319250,Standard Selling Fee
11779,d2722109-c832-45ba-a1cd-28523c319250,Standard Selling Fee
11780,d2722109-c832-45ba-a1cd-28523c319250,Standard Selling Fee
11781,d2722109-c832-45ba-a1cd-28523c319250,Standard Selling Fee
11782,d2722109-c832-45ba-a1cd-28523c319250,Standard Selling Fee
11783,d2722109-c832-45ba-a1cd-28523c319250,Standard Selling Fee
11833,d2722109-c832-45ba-a1cd-28523c319250,Standard Selling Fee
11834,d2722109-c832-45ba-a1cd-28523c319250,Standard Selling Fee
11835,d2722109-c832-45ba-a1cd-28523c319250,Standard Selling Fee
11836,d2722109-c832-45ba-a1cd-28523c319250,Standard Selling Fee
11837,d2722109-c832-45ba-a1cd-28523c319250,Standard Selling Fee
11838,d2722109-c832-45ba-a1cd-28523c319250,Standard Selling Fee
11839,d2722109-c832-45ba-a1cd-28523c319250,Standard Selling Fee
11840,d2722109-c832-45ba-a1cd-28523c319250,Standard Selling Fee
11841,d2722109-c832-45ba-a1cd-28523c319250,Standard Selling Fee
11843,d2722109-c832-45ba-a1cd-28523c319250,Standard Selling Fee
11844,d2722109-c832-45ba-a1cd-28523c319250,Standard Selling Fee
11845,d2722109-c832-45ba-a1cd-28523c319250,Standard Selling Fee
11846,d2722109-c832-45ba-a1cd-28523c319250,Standard Selling Fee
11847,d2722109-c832-45ba-a1cd-28523c319250,Standard Selling Fee
11848,d2722109-c832-45ba-a1cd-28523c319250,Standard Selling Fee
11849,d2722109-c832-45ba-a1cd-28523c319250,Standard Selling Fee
11850,d2722109-c832-45ba-a1cd-28523c319250,Standard Selling Fee
11851,d2722109-c832-45ba-a1cd-28523c319250,Standard Selling Fee
11852,d2722109-c832-45ba-a1cd-28523c319250,Standard Selling Fee
11853,d2722109-c832-45ba-a1cd-28523c319250,Standard Selling Fee
11854,d2722109-c832-45ba-a1cd-28523c319250,Standard Selling Fee
11855,d2722109-c832-45ba-a1cd-28523c319250,Standard Selling Fee
11856,d2722109-c832-45ba-a1cd-28523c319250,Standard Selling Fee
11857,d2722109-c832-45ba-a1cd-28523c319250,Standard Selling Fee
11858,d2722109-c832-45ba-a1cd-28523c319250,Standard Selling Fee
11859,d2722109-c832-45ba-a1cd-28523c319250,Standard Selling Fee
11860,d2722109-c832-45ba-a1cd-28523c319250,Standard Selling Fee
11861,d2722109-c832-45ba-a1cd-28523c319250,Standard Selling Fee
11862,d2722109-c832-45ba-a1cd-28523c319250,Standard Selling Fee
11863,d2722109-c832-45ba-a1cd-28523c319250,Standard Selling Fee
11864,d2722109-c832-45ba-a1cd-28523c319250,Standard Selling Fee
11865,d2722109-c832-45ba-a1cd-28523c319250,Standard Selling Fee
11866,d2722109-c832-45ba-a1cd-28523c319250,Standard Selling Fee
11867,d2722109-c832-45ba-a1cd-28523c319250,Standard Selling Fee
11868,d2722109-c832-45ba-a1cd-28523c319250,Standard Selling Fee
11869,d2722109-c832-45ba-a1cd-28523c319250,Standard Selling Fee
11870,d2722109-c832-45ba-a1cd-28523c319250,Standard Selling Fee
11871,d2722109-c832-45ba-a1cd-28523c319250,Standard Selling Fee
11872,d2722109-c832-45ba-a1cd-28523c319250,Standard Selling Fee
11873,d2722109-c832-45ba-a1cd-28523c319250,Standard Selling Fee
11874,d2722109-c832-45ba-a1cd-28523c319250,Standard Selling Fee
11875,d2722109-c832-45ba-a1cd-28523c319250,Standard Selling Fee
11876,d2722109-c832-45ba-a1cd-28523c319250,Standard Selling Fee
11877,d2722109-c832-45ba-a1cd-28523c319250,Standard Selling Fee
11878,d2722109-c832-45ba-a1cd-28523c319250,Standard Selling Fee
11879,d2722109-c832-45ba-a1cd-28523c319250,Standard Selling Fee
11880,d2722109-c832-45ba-a1cd-28523c319250,Standard Selling Fee
11881,d2722109-c832-45ba-a1cd-28523c319250,Standard Selling Fee
11882,d2722109-c832-45ba-a1cd-28523c319250,Standard Selling Fee
11883,d2722109-c832-45ba-a1cd-28523c319250,Standard Selling Fee
11884,d2722109-c832-45ba-a1cd-28523c319250,Standard Selling Fee
11885,d2722109-c832-45ba-a1cd-28523c319250,Standard Selling Fee
11886,d2722109-c832-45ba-a1cd-28523c319250,Standard Selling Fee
11888,d2722109-c832-45ba-a1cd-28523c319250,Standard Selling Fee
11889,d2722109-c832-45ba-a1cd-28523c319250,Standard Selling Fee
11890,d2722109-c832-45ba-a1cd-28523c319250,Standard Selling Fee
11891,d2722109-c832-45ba-a1cd-28523c319250,Standard Selling Fee
11892,d2722109-c832-45ba-a1cd-28523c319250,Standard Selling Fee
11893,d2722109-c832-45ba-a1cd-28523c319250,Standard Selling Fee
11894,d2722109-c832-45ba-a1cd-28523c319250,Standard Selling Fee
11895,d2722109-c832-45ba-a1cd-28523c319250,Standard Selling Fee
11896,d2722109-c832-45ba-a1cd-28523c319250,Standard Selling Fee
11897,d2722109-c832-45ba-a1cd-28523c319250,Standard Selling Fee
11898,d2722109-c832-45ba-a1cd-28523c319250,Standard Selling Fee
11899,d2722109-c832-45ba-a1cd-28523c319250,Standard Selling Fee
11900,d2722109-c832-45ba-a1cd-28523c319250,Standard Selling Fee
11901,d2722109-c832-45ba-a1cd-28523c319250,Standard Selling Fee
11902,d2722109-c832-45ba-a1cd-28523c319250,Standard Selling Fee
11903,d2722109-c832-45ba-a1cd-28523c319250,Standard Selling Fee
11904,d2722109-c832-45ba-a1cd-28523c319250,Standard Selling Fee
11905,d2722109-c832-45ba-a1cd-28523c319250,Standard Selling Fee
11907,d2722109-c832-45ba-a1cd-28523c319250,Standard Selling Fee
11908,d2722109-c832-45ba-a1cd-28523c319250,Standard Selling Fee
11909,d2722109-c832-45ba-a1cd-28523c319250,Standard Selling Fee
11910,d2722109-c832-45ba-a1cd-28523c319250,Standard Selling Fee
11911,d2722109-c832-45ba-a1cd-28523c319250,Standard Selling Fee
11912,d2722109-c832-45ba-a1cd-28523c319250,Standard Selling Fee
11914,d2722109-c832-45ba-a1cd-28523c319250,Standard Selling Fee
11916,d2722109-c832-45ba-a1cd-28523c319250,Standard Selling Fee
11917,d2722109-c832-45ba-a1cd-28523c319250,Standard Selling Fee
11918,d2722109-c832-45ba-a1cd-28523c319250,Standard Selling Fee
11919,d2722109-c832-45ba-a1cd-28523c319250,Standard Selling Fee
11920,d2722109-c832-45ba-a1cd-28523c319250,Standard Selling Fee
11921,d2722109-c832-45ba-a1cd-28523c319250,Standard Selling Fee
11922,d2722109-c832-45ba-a1cd-28523c319250,Standard Selling Fee
11923,d2722109-c832-45ba-a1cd-28523c319250,Standard Selling Fee
11924,d2722109-c832-45ba-a1cd-28523c319250,Standard Selling Fee
11925,d2722109-c832-45ba-a1cd-28523c319250,Standard Selling Fee
11926,9ccfe96a-49ad-472d-95fb-3029dee54069,"Arts, Crafts & Sewing"
11928,d2722109-c832-45ba-a1cd-28523c319250,Standard Selling Fee
11929,d2722109-c832-45ba-a1cd-28523c319250,Standard Selling Fee
11930,d2722109-c832-45ba-a1cd-28523c319250,Standard Selling Fee
11931,d2722109-c832-45ba-a1cd-28523c319250,Standard Selling Fee
11932,d2722109-c832-45ba-a1cd-28523c319250,Standard Selling Fee
11933,d2722109-c832-45ba-a1cd-28523c319250,Standard Selling Fee
11934,d2722109-c832-45ba-a1cd-28523c319250,Standard Selling Fee
11935,d2722109-c832-45ba-a1cd-28523c319250,Standard Selling Fee
11936,d2722109-c832-45ba-a1cd-28523c319250,Standard Selling Fee
11938,d2722109-c832-45ba-a1cd-28523c319250,Standard Selling Fee
11940,d2722109-c832-45ba-a1cd-28523c319250,Standard Selling Fee
11941,d2722109-c832-45ba-a1cd-28523c319250,Standard Selling Fee
11942,d2722109-c832-45ba-a1cd-28523c319250,Standard Selling Fee
11943,d2722109-c832-45ba-a1cd-28523c319250,Standard Selling Fee
11946,d2722109-c832-45ba-a1cd-28523c319250,Standard Selling Fee
11947,d2722109-c832-45ba-a1cd-28523c319250,Standard Selling Fee
11948,d2722109-c832-45ba-a1cd-28523c319250,Standard Selling Fee
11949,d2722109-c832-45ba-a1cd-28523c319250,Standard Selling Fee
11950,d2722109-c832-45ba-a1cd-28523c319250,Standard Selling Fee
11951,d2722109-c832-45ba-a1cd-28523c319250,Standard Selling Fee
11952,d2722109-c832-45ba-a1cd-28523c319250,Standard Selling Fee
11953,d2722109-c832-45ba-a1cd-28523c319250,Standard Selling Fee
11954,d2722109-c832-45ba-a1cd-28523c319250,Standard Selling Fee
11955,d2722109-c832-45ba-a1cd-28523c319250,Standard Selling Fee
11956,d2722109-c832-45ba-a1cd-28523c319250,Standard Selling Fee
11957,d2722109-c832-45ba-a1cd-28523c319250,Standard Selling Fee
11959,d2722109-c832-45ba-a1cd-28523c319250,Standard Selling Fee
11960,d2722109-c832-45ba-a1cd-28523c319250,Standard Selling Fee
11961,d2722109-c832-45ba-a1cd-28523c319250,Standard Selling Fee
11962,d2722109-c832-45ba-a1cd-28523c319250,Standard Selling Fee
11963,d2722109-c832-45ba-a1cd-28523c319250,Standard Selling Fee
11966,d2722109-c832-45ba-a1cd-28523c319250,Standard Selling Fee
11967,d2722109-c832-45ba-a1cd-28523c319250,Standard Selling Fee
11968,d2722109-c832-45ba-a1cd-28523c319250,Standard Selling Fee
11970,d2722109-c832-45ba-a1cd-28523c319250,Standard Selling Fee
11971,d2722109-c832-45ba-a1cd-28523c319250,Standard Selling Fee
11972,d2722109-c832-45ba-a1cd-28523c319250,Standard Selling Fee
11973,d2722109-c832-45ba-a1cd-28523c319250,Standard Selling Fee
11974,d2722109-c832-45ba-a1cd-28523c319250,Standard Selling Fee
11975,d2722109-c832-45ba-a1cd-28523c319250,Standard Selling Fee
11977,d2722109-c832-45ba-a1cd-28523c319250,Standard Selling Fee
11978,d2722109-c832-45ba-a1cd-28523c319250,Standard Selling Fee
11979,d2722109-c832-45ba-a1cd-28523c319250,Standard Selling Fee
12002,d2722109-c832-45ba-a1cd-28523c319250,Standard Selling Fee
12003,d2722109-c832-45ba-a1cd-28523c319250,Standard Selling Fee
12004,d2722109-c832-45ba-a1cd-28523c319250,Standard Selling Fee
12005,d2722109-c832-45ba-a1cd-28523c319250,Standard Selling Fee
12007,d2722109-c832-45ba-a1cd-28523c319250,Standard Selling Fee
12008,d2722109-c832-45ba-a1cd-28523c319250,Standard Selling Fee
12009,d2722109-c832-45ba-a1cd-28523c319250,Standard Selling Fee
12011,d2722109-c832-45ba-a1cd-28523c319250,Standard Selling Fee
12012,d2722109-c832-45ba-a1cd-28523c319250,Standard Selling Fee
12013,d2722109-c832-45ba-a1cd-28523c319250,Standard Selling Fee
12014,d2722109-c832-45ba-a1cd-28523c319250,Standard Selling Fee
12015,d2722109-c832-45ba-a1cd-28523c319250,Standard Selling Fee
12016,d2722109-c832-45ba-a1cd-28523c319250,Standard Selling Fee
12017,d2722109-c832-45ba-a1cd-28523c319250,Standard Selling Fee
12018,d2722109-c832-45ba-a1cd-28523c319250,Standard Selling Fee
12019,d2722109-c832-45ba-a1cd-28523c319250,Standard Selling Fee
12020,d2722109-c832-45ba-a1cd-28523c319250,Standard Selling Fee
12021,d2722109-c832-45ba-a1cd-28523c319250,Standard Selling Fee
12022,d2722109-c832-45ba-a1cd-28523c319250,Standard Selling Fee
12023,d2722109-c832-45ba-a1cd-28523c319250,Standard Selling Fee
12024,d2722109-c832-45ba-a1cd-28523c319250,Standard Selling Fee
12025,d2722109-c832-45ba-a1cd-28523c319250,Standard Selling Fee
12026,d2722109-c832-45ba-a1cd-28523c319250,Standard Selling Fee
12027,d2722109-c832-45ba-a1cd-28523c319250,Standard Selling Fee
12028,d2722109-c832-45ba-a1cd-28523c319250,Standard Selling Fee
12029,d2722109-c832-45ba-a1cd-28523c319250,Standard Selling Fee
12030,d2722109-c832-45ba-a1cd-28523c319250,Standard Selling Fee
12031,d2722109-c832-45ba-a1cd-28523c319250,Standard Selling Fee
12032,d2722109-c832-45ba-a1cd-28523c319250,Standard Selling Fee
12033,9ccfe96a-49ad-472d-95fb-3029dee54069,"Arts, Crafts & Sewing"
12034,9ccfe96a-49ad-472d-95fb-3029dee54069,"Arts, Crafts & Sewing"
12035,9ccfe96a-49ad-472d-95fb-3029dee54069,"Arts, Crafts & Sewing"
12036,9ccfe96a-49ad-472d-95fb-3029dee54069,"Arts, Crafts & Sewing"
12037,9ccfe96a-49ad-472d-95fb-3029dee54069,"Arts, Crafts & Sewing"
12038,d2722109-c832-45ba-a1cd-28523c319250,Standard Selling Fee
12039,d2722109-c832-45ba-a1cd-28523c319250,Standard Selling Fee
12040,d2722109-c832-45ba-a1cd-28523c319250,Standard Selling Fee
12041,d2722109-c832-45ba-a1cd-28523c319250,Standard Selling Fee
12042,d2722109-c832-45ba-a1cd-28523c319250,Standard Selling Fee
12043,d2722109-c832-45ba-a1cd-28523c319250,Standard Selling Fee
12044,d2722109-c832-45ba-a1cd-28523c319250,Standard Selling Fee
12046,d2722109-c832-45ba-a1cd-28523c319250,Standard Selling Fee
12047,d2722109-c832-45ba-a1cd-28523c319250,Standard Selling Fee
12048,d2722109-c832-45ba-a1cd-28523c319250,Standard Selling Fee
12049,d2722109-c832-45ba-a1cd-28523c319250,Standard Selling Fee
12050,d2722109-c832-45ba-a1cd-28523c319250,Standard Selling Fee
12051,d2722109-c832-45ba-a1cd-28523c319250,Standard Selling Fee
12052,d2722109-c832-45ba-a1cd-28523c319250,Standard Selling Fee
12053,d2722109-c832-45ba-a1cd-28523c319250,Standard Selling Fee
12054,d2722109-c832-45ba-a1cd-28523c319250,Standard Selling Fee
12055,d2722109-c832-45ba-a1cd-28523c319250,Standard Selling Fee
12056,d2722109-c832-45ba-a1cd-28523c319250,Standard Selling Fee
12058,d2722109-c832-45ba-a1cd-28523c319250,Standard Selling Fee
12059,d2722109-c832-45ba-a1cd-28523c319250,Standard Selling Fee
12060,d2722109-c832-45ba-a1cd-28523c319250,Standard Selling Fee
12061,d2722109-c832-45ba-a1cd-28523c319250,Standard Selling Fee
12062,d2722109-c832-45ba-a1cd-28523c319250,Standard Selling Fee
12063,d2722109-c832-45ba-a1cd-28523c319250,Standard Selling Fee
12064,d2722109-c832-45ba-a1cd-28523c319250,Standard Selling Fee
12066,d2722109-c832-45ba-a1cd-28523c319250,Standard Selling Fee
12067,d2722109-c832-45ba-a1cd-28523c319250,Standard Selling Fee
12068,d2722109-c832-45ba-a1cd-28523c319250,Standard Selling Fee
12070,d2722109-c832-45ba-a1cd-28523c319250,Standard Selling Fee
12071,d2722109-c832-45ba-a1cd-28523c319250,Standard Selling Fee
12072,d2722109-c832-45ba-a1cd-28523c319250,Standard Selling Fee
12073,d2722109-c832-45ba-a1cd-28523c319250,Standard Selling Fee
12074,d2722109-c832-45ba-a1cd-28523c319250,Standard Selling Fee
12075,d2722109-c832-45ba-a1cd-28523c319250,Standard Selling Fee
12076,d2722109-c832-45ba-a1cd-28523c319250,Standard Selling Fee
12078,d2722109-c832-45ba-a1cd-28523c319250,Standard Selling Fee
12079,d2722109-c832-45ba-a1cd-28523c319250,Standard Selling Fee
12080,d2722109-c832-45ba-a1cd-28523c319250,Standard Selling Fee
12081,d2722109-c832-45ba-a1cd-28523c319250,Standard Selling Fee
12082,d2722109-c832-45ba-a1cd-28523c319250,Standard Selling Fee
12083,d2722109-c832-45ba-a1cd-28523c319250,Standard Selling Fee
12084,d2722109-c832-45ba-a1cd-28523c319250,Standard Selling Fee
12085,d2722109-c832-45ba-a1cd-28523c319250,Standard Selling Fee
12086,d2722109-c832-45ba-a1cd-28523c319250,Standard Selling Fee
12087,d2722109-c832-45ba-a1cd-28523c319250,Standard Selling Fee
12088,d2722109-c832-45ba-a1cd-28523c319250,Standard Selling Fee
12090,d2722109-c832-45ba-a1cd-28523c319250,Standard Selling Fee
12091,d2722109-c832-45ba-a1cd-28523c319250,Standard Selling Fee
12092,d2722109-c832-45ba-a1cd-28523c319250,Standard Selling Fee
12093,d2722109-c832-45ba-a1cd-28523c319250,Standard Selling Fee
12094,d2722109-c832-45ba-a1cd-28523c319250,Standard Selling Fee
12095,d2722109-c832-45ba-a1cd-28523c319250,Standard Selling Fee
12096,d2722109-c832-45ba-a1cd-28523c319250,Standard Selling Fee
12097,d2722109-c832-45ba-a1cd-28523c319250,Standard Selling Fee
12098,d2722109-c832-45ba-a1cd-28523c319250,Standard Selling Fee
12099,d2722109-c832-45ba-a1cd-28523c319250,Standard Selling Fee
12100,d2722109-c832-45ba-a1cd-28523c319250,Standard Selling Fee
12101,d2722109-c832-45ba-a1cd-28523c319250,Standard Selling Fee
12102,d2722109-c832-45ba-a1cd-28523c319250,Standard Selling Fee
12103,d2722109-c832-45ba-a1cd-28523c319250,Standard Selling Fee
12104,d2722109-c832-45ba-a1cd-28523c319250,Standard Selling Fee
12105,d2722109-c832-45ba-a1cd-28523c319250,Standard Selling Fee
12106,d2722109-c832-45ba-a1cd-28523c319250,Standard Selling Fee
12107,9ccfe96a-49ad-472d-95fb-3029dee54069,"Arts, Crafts & Sewing"
12108,d2722109-c832-45ba-a1cd-28523c319250,Standard Selling Fee
12109,d2722109-c832-45ba-a1cd-28523c319250,Standard Selling Fee
12110,d2722109-c832-45ba-a1cd-28523c319250,Standard Selling Fee
12111,d2722109-c832-45ba-a1cd-28523c319250,Standard Selling Fee
12112,d2722109-c832-45ba-a1cd-28523c319250,Standard Selling Fee
12113,d2722109-c832-45ba-a1cd-28523c319250,Standard Selling Fee
12114,d2722109-c832-45ba-a1cd-28523c319250,Standard Selling Fee
12115,d2722109-c832-45ba-a1cd-28523c319250,Standard Selling Fee
12116,d2722109-c832-45ba-a1cd-28523c319250,Standard Selling Fee
12117,d2722109-c832-45ba-a1cd-28523c319250,Standard Selling Fee
12118,d2722109-c832-45ba-a1cd-28523c319250,Standard Selling Fee
12119,d2722109-c832-45ba-a1cd-28523c319250,Standard Selling Fee
12121,d2722109-c832-45ba-a1cd-28523c319250,Standard Selling Fee
12122,d2722109-c832-45ba-a1cd-28523c319250,Standard Selling Fee
12123,d2722109-c832-45ba-a1cd-28523c319250,Standard Selling Fee
12124,d2722109-c832-45ba-a1cd-28523c319250,Standard Selling Fee
12126,d2722109-c832-45ba-a1cd-28523c319250,Standard Selling Fee
12127,d2722109-c832-45ba-a1cd-28523c319250,Standard Selling Fee
12128,d2722109-c832-45ba-a1cd-28523c319250,Standard Selling Fee
12129,d2722109-c832-45ba-a1cd-28523c319250,Standard Selling Fee
12130,d2722109-c832-45ba-a1cd-28523c319250,Standard Selling Fee
12132,d2722109-c832-45ba-a1cd-28523c319250,Standard Selling Fee
12133,d2722109-c832-45ba-a1cd-28523c319250,Standard Selling Fee
12134,d2722109-c832-45ba-a1cd-28523c319250,Standard Selling Fee
12135,d2722109-c832-45ba-a1cd-28523c319250,Standard Selling Fee
12136,d2722109-c832-45ba-a1cd-28523c319250,Standard Selling Fee
12137,d2722109-c832-45ba-a1cd-28523c319250,Standard Selling Fee
12138,d2722109-c832-45ba-a1cd-28523c319250,Standard Selling Fee
12139,d2722109-c832-45ba-a1cd-28523c319250,Standard Selling Fee
12140,d2722109-c832-45ba-a1cd-28523c319250,Standard Selling Fee
12141,d2722109-c832-45ba-a1cd-28523c319250,Standard Selling Fee
12142,d2722109-c832-45ba-a1cd-28523c319250,Standard Selling Fee
12144,d2722109-c832-45ba-a1cd-28523c319250,Standard Selling Fee
12145,d2722109-c832-45ba-a1cd-28523c319250,Standard Selling Fee
12146,d2722109-c832-45ba-a1cd-28523c319250,Standard Selling Fee
12147,d2722109-c832-45ba-a1cd-28523c319250,Standard Selling Fee
12148,d2722109-c832-45ba-a1cd-28523c319250,Standard Selling Fee
12149,d2722109-c832-45ba-a1cd-28523c319250,Standard Selling Fee
12150,d2722109-c832-45ba-a1cd-28523c319250,Standard Selling Fee
12151,d2722109-c832-45ba-a1cd-28523c319250,Standard Selling Fee
12152,d2722109-c832-45ba-a1cd-28523c319250,Standard Selling Fee
12153,d2722109-c832-45ba-a1cd-28523c319250,Standard Selling Fee
12154,d2722109-c832-45ba-a1cd-28523c319250,Standard Selling Fee
12155,d2722109-c832-45ba-a1cd-28523c319250,Standard Selling Fee
12156,d2722109-c832-45ba-a1cd-28523c319250,Standard Selling Fee
12158,d2722109-c832-45ba-a1cd-28523c319250,Standard Selling Fee
12159,d2722109-c832-45ba-a1cd-28523c319250,Standard Selling Fee
12160,d2722109-c832-45ba-a1cd-28523c319250,Standard Selling Fee
12161,d2722109-c832-45ba-a1cd-28523c319250,Standard Selling Fee
12162,d2722109-c832-45ba-a1cd-28523c319250,Standard Selling Fee
12163,d2722109-c832-45ba-a1cd-28523c319250,Standard Selling Fee
12164,d2722109-c832-45ba-a1cd-28523c319250,Standard Selling Fee
12165,d2722109-c832-45ba-a1cd-28523c319250,Standard Selling Fee
12166,d2722109-c832-45ba-a1cd-28523c319250,Standard Selling Fee
12167,d2722109-c832-45ba-a1cd-28523c319250,Standard Selling Fee
12168,d2722109-c832-45ba-a1cd-28523c319250,Standard Selling Fee
12169,d2722109-c832-45ba-a1cd-28523c319250,Standard Selling Fee
12170,d2722109-c832-45ba-a1cd-28523c319250,Standard Selling Fee
12171,d2722109-c832-45ba-a1cd-28523c319250,Standard Selling Fee
12172,d2722109-c832-45ba-a1cd-28523c319250,Standard Selling Fee
12173,d2722109-c832-45ba-a1cd-28523c319250,Standard Selling Fee
12174,d2722109-c832-45ba-a1cd-28523c319250,Standard Selling Fee
12175,d2722109-c832-45ba-a1cd-28523c319250,Standard Selling Fee
12176,d2722109-c832-45ba-a1cd-28523c319250,Standard Selling Fee
12178,d2722109-c832-45ba-a1cd-28523c319250,Standard Selling Fee
12179,d2722109-c832-45ba-a1cd-28523c319250,Standard Selling Fee
12180,d2722109-c832-45ba-a1cd-28523c319250,Standard Selling Fee
12181,d2722109-c832-45ba-a1cd-28523c319250,Standard Selling Fee
12182,d2722109-c832-45ba-a1cd-28523c319250,Standard Selling Fee
12183,d2722109-c832-45ba-a1cd-28523c319250,Standard Selling Fee
12184,d2722109-c832-45ba-a1cd-28523c319250,Standard Selling Fee
12186,d2722109-c832-45ba-a1cd-28523c319250,Standard Selling Fee
12187,d2722109-c832-45ba-a1cd-28523c319250,Standard Selling Fee
12188,d2722109-c832-45ba-a1cd-28523c319250,Standard Selling Fee
12190,d2722109-c832-45ba-a1cd-28523c319250,Standard Selling Fee
12191,d2722109-c832-45ba-a1cd-28523c319250,Standard Selling Fee
12192,d2722109-c832-45ba-a1cd-28523c319250,Standard Selling Fee
12193,d2722109-c832-45ba-a1cd-28523c319250,Standard Selling Fee
12194,d2722109-c832-45ba-a1cd-28523c319250,Standard Selling Fee
12195,d2722109-c832-45ba-a1cd-28523c319250,Standard Selling Fee
12196,d2722109-c832-45ba-a1cd-28523c319250,Standard Selling Fee
12197,d2722109-c832-45ba-a1cd-28523c319250,Standard Selling Fee
12198,d2722109-c832-45ba-a1cd-28523c319250,Standard Selling Fee
12199,d2722109-c832-45ba-a1cd-28523c319250,Standard Selling Fee
12200,d2722109-c832-45ba-a1cd-28523c319250,Standard Selling Fee
12201,d2722109-c832-45ba-a1cd-28523c319250,Standard Selling Fee
12202,d2722109-c832-45ba-a1cd-28523c319250,Standard Selling Fee
12203,d2722109-c832-45ba-a1cd-28523c319250,Standard Selling Fee
12204,d2722109-c832-45ba-a1cd-28523c319250,Standard Selling Fee
12205,9ccfe96a-49ad-472d-95fb-3029dee54069,"Arts, Crafts & Sewing"
12206,9ccfe96a-49ad-472d-95fb-3029dee54069,"Arts, Crafts & Sewing"
12207,9ccfe96a-49ad-472d-95fb-3029dee54069,"Arts, Crafts & Sewing"
12208,9ccfe96a-49ad-472d-95fb-3029dee54069,"Arts, Crafts & Sewing"
12209,9ccfe96a-49ad-472d-95fb-3029dee54069,"Arts, Crafts & Sewing"
12211,d2722109-c832-45ba-a1cd-28523c319250,Standard Selling Fee
12212,d2722109-c832-45ba-a1cd-28523c319250,Standard Selling Fee
12213,d2722109-c832-45ba-a1cd-28523c319250,Standard Selling Fee
12214,d2722109-c832-45ba-a1cd-28523c319250,Standard Selling Fee
12215,d2722109-c832-45ba-a1cd-28523c319250,Standard Selling Fee
12216,9ccfe96a-82e7-4089-a9ff-f751e8c3cf93,DIY & Tools
12217,d2722109-c832-45ba-a1cd-28523c319250,Standard Selling Fee
12218,d2722109-c832-45ba-a1cd-28523c319250,Standard Selling Fee
12219,d2722109-c832-45ba-a1cd-28523c319250,Standard Selling Fee
12221,d2722109-c832-45ba-a1cd-28523c319250,Standard Selling Fee
12222,d2722109-c832-45ba-a1cd-28523c319250,Standard Selling Fee
12223,d2722109-c832-45ba-a1cd-28523c319250,Standard Selling Fee
12224,d2722109-c832-45ba-a1cd-28523c319250,Standard Selling Fee
12225,d2722109-c832-45ba-a1cd-28523c319250,Standard Selling Fee
12227,d2722109-c832-45ba-a1cd-28523c319250,Standard Selling Fee
12229,d2722109-c832-45ba-a1cd-28523c319250,Standard Selling Fee
12230,d2722109-c832-45ba-a1cd-28523c319250,Standard Selling Fee
12232,d2722109-c832-45ba-a1cd-28523c319250,Standard Selling Fee
12233,d2722109-c832-45ba-a1cd-28523c319250,Standard Selling Fee
12234,d2722109-c832-45ba-a1cd-28523c319250,Standard Selling Fee
12235,d2722109-c832-45ba-a1cd-28523c319250,Standard Selling Fee
12236,d2722109-c832-45ba-a1cd-28523c319250,Standard Selling Fee
12237,d2722109-c832-45ba-a1cd-28523c319250,Standard Selling Fee
12238,d2722109-c832-45ba-a1cd-28523c319250,Standard Selling Fee
12241,d2722109-c832-45ba-a1cd-28523c319250,Standard Selling Fee
12242,d2722109-c832-45ba-a1cd-28523c319250,Standard Selling Fee
12243,d2722109-c832-45ba-a1cd-28523c319250,Standard Selling Fee
12244,d2722109-c832-45ba-a1cd-28523c319250,Standard Selling Fee
12245,d2722109-c832-45ba-a1cd-28523c319250,Standard Selling Fee
12246,d2722109-c832-45ba-a1cd-28523c319250,Standard Selling Fee
12247,d2722109-c832-45ba-a1cd-28523c319250,Standard Selling Fee
12248,d2722109-c832-45ba-a1cd-28523c319250,Standard Selling Fee
12249,d2722109-c832-45ba-a1cd-28523c319250,Standard Selling Fee
12250,d2722109-c832-45ba-a1cd-28523c319250,Standard Selling Fee
12251,d2722109-c832-45ba-a1cd-28523c319250,Standard Selling Fee
12252,d2722109-c832-45ba-a1cd-28523c319250,Standard Selling Fee
12254,d2722109-c832-45ba-a1cd-28523c319250,Standard Selling Fee
12255,d2722109-c832-45ba-a1cd-28523c319250,Standard Selling Fee
12256,d2722109-c832-45ba-a1cd-28523c319250,Standard Selling Fee
12257,d2722109-c832-45ba-a1cd-28523c319250,Standard Selling Fee
12259,d2722109-c832-45ba-a1cd-28523c319250,Standard Selling Fee
12260,d2722109-c832-45ba-a1cd-28523c319250,Standard Selling Fee
12261,d2722109-c832-45ba-a1cd-28523c319250,Standard Selling Fee
12262,d2722109-c832-45ba-a1cd-28523c319250,Standard Selling Fee
12263,d2722109-c832-45ba-a1cd-28523c319250,Standard Selling Fee
12264,d2722109-c832-45ba-a1cd-28523c319250,Standard Selling Fee
12265,d2722109-c832-45ba-a1cd-28523c319250,Standard Selling Fee
12266,d2722109-c832-45ba-a1cd-28523c319250,Standard Selling Fee
12267,d2722109-c832-45ba-a1cd-28523c319250,Standard Selling Fee
12268,d2722109-c832-45ba-a1cd-28523c319250,Standard Selling Fee
12269,d2722109-c832-45ba-a1cd-28523c319250,Standard Selling Fee
12270,d2722109-c832-45ba-a1cd-28523c319250,Standard Selling Fee
12271,d2722109-c832-45ba-a1cd-28523c319250,Standard Selling Fee
12272,d2722109-c832-45ba-a1cd-28523c319250,Standard Selling Fee
12273,d2722109-c832-45ba-a1cd-28523c319250,Standard Selling Fee
12274,d2722109-c832-45ba-a1cd-28523c319250,Standard Selling Fee
12275,d2722109-c832-45ba-a1cd-28523c319250,Standard Selling Fee
12276,d2722109-c832-45ba-a1cd-28523c319250,Standard Selling Fee
12277,d2722109-c832-45ba-a1cd-28523c319250,Standard Selling Fee
12278,d2722109-c832-45ba-a1cd-28523c319250,Standard Selling Fee
12279,d2722109-c832-45ba-a1cd-28523c319250,Standard Selling Fee
12280,d2722109-c832-45ba-a1cd-28523c319250,Standard Selling Fee
12281,d2722109-c832-45ba-a1cd-28523c319250,Standard Selling Fee
12282,d2722109-c832-45ba-a1cd-28523c319250,Standard Selling Fee
12283,d2722109-c832-45ba-a1cd-28523c319250,Standard Selling Fee
12284,d2722109-c832-45ba-a1cd-28523c319250,Standard Selling Fee
12285,d2722109-c832-45ba-a1cd-28523c319250,Standard Selling Fee
12286,d2722109-c832-45ba-a1cd-28523c319250,Standard Selling Fee
12287,d2722109-c832-45ba-a1cd-28523c319250,Standard Selling Fee
12288,d2722109-c832-45ba-a1cd-28523c319250,Standard Selling Fee
12289,d2722109-c832-45ba-a1cd-28523c319250,Standard Selling Fee
12292,9ccfe96a-49ad-472d-95fb-3029dee54069,"Arts, Crafts & Sewing"
12295,d2722109-c832-45ba-a1cd-28523c319250,Standard Selling Fee
12297,d2722109-c832-45ba-a1cd-28523c319250,Standard Selling Fee
12298,d2722109-c832-45ba-a1cd-28523c319250,Standard Selling Fee
12299,d2722109-c832-45ba-a1cd-28523c319250,Standard Selling Fee
12300,d2722109-c832-45ba-a1cd-28523c319250,Standard Selling Fee
12301,d2722109-c832-45ba-a1cd-28523c319250,Standard Selling Fee
12302,d2722109-c832-45ba-a1cd-28523c319250,Standard Selling Fee
12304,d2722109-c832-45ba-a1cd-28523c319250,Standard Selling Fee
12308,d2722109-c832-45ba-a1cd-28523c319250,Standard Selling Fee
12310,d2722109-c832-45ba-a1cd-28523c319250,Standard Selling Fee
12311,d2722109-c832-45ba-a1cd-28523c319250,Standard Selling Fee
12312,d2722109-c832-45ba-a1cd-28523c319250,Standard Selling Fee
12313,d2722109-c832-45ba-a1cd-28523c319250,Standard Selling Fee
12314,d2722109-c832-45ba-a1cd-28523c319250,Standard Selling Fee
12315,d2722109-c832-45ba-a1cd-28523c319250,Standard Selling Fee
12316,d2722109-c832-45ba-a1cd-28523c319250,Standard Selling Fee
12317,d2722109-c832-45ba-a1cd-28523c319250,Standard Selling Fee
12318,d2722109-c832-45ba-a1cd-28523c319250,Standard Selling Fee
12319,d2722109-c832-45ba-a1cd-28523c319250,Standard Selling Fee
12320,d2722109-c832-45ba-a1cd-28523c319250,Standard Selling Fee
12321,d2722109-c832-45ba-a1cd-28523c319250,Standard Selling Fee
12322,d2722109-c832-45ba-a1cd-28523c319250,Standard Selling Fee
12323,d2722109-c832-45ba-a1cd-28523c319250,Standard Selling Fee
12324,d2722109-c832-45ba-a1cd-28523c319250,Standard Selling Fee
12325,d2722109-c832-45ba-a1cd-28523c319250,Standard Selling Fee
12326,d2722109-c832-45ba-a1cd-28523c319250,Standard Selling Fee
12327,d2722109-c832-45ba-a1cd-28523c319250,Standard Selling Fee
12328,d2722109-c832-45ba-a1cd-28523c319250,Standard Selling Fee
12330,d2722109-c832-45ba-a1cd-28523c319250,Standard Selling Fee
12331,d2722109-c832-45ba-a1cd-28523c319250,Standard Selling Fee
12332,d2722109-c832-45ba-a1cd-28523c319250,Standard Selling Fee
12333,d2722109-c832-45ba-a1cd-28523c319250,Standard Selling Fee
12334,d2722109-c832-45ba-a1cd-28523c319250,Standard Selling Fee
12335,d2722109-c832-45ba-a1cd-28523c319250,Standard Selling Fee
12336,d2722109-c832-45ba-a1cd-28523c319250,Standard Selling Fee
12337,d2722109-c832-45ba-a1cd-28523c319250,Standard Selling Fee
12338,d2722109-c832-45ba-a1cd-28523c319250,Standard Selling Fee
12339,d2722109-c832-45ba-a1cd-28523c319250,Standard Selling Fee
12340,d2722109-c832-45ba-a1cd-28523c319250,Standard Selling Fee
12341,d2722109-c832-45ba-a1cd-28523c319250,Standard Selling Fee
12342,d2722109-c832-45ba-a1cd-28523c319250,Standard Selling Fee
12343,d2722109-c832-45ba-a1cd-28523c319250,Standard Selling Fee
12344,d2722109-c832-45ba-a1cd-28523c319250,Standard Selling Fee
12345,d2722109-c832-45ba-a1cd-28523c319250,Standard Selling Fee
12346,9ccfe96a-49ad-472d-95fb-3029dee54069,"Arts, Crafts & Sewing"
12347,d2722109-c832-45ba-a1cd-28523c319250,Standard Selling Fee
12348,d2722109-c832-45ba-a1cd-28523c319250,Standard Selling Fee
12349,d2722109-c832-45ba-a1cd-28523c319250,Standard Selling Fee
12350,d2722109-c832-45ba-a1cd-28523c319250,Standard Selling Fee
12351,d2722109-c832-45ba-a1cd-28523c319250,Standard Selling Fee
12352,d2722109-c832-45ba-a1cd-28523c319250,Standard Selling Fee
12353,d2722109-c832-45ba-a1cd-28523c319250,Standard Selling Fee
12354,d2722109-c832-45ba-a1cd-28523c319250,Standard Selling Fee
12355,d2722109-c832-45ba-a1cd-28523c319250,Standard Selling Fee
12356,d2722109-c832-45ba-a1cd-28523c319250,Standard Selling Fee
12357,d2722109-c832-45ba-a1cd-28523c319250,Standard Selling Fee
12359,d2722109-c832-45ba-a1cd-28523c319250,Standard Selling Fee
12360,d2722109-c832-45ba-a1cd-28523c319250,Standard Selling Fee
12361,d2722109-c832-45ba-a1cd-28523c319250,Standard Selling Fee
12362,d2722109-c832-45ba-a1cd-28523c319250,Standard Selling Fee
12363,d2722109-c832-45ba-a1cd-28523c319250,Standard Selling Fee
12364,d2722109-c832-45ba-a1cd-28523c319250,Standard Selling Fee
12366,d2722109-c832-45ba-a1cd-28523c319250,Standard Selling Fee
12367,d2722109-c832-45ba-a1cd-28523c319250,Standard Selling Fee
12368,d2722109-c832-45ba-a1cd-28523c319250,Standard Selling Fee
12369,d2722109-c832-45ba-a1cd-28523c319250,Standard Selling Fee
12370,d2722109-c832-45ba-a1cd-28523c319250,Standard Selling Fee
12371,d2722109-c832-45ba-a1cd-28523c319250,Standard Selling Fee
12372,d2722109-c832-45ba-a1cd-28523c319250,Standard Selling Fee
12373,d2722109-c832-45ba-a1cd-28523c319250,Standard Selling Fee
12374,d2722109-c832-45ba-a1cd-28523c319250,Standard Selling Fee
12375,d2722109-c832-45ba-a1cd-28523c319250,Standard Selling Fee
12376,d2722109-c832-45ba-a1cd-28523c319250,Standard Selling Fee
12377,d2722109-c832-45ba-a1cd-28523c319250,Standard Selling Fee
12378,d2722109-c832-45ba-a1cd-28523c319250,Standard Selling Fee
12380,d2722109-c832-45ba-a1cd-28523c319250,Standard Selling Fee
12381,d2722109-c832-45ba-a1cd-28523c319250,Standard Selling Fee
12382,d2722109-c832-45ba-a1cd-28523c319250,Standard Selling Fee
12383,d2722109-c832-45ba-a1cd-28523c319250,Standard Selling Fee
12384,d2722109-c832-45ba-a1cd-28523c319250,Standard Selling Fee
12385,d2722109-c832-45ba-a1cd-28523c319250,Standard Selling Fee
12386,d2722109-c832-45ba-a1cd-28523c319250,Standard Selling Fee
12387,d2722109-c832-45ba-a1cd-28523c319250,Standard Selling Fee
12388,d2722109-c832-45ba-a1cd-28523c319250,Standard Selling Fee
12389,d2722109-c832-45ba-a1cd-28523c319250,Standard Selling Fee
12390,d2722109-c832-45ba-a1cd-28523c319250,Standard Selling Fee
12391,d2722109-c832-45ba-a1cd-28523c319250,Standard Selling Fee
12392,d2722109-c832-45ba-a1cd-28523c319250,Standard Selling Fee
12393,d2722109-c832-45ba-a1cd-28523c319250,Standard Selling Fee
12394,d2722109-c832-45ba-a1cd-28523c319250,Standard Selling Fee
12395,d2722109-c832-45ba-a1cd-28523c319250,Standard Selling Fee
12396,d2722109-c832-45ba-a1cd-28523c319250,Standard Selling Fee
12397,d2722109-c832-45ba-a1cd-28523c319250,Standard Selling Fee
12398,d2722109-c832-45ba-a1cd-28523c319250,Standard Selling Fee
12399,d2722109-c832-45ba-a1cd-28523c319250,Standard Selling Fee
12402,9ccfe96a-82e7-4089-a9ff-f751e8c3cf93,DIY & Tools
12403,9ccfe96a-49ad-472d-95fb-3029dee54069,"Arts, Crafts & Sewing"
12404,9ccfe96a-49ad-472d-95fb-3029dee54069,"Arts, Crafts & Sewing"
12405,9ccfe96a-49ad-472d-95fb-3029dee54069,"Arts, Crafts & Sewing"
12406,9ccfe96a-49ad-472d-95fb-3029dee54069,"Arts, Crafts & Sewing"
12407,9ccfe96a-49ad-472d-95fb-3029dee54069,"Arts, Crafts & Sewing"
12408,9ccfe96a-49ad-472d-95fb-3029dee54069,"Arts, Crafts & Sewing"
12409,9ccfe96a-49ad-472d-95fb-3029dee54069,"Arts, Crafts & Sewing"
12410,d2722109-c832-45ba-a1cd-28523c319250,Standard Selling Fee
12411,d2722109-c832-45ba-a1cd-28523c319250,Standard Selling Fee
12412,d2722109-c832-45ba-a1cd-28523c319250,Standard Selling Fee
12413,d2722109-c832-45ba-a1cd-28523c319250,Standard Selling Fee
12414,d2722109-c832-45ba-a1cd-28523c319250,Standard Selling Fee
12415,d2722109-c832-45ba-a1cd-28523c319250,Standard Selling Fee
12416,d2722109-c832-45ba-a1cd-28523c319250,Standard Selling Fee
12417,d2722109-c832-45ba-a1cd-28523c319250,Standard Selling Fee
12418,d2722109-c832-45ba-a1cd-28523c319250,Standard Selling Fee
12419,d2722109-c832-45ba-a1cd-28523c319250,Standard Selling Fee
12420,d2722109-c832-45ba-a1cd-28523c319250,Standard Selling Fee
12421,d2722109-c832-45ba-a1cd-28523c319250,Standard Selling Fee
12422,d2722109-c832-45ba-a1cd-28523c319250,Standard Selling Fee
12423,d2722109-c832-45ba-a1cd-28523c319250,Standard Selling Fee
12424,d2722109-c832-45ba-a1cd-28523c319250,Standard Selling Fee
12425,d2722109-c832-45ba-a1cd-28523c319250,Standard Selling Fee
12426,d2722109-c832-45ba-a1cd-28523c319250,Standard Selling Fee
12427,d2722109-c832-45ba-a1cd-28523c319250,Standard Selling Fee
12428,d2722109-c832-45ba-a1cd-28523c319250,Standard Selling Fee
12429,d2722109-c832-45ba-a1cd-28523c319250,Standard Selling Fee
12430,d2722109-c832-45ba-a1cd-28523c319250,Standard Selling Fee
12431,d2722109-c832-45ba-a1cd-28523c319250,Standard Selling Fee
12432,d2722109-c832-45ba-a1cd-28523c319250,Standard Selling Fee
12433,d2722109-c832-45ba-a1cd-28523c319250,Standard Selling Fee
12434,d2722109-c832-45ba-a1cd-28523c319250,Standard Selling Fee
12435,d2722109-c832-45ba-a1cd-28523c319250,Standard Selling Fee
12436,d2722109-c832-45ba-a1cd-28523c319250,Standard Selling Fee
12437,d2722109-c832-45ba-a1cd-28523c319250,Standard Selling Fee
12438,d2722109-c832-45ba-a1cd-28523c319250,Standard Selling Fee
12439,d2722109-c832-45ba-a1cd-28523c319250,Standard Selling Fee
12440,d2722109-c832-45ba-a1cd-28523c319250,Standard Selling Fee
12441,d2722109-c832-45ba-a1cd-28523c319250,Standard Selling Fee
12442,d2722109-c832-45ba-a1cd-28523c319250,Standard Selling Fee
12443,d2722109-c832-45ba-a1cd-28523c319250,Standard Selling Fee
12444,d2722109-c832-45ba-a1cd-28523c319250,Standard Selling Fee
12445,d2722109-c832-45ba-a1cd-28523c319250,Standard Selling Fee
12446,d2722109-c832-45ba-a1cd-28523c319250,Standard Selling Fee
12447,d2722109-c832-45ba-a1cd-28523c319250,Standard Selling Fee
12448,d2722109-c832-45ba-a1cd-28523c319250,Standard Selling Fee
12449,d2722109-c832-45ba-a1cd-28523c319250,Standard Selling Fee
12450,d2722109-c832-45ba-a1cd-28523c319250,Standard Selling Fee
12451,d2722109-c832-45ba-a1cd-28523c319250,Standard Selling Fee
12452,d2722109-c832-45ba-a1cd-28523c319250,Standard Selling Fee
12453,d2722109-c832-45ba-a1cd-28523c319250,Standard Selling Fee
12454,d2722109-c832-45ba-a1cd-28523c319250,Standard Selling Fee
12455,d2722109-c832-45ba-a1cd-28523c319250,Standard Selling Fee
12456,d2722109-c832-45ba-a1cd-28523c319250,Standard Selling Fee
12457,d2722109-c832-45ba-a1cd-28523c319250,Standard Selling Fee
12458,d2722109-c832-45ba-a1cd-28523c319250,Standard Selling Fee
12459,d2722109-c832-45ba-a1cd-28523c319250,Standard Selling Fee
12460,d2722109-c832-45ba-a1cd-28523c319250,Standard Selling Fee
12462,d2722109-c832-45ba-a1cd-28523c319250,Standard Selling Fee
12463,d2722109-c832-45ba-a1cd-28523c319250,Standard Selling Fee
12464,d2722109-c832-45ba-a1cd-28523c319250,Standard Selling Fee
12465,d2722109-c832-45ba-a1cd-28523c319250,Standard Selling Fee
12466,d2722109-c832-45ba-a1cd-28523c319250,Standard Selling Fee
12467,d2722109-c832-45ba-a1cd-28523c319250,Standard Selling Fee
12468,d2722109-c832-45ba-a1cd-28523c319250,Standard Selling Fee
12469,d2722109-c832-45ba-a1cd-28523c319250,Standard Selling Fee
12470,d2722109-c832-45ba-a1cd-28523c319250,Standard Selling Fee
12471,d2722109-c832-45ba-a1cd-28523c319250,Standard Selling Fee
12472,d2722109-c832-45ba-a1cd-28523c319250,Standard Selling Fee
12473,d2722109-c832-45ba-a1cd-28523c319250,Standard Selling Fee
12474,d2722109-c832-45ba-a1cd-28523c319250,Standard Selling Fee
12475,d2722109-c832-45ba-a1cd-28523c319250,Standard Selling Fee
12476,d2722109-c832-45ba-a1cd-28523c319250,Standard Selling Fee
12477,d2722109-c832-45ba-a1cd-28523c319250,Standard Selling Fee
12478,d2722109-c832-45ba-a1cd-28523c319250,Standard Selling Fee
12479,d2722109-c832-45ba-a1cd-28523c319250,Standard Selling Fee
12480,d2722109-c832-45ba-a1cd-28523c319250,Standard Selling Fee
12481,d2722109-c832-45ba-a1cd-28523c319250,Standard Selling Fee
12482,d2722109-c832-45ba-a1cd-28523c319250,Standard Selling Fee
12483,d2722109-c832-45ba-a1cd-28523c319250,Standard Selling Fee
12492,d2722109-c832-45ba-a1cd-28523c319250,Standard Selling Fee
12493,9ccfe96a-49ad-472d-95fb-3029dee54069,"Arts, Crafts & Sewing"
12494,9ccfe96a-49ad-472d-95fb-3029dee54069,"Arts, Crafts & Sewing"
12495,9ccfe96a-49ad-472d-95fb-3029dee54069,"Arts, Crafts & Sewing"
12496,9ccfe96a-49ad-472d-95fb-3029dee54069,"Arts, Crafts & Sewing"
12497,9ccfe96a-49ad-472d-95fb-3029dee54069,"Arts, Crafts & Sewing"
12499,d2722109-c832-45ba-a1cd-28523c319250,Standard Selling Fee
12500,d2722109-c832-45ba-a1cd-28523c319250,Standard Selling Fee
12501,d2722109-c832-45ba-a1cd-28523c319250,Standard Selling Fee
12502,d2722109-c832-45ba-a1cd-28523c319250,Standard Selling Fee
12503,d2722109-c832-45ba-a1cd-28523c319250,Standard Selling Fee
12504,d2722109-c832-45ba-a1cd-28523c319250,Standard Selling Fee
12505,d2722109-c832-45ba-a1cd-28523c319250,Standard Selling Fee
12506,d2722109-c832-45ba-a1cd-28523c319250,Standard Selling Fee
12507,d2722109-c832-45ba-a1cd-28523c319250,Standard Selling Fee
12508,d2722109-c832-45ba-a1cd-28523c319250,Standard Selling Fee
12509,d2722109-c832-45ba-a1cd-28523c319250,Standard Selling Fee
12510,d2722109-c832-45ba-a1cd-28523c319250,Standard Selling Fee
12511,d2722109-c832-45ba-a1cd-28523c319250,Standard Selling Fee
12512,d2722109-c832-45ba-a1cd-28523c319250,Standard Selling Fee
12513,d2722109-c832-45ba-a1cd-28523c319250,Standard Selling Fee
12514,d2722109-c832-45ba-a1cd-28523c319250,Standard Selling Fee
12515,d2722109-c832-45ba-a1cd-28523c319250,Standard Selling Fee
12516,d2722109-c832-45ba-a1cd-28523c319250,Standard Selling Fee
12517,d2722109-c832-45ba-a1cd-28523c319250,Standard Selling Fee
12518,d2722109-c832-45ba-a1cd-28523c319250,Standard Selling Fee
12519,d2722109-c832-45ba-a1cd-28523c319250,Standard Selling Fee
12520,d2722109-c832-45ba-a1cd-28523c319250,Standard Selling Fee
12521,d2722109-c832-45ba-a1cd-28523c319250,Standard Selling Fee
12522,d2722109-c832-45ba-a1cd-28523c319250,Standard Selling Fee
12527,d2722109-c832-45ba-a1cd-28523c319250,Standard Selling Fee
12528,d2722109-c832-45ba-a1cd-28523c319250,Standard Selling Fee
12529,d2722109-c832-45ba-a1cd-28523c319250,Standard Selling Fee
12530,d2722109-c832-45ba-a1cd-28523c319250,Standard Selling Fee
12531,d2722109-c832-45ba-a1cd-28523c319250,Standard Selling Fee
12532,d2722109-c832-45ba-a1cd-28523c319250,Standard Selling Fee
12533,d2722109-c832-45ba-a1cd-28523c319250,Standard Selling Fee
12534,d2722109-c832-45ba-a1cd-28523c319250,Standard Selling Fee
12535,d2722109-c832-45ba-a1cd-28523c319250,Standard Selling Fee
12536,d2722109-c832-45ba-a1cd-28523c319250,Standard Selling Fee
12537,d2722109-c832-45ba-a1cd-28523c319250,Standard Selling Fee
12538,d2722109-c832-45ba-a1cd-28523c319250,Standard Selling Fee
12539,d2722109-c832-45ba-a1cd-28523c319250,Standard Selling Fee
12540,d2722109-c832-45ba-a1cd-28523c319250,Standard Selling Fee
12541,d2722109-c832-45ba-a1cd-28523c319250,Standard Selling Fee
12542,d2722109-c832-45ba-a1cd-28523c319250,Standard Selling Fee
12543,d2722109-c832-45ba-a1cd-28523c319250,Standard Selling Fee
12544,d2722109-c832-45ba-a1cd-28523c319250,Standard Selling Fee
12545,d2722109-c832-45ba-a1cd-28523c319250,Standard Selling Fee
12546,d2722109-c832-45ba-a1cd-28523c319250,Standard Selling Fee
12547,d2722109-c832-45ba-a1cd-28523c319250,Standard Selling Fee
12548,d2722109-c832-45ba-a1cd-28523c319250,Standard Selling Fee
12549,d2722109-c832-45ba-a1cd-28523c319250,Standard Selling Fee
12550,d2722109-c832-45ba-a1cd-28523c319250,Standard Selling Fee
12551,d2722109-c832-45ba-a1cd-28523c319250,Standard Selling Fee
12552,d2722109-c832-45ba-a1cd-28523c319250,Standard Selling Fee
12553,d2722109-c832-45ba-a1cd-28523c319250,Standard Selling Fee
12554,d2722109-c832-45ba-a1cd-28523c319250,Standard Selling Fee
12555,d2722109-c832-45ba-a1cd-28523c319250,Standard Selling Fee
12556,d2722109-c832-45ba-a1cd-28523c319250,Standard Selling Fee
12557,d2722109-c832-45ba-a1cd-28523c319250,Standard Selling Fee
12558,d2722109-c832-45ba-a1cd-28523c319250,Standard Selling Fee
12559,d2722109-c832-45ba-a1cd-28523c319250,Standard Selling Fee
12560,d2722109-c832-45ba-a1cd-28523c319250,Standard Selling Fee
12561,d2722109-c832-45ba-a1cd-28523c319250,Standard Selling Fee
12562,d2722109-c832-45ba-a1cd-28523c319250,Standard Selling Fee
12563,d2722109-c832-45ba-a1cd-28523c319250,Standard Selling Fee
12564,d2722109-c832-45ba-a1cd-28523c319250,Standard Selling Fee
12565,d2722109-c832-45ba-a1cd-28523c319250,Standard Selling Fee
12566,d2722109-c832-45ba-a1cd-28523c319250,Standard Selling Fee
12567,d2722109-c832-45ba-a1cd-28523c319250,Standard Selling Fee
12568,d2722109-c832-45ba-a1cd-28523c319250,Standard Selling Fee
12569,d2722109-c832-45ba-a1cd-28523c319250,Standard Selling Fee
12570,d2722109-c832-45ba-a1cd-28523c319250,Standard Selling Fee
12571,d2722109-c832-45ba-a1cd-28523c319250,Standard Selling Fee
12572,d2722109-c832-45ba-a1cd-28523c319250,Standard Selling Fee
12573,d2722109-c832-45ba-a1cd-28523c319250,Standard Selling Fee
12574,d2722109-c832-45ba-a1cd-28523c319250,Standard Selling Fee
12575,d2722109-c832-45ba-a1cd-28523c319250,Standard Selling Fee
12576,d2722109-c832-45ba-a1cd-28523c319250,Standard Selling Fee
12577,d2722109-c832-45ba-a1cd-28523c319250,Standard Selling Fee
12578,9ccfe96b-0475-4c53-afee-b798ab63598a,Sports & Outdoors
12579,9ccfe96b-0475-4c53-afee-b798ab63598a,Sports & Outdoors
12580,9ccfe96b-0475-4c53-afee-b798ab63598a,Sports & Outdoors
12581,d2722109-c832-45ba-a1cd-28523c319250,Standard Selling Fee
12582,d2722109-c832-45ba-a1cd-28523c319250,Standard Selling Fee
12583,d2722109-c832-45ba-a1cd-28523c319250,Standard Selling Fee
12584,d2722109-c832-45ba-a1cd-28523c319250,Standard Selling Fee
12585,d2722109-c832-45ba-a1cd-28523c319250,Standard Selling Fee
12587,d2722109-c832-45ba-a1cd-28523c319250,Standard Selling Fee
12590,d2722109-c832-45ba-a1cd-28523c319250,Standard Selling Fee
12593,d2722109-c832-45ba-a1cd-28523c319250,Standard Selling Fee
12594,d2722109-c832-45ba-a1cd-28523c319250,Standard Selling Fee
12595,d2722109-c832-45ba-a1cd-28523c319250,Standard Selling Fee
12596,d2722109-c832-45ba-a1cd-28523c319250,Standard Selling Fee
12598,d2722109-c832-45ba-a1cd-28523c319250,Standard Selling Fee
12599,d2722109-c832-45ba-a1cd-28523c319250,Standard Selling Fee
12600,d2722109-c832-45ba-a1cd-28523c319250,Standard Selling Fee
12601,d2722109-c832-45ba-a1cd-28523c319250,Standard Selling Fee
12602,d2722109-c832-45ba-a1cd-28523c319250,Standard Selling Fee
12603,d2722109-c832-45ba-a1cd-28523c319250,Standard Selling Fee
12604,d2722109-c832-45ba-a1cd-28523c319250,Standard Selling Fee
12605,d2722109-c832-45ba-a1cd-28523c319250,Standard Selling Fee
12606,d2722109-c832-45ba-a1cd-28523c319250,Standard Selling Fee
12607,d2722109-c832-45ba-a1cd-28523c319250,Standard Selling Fee
12608,d2722109-c832-45ba-a1cd-28523c319250,Standard Selling Fee
12609,d2722109-c832-45ba-a1cd-28523c319250,Standard Selling Fee
12610,d2722109-c832-45ba-a1cd-28523c319250,Standard Selling Fee
12611,d2722109-c832-45ba-a1cd-28523c319250,Standard Selling Fee
12612,d2722109-c832-45ba-a1cd-28523c319250,Standard Selling Fee
12613,d2722109-c832-45ba-a1cd-28523c319250,Standard Selling Fee
12614,d2722109-c832-45ba-a1cd-28523c319250,Standard Selling Fee
12615,d2722109-c832-45ba-a1cd-28523c319250,Standard Selling Fee
12616,d2722109-c832-45ba-a1cd-28523c319250,Standard Selling Fee
12617,d2722109-c832-45ba-a1cd-28523c319250,Standard Selling Fee
12619,d2722109-c832-45ba-a1cd-28523c319250,Standard Selling Fee
12620,d2722109-c832-45ba-a1cd-28523c319250,Standard Selling Fee
12622,d2722109-c832-45ba-a1cd-28523c319250,Standard Selling Fee
12623,d2722109-c832-45ba-a1cd-28523c319250,Standard Selling Fee
12624,d2722109-c832-45ba-a1cd-28523c319250,Standard Selling Fee
12625,d2722109-c832-45ba-a1cd-28523c319250,Standard Selling Fee
12626,d2722109-c832-45ba-a1cd-28523c319250,Standard Selling Fee
12627,9ccfe96a-49ad-472d-95fb-3029dee54069,"Arts, Crafts & Sewing"
12628,d2722109-c832-45ba-a1cd-28523c319250,Standard Selling Fee
12629,d2722109-c832-45ba-a1cd-28523c319250,Standard Selling Fee
12630,d2722109-c832-45ba-a1cd-28523c319250,Standard Selling Fee
12631,d2722109-c832-45ba-a1cd-28523c319250,Standard Selling Fee
12632,d2722109-c832-45ba-a1cd-28523c319250,Standard Selling Fee
12633,d2722109-c832-45ba-a1cd-28523c319250,Standard Selling Fee
12634,d2722109-c832-45ba-a1cd-28523c319250,Standard Selling Fee
12635,d2722109-c832-45ba-a1cd-28523c319250,Standard Selling Fee
12636,d2722109-c832-45ba-a1cd-28523c319250,Standard Selling Fee
12637,d2722109-c832-45ba-a1cd-28523c319250,Standard Selling Fee
12638,d2722109-c832-45ba-a1cd-28523c319250,Standard Selling Fee
12639,d2722109-c832-45ba-a1cd-28523c319250,Standard Selling Fee
12640,d2722109-c832-45ba-a1cd-28523c319250,Standard Selling Fee
12642,d2722109-c832-45ba-a1cd-28523c319250,Standard Selling Fee
12643,d2722109-c832-45ba-a1cd-28523c319250,Standard Selling Fee
12644,d2722109-c832-45ba-a1cd-28523c319250,Standard Selling Fee
12645,d2722109-c832-45ba-a1cd-28523c319250,Standard Selling Fee
12647,d2722109-c832-45ba-a1cd-28523c319250,Standard Selling Fee
12648,d2722109-c832-45ba-a1cd-28523c319250,Standard Selling Fee
12649,d2722109-c832-45ba-a1cd-28523c319250,Standard Selling Fee
12650,d2722109-c832-45ba-a1cd-28523c319250,Standard Selling Fee
12651,d2722109-c832-45ba-a1cd-28523c319250,Standard Selling Fee
12652,d2722109-c832-45ba-a1cd-28523c319250,Standard Selling Fee
12653,d2722109-c832-45ba-a1cd-28523c319250,Standard Selling Fee
12654,d2722109-c832-45ba-a1cd-28523c319250,Standard Selling Fee
12655,d2722109-c832-45ba-a1cd-28523c319250,Standard Selling Fee
12656,d2722109-c832-45ba-a1cd-28523c319250,Standard Selling Fee
12657,d2722109-c832-45ba-a1cd-28523c319250,Standard Selling Fee
12658,d2722109-c832-45ba-a1cd-28523c319250,Standard Selling Fee
12659,d2722109-c832-45ba-a1cd-28523c319250,Standard Selling Fee
12660,d2722109-c832-45ba-a1cd-28523c319250,Standard Selling Fee
12661,d2722109-c832-45ba-a1cd-28523c319250,Standard Selling Fee
12662,d2722109-c832-45ba-a1cd-28523c319250,Standard Selling Fee
12663,d2722109-c832-45ba-a1cd-28523c319250,Standard Selling Fee
12664,d2722109-c832-45ba-a1cd-28523c319250,Standard Selling Fee
12665,d2722109-c832-45ba-a1cd-28523c319250,Standard Selling Fee
12666,d2722109-c832-45ba-a1cd-28523c319250,Standard Selling Fee
12667,d2722109-c832-45ba-a1cd-28523c319250,Standard Selling Fee
12668,d2722109-c832-45ba-a1cd-28523c319250,Standard Selling Fee
12669,d2722109-c832-45ba-a1cd-28523c319250,Standard Selling Fee
12670,d2722109-c832-45ba-a1cd-28523c319250,Standard Selling Fee
12671,d2722109-c832-45ba-a1cd-28523c319250,Standard Selling Fee
12672,d2722109-c832-45ba-a1cd-28523c319250,Standard Selling Fee
12673,d2722109-c832-45ba-a1cd-28523c319250,Standard Selling Fee
12674,d2722109-c832-45ba-a1cd-28523c319250,Standard Selling Fee
12675,d2722109-c832-45ba-a1cd-28523c319250,Standard Selling Fee
12676,d2722109-c832-45ba-a1cd-28523c319250,Standard Selling Fee
12677,d2722109-c832-45ba-a1cd-28523c319250,Standard Selling Fee
12678,d2722109-c832-45ba-a1cd-28523c319250,Standard Selling Fee
12679,d2722109-c832-45ba-a1cd-28523c319250,Standard Selling Fee
12680,d2722109-c832-45ba-a1cd-28523c319250,Standard Selling Fee
12681,d2722109-c832-45ba-a1cd-28523c319250,Standard Selling Fee
12683,9ccfe96a-82e7-4089-a9ff-f751e8c3cf93,DIY & Tools
12684,9ccfe96a-82e7-4089-a9ff-f751e8c3cf93,DIY & Tools
12685,d2722109-c832-45ba-a1cd-28523c319250,Standard Selling Fee
12686,d2722109-c832-45ba-a1cd-28523c319250,Standard Selling Fee
12687,d2722109-c832-45ba-a1cd-28523c319250,Standard Selling Fee
12688,d2722109-c832-45ba-a1cd-28523c319250,Standard Selling Fee
12689,d2722109-c832-45ba-a1cd-28523c319250,Standard Selling Fee
12690,d2722109-c832-45ba-a1cd-28523c319250,Standard Selling Fee
12691,d2722109-c832-45ba-a1cd-28523c319250,Standard Selling Fee
12692,d2722109-c832-45ba-a1cd-28523c319250,Standard Selling Fee
12693,d2722109-c832-45ba-a1cd-28523c319250,Standard Selling Fee
12694,d2722109-c832-45ba-a1cd-28523c319250,Standard Selling Fee
12695,d2722109-c832-45ba-a1cd-28523c319250,Standard Selling Fee
12696,d2722109-c832-45ba-a1cd-28523c319250,Standard Selling Fee
12697,d2722109-c832-45ba-a1cd-28523c319250,Standard Selling Fee
12698,d2722109-c832-45ba-a1cd-28523c319250,Standard Selling Fee
12699,d2722109-c832-45ba-a1cd-28523c319250,Standard Selling Fee
12700,d2722109-c832-45ba-a1cd-28523c319250,Standard Selling Fee
12701,d2722109-c832-45ba-a1cd-28523c319250,Standard Selling Fee
12702,d2722109-c832-45ba-a1cd-28523c319250,Standard Selling Fee
12703,d2722109-c832-45ba-a1cd-28523c319250,Standard Selling Fee
12704,d2722109-c832-45ba-a1cd-28523c319250,Standard Selling Fee
12705,d2722109-c832-45ba-a1cd-28523c319250,Standard Selling Fee
12706,d2722109-c832-45ba-a1cd-28523c319250,Standard Selling Fee
12707,d2722109-c832-45ba-a1cd-28523c319250,Standard Selling Fee
12708,d2722109-c832-45ba-a1cd-28523c319250,Standard Selling Fee
12709,d2722109-c832-45ba-a1cd-28523c319250,Standard Selling Fee
12710,d2722109-c832-45ba-a1cd-28523c319250,Standard Selling Fee
12712,d2722109-c832-45ba-a1cd-28523c319250,Standard Selling Fee
12713,d2722109-c832-45ba-a1cd-28523c319250,Standard Selling Fee
12714,d2722109-c832-45ba-a1cd-28523c319250,Standard Selling Fee
12715,d2722109-c832-45ba-a1cd-28523c319250,Standard Selling Fee
12716,d2722109-c832-45ba-a1cd-28523c319250,Standard Selling Fee
12718,d2722109-c832-45ba-a1cd-28523c319250,Standard Selling Fee
12719,d2722109-c832-45ba-a1cd-28523c319250,Standard Selling Fee
12720,d2722109-c832-45ba-a1cd-28523c319250,Standard Selling Fee
12721,d2722109-c832-45ba-a1cd-28523c319250,Standard Selling Fee
12722,d2722109-c832-45ba-a1cd-28523c319250,Standard Selling Fee
12723,d2722109-c832-45ba-a1cd-28523c319250,Standard Selling Fee
12724,d2722109-c832-45ba-a1cd-28523c319250,Standard Selling Fee
12725,d2722109-c832-45ba-a1cd-28523c319250,Standard Selling Fee
12734,d2722109-c832-45ba-a1cd-28523c319250,Standard Selling Fee
12735,d2722109-c832-45ba-a1cd-28523c319250,Standard Selling Fee
12736,d2722109-c832-45ba-a1cd-28523c319250,Standard Selling Fee
12737,d2722109-c832-45ba-a1cd-28523c319250,Standard Selling Fee
12738,d2722109-c832-45ba-a1cd-28523c319250,Standard Selling Fee
12739,d2722109-c832-45ba-a1cd-28523c319250,Standard Selling Fee
12740,d2722109-c832-45ba-a1cd-28523c319250,Standard Selling Fee
12741,d2722109-c832-45ba-a1cd-28523c319250,Standard Selling Fee
12742,d2722109-c832-45ba-a1cd-28523c319250,Standard Selling Fee
12743,d2722109-c832-45ba-a1cd-28523c319250,Standard Selling Fee
12744,d2722109-c832-45ba-a1cd-28523c319250,Standard Selling Fee
12745,9ccfe96a-49ad-472d-95fb-3029dee54069,"Arts, Crafts & Sewing"
12746,d2722109-c832-45ba-a1cd-28523c319250,Standard Selling Fee
12747,d2722109-c832-45ba-a1cd-28523c319250,Standard Selling Fee
12748,d2722109-c832-45ba-a1cd-28523c319250,Standard Selling Fee
12749,d2722109-c832-45ba-a1cd-28523c319250,Standard Selling Fee
12750,d2722109-c832-45ba-a1cd-28523c319250,Standard Selling Fee
12751,d2722109-c832-45ba-a1cd-28523c319250,Standard Selling Fee
12752,d2722109-c832-45ba-a1cd-28523c319250,Standard Selling Fee
12754,d2722109-c832-45ba-a1cd-28523c319250,Standard Selling Fee
12755,d2722109-c832-45ba-a1cd-28523c319250,Standard Selling Fee
12756,d2722109-c832-45ba-a1cd-28523c319250,Standard Selling Fee
12757,d2722109-c832-45ba-a1cd-28523c319250,Standard Selling Fee
12758,d2722109-c832-45ba-a1cd-28523c319250,Standard Selling Fee
12759,d2722109-c832-45ba-a1cd-28523c319250,Standard Selling Fee
12760,d2722109-c832-45ba-a1cd-28523c319250,Standard Selling Fee
12761,9ccfe96a-49ad-472d-95fb-3029dee54069,"Arts, Crafts & Sewing"
12762,d2722109-c832-45ba-a1cd-28523c319250,Standard Selling Fee
12763,d2722109-c832-45ba-a1cd-28523c319250,Standard Selling Fee
12764,d2722109-c832-45ba-a1cd-28523c319250,Standard Selling Fee
12765,d2722109-c832-45ba-a1cd-28523c319250,Standard Selling Fee
12766,d2722109-c832-45ba-a1cd-28523c319250,Standard Selling Fee
12767,d2722109-c832-45ba-a1cd-28523c319250,Standard Selling Fee
12768,d2722109-c832-45ba-a1cd-28523c319250,Standard Selling Fee
12769,d2722109-c832-45ba-a1cd-28523c319250,Standard Selling Fee
12770,d2722109-c832-45ba-a1cd-28523c319250,Standard Selling Fee
12771,d2722109-c832-45ba-a1cd-28523c319250,Standard Selling Fee
12772,d2722109-c832-45ba-a1cd-28523c319250,Standard Selling Fee
12773,d2722109-c832-45ba-a1cd-28523c319250,Standard Selling Fee
12774,d2722109-c832-45ba-a1cd-28523c319250,Standard Selling Fee
12775,d2722109-c832-45ba-a1cd-28523c319250,Standard Selling Fee
12776,d2722109-c832-45ba-a1cd-28523c319250,Standard Selling Fee
12779,d2722109-c832-45ba-a1cd-28523c319250,Standard Selling Fee
12780,d2722109-c832-45ba-a1cd-28523c319250,Standard Selling Fee
12781,d2722109-c832-45ba-a1cd-28523c319250,Standard Selling Fee
12782,9ccfe96a-49ad-472d-95fb-3029dee54069,"Arts, Crafts & Sewing"
12783,9ccfe96a-49ad-472d-95fb-3029dee54069,"Arts, Crafts & Sewing"
12786,9ccfe96a-49ad-472d-95fb-3029dee54069,"Arts, Crafts & Sewing"
12787,9ccfe96a-82e7-4089-a9ff-f751e8c3cf93,DIY & Tools
12788,9ccfe96a-82e7-4089-a9ff-f751e8c3cf93,DIY & Tools
12789,9ccfe96a-82e7-4089-a9ff-f751e8c3cf93,DIY & Tools
12790,9ccfe96a-82e7-4089-a9ff-f751e8c3cf93,DIY & Tools
12791,9ccfe96a-82e7-4089-a9ff-f751e8c3cf93,DIY & Tools
12792,9ccfe96a-82e7-4089-a9ff-f751e8c3cf93,DIY & Tools
12793,9ccfe96a-82e7-4089-a9ff-f751e8c3cf93,DIY & Tools
12794,9ccfe96a-82e7-4089-a9ff-f751e8c3cf93,DIY & Tools
12795,9ccfe96a-82e7-4089-a9ff-f751e8c3cf93,DIY & Tools
12797,9ccfe96a-82e7-4089-a9ff-f751e8c3cf93,DIY & Tools
12798,9ccfe96a-82e7-4089-a9ff-f751e8c3cf93,DIY & Tools
12799,9ccfe96a-82e7-4089-a9ff-f751e8c3cf93,DIY & Tools
12800,9ccfe96a-82e7-4089-a9ff-f751e8c3cf93,DIY & Tools
12801,9ccfe96a-82e7-4089-a9ff-f751e8c3cf93,DIY & Tools
12802,9ccfe96a-82e7-4089-a9ff-f751e8c3cf93,DIY & Tools
12803,9ccfe96a-82e7-4089-a9ff-f751e8c3cf93,DIY & Tools
12804,9ccfe96a-82e7-4089-a9ff-f751e8c3cf93,DIY & Tools
12805,9ccfe96a-82e7-4089-a9ff-f751e8c3cf93,DIY & Tools
12806,9ccfe96a-82e7-4089-a9ff-f751e8c3cf93,DIY & Tools
12807,9ccfe96a-82e7-4089-a9ff-f751e8c3cf93,DIY & Tools
12809,9ccfe96a-82e7-4089-a9ff-f751e8c3cf93,DIY & Tools
12810,9ccfe96a-82e7-4089-a9ff-f751e8c3cf93,DIY & Tools
12811,9ccfe96a-82e7-4089-a9ff-f751e8c3cf93,DIY & Tools
12812,9ccfe96a-82e7-4089-a9ff-f751e8c3cf93,DIY & Tools
12813,9ccfe96a-82e7-4089-a9ff-f751e8c3cf93,DIY & Tools
12815,9ccfe96a-82e7-4089-a9ff-f751e8c3cf93,DIY & Tools
12816,9ccfe96a-82e7-4089-a9ff-f751e8c3cf93,DIY & Tools
12817,9ccfe96a-82e7-4089-a9ff-f751e8c3cf93,DIY & Tools
12818,9ccfe96a-82e7-4089-a9ff-f751e8c3cf93,DIY & Tools
12819,9ccfe96a-82e7-4089-a9ff-f751e8c3cf93,DIY & Tools
12820,9ccfe96a-82e7-4089-a9ff-f751e8c3cf93,DIY & Tools
12821,9ccfe96a-82e7-4089-a9ff-f751e8c3cf93,DIY & Tools
12822,9ccfe96a-82e7-4089-a9ff-f751e8c3cf93,DIY & Tools
12824,d2722109-c832-45ba-a1cd-28523c319250,Standard Selling Fee
12825,d2722109-c832-45ba-a1cd-28523c319250,Standard Selling Fee
12826,9ccfe96a-82e7-4089-a9ff-f751e8c3cf93,DIY & Tools
12828,d2722109-c832-45ba-a1cd-28523c319250,Standard Selling Fee
12829,d2722109-c832-45ba-a1cd-28523c319250,Standard Selling Fee
12830,d2722109-c832-45ba-a1cd-28523c319250,Standard Selling Fee
12831,d2722109-c832-45ba-a1cd-28523c319250,Standard Selling Fee
12835,d2722109-c832-45ba-a1cd-28523c319250,Standard Selling Fee
12839,9ccfe96a-49ad-472d-95fb-3029dee54069,"Arts, Crafts & Sewing"
12840,d2722109-c832-45ba-a1cd-28523c319250,Standard Selling Fee
12841,d2722109-c832-45ba-a1cd-28523c319250,Standard Selling Fee
12842,d2722109-c832-45ba-a1cd-28523c319250,Standard Selling Fee
12844,d2722109-c832-45ba-a1cd-28523c319250,Standard Selling Fee
12845,d2722109-c832-45ba-a1cd-28523c319250,Standard Selling Fee
12846,d2722109-c832-45ba-a1cd-28523c319250,Standard Selling Fee
12847,d2722109-c832-45ba-a1cd-28523c319250,Standard Selling Fee
12848,d2722109-c832-45ba-a1cd-28523c319250,Standard Selling Fee
12850,d2722109-c832-45ba-a1cd-28523c319250,Standard Selling Fee
12851,d2722109-c832-45ba-a1cd-28523c319250,Standard Selling Fee
12864,9ccfe96a-49ad-472d-95fb-3029dee54069,"Arts, Crafts & Sewing"
12871,9ccfe96a-6a76-4522-8337-bea4f660a8ce,Consumer Electronics
12901,98ce396a-7acc-4555-8227-184f0d849d60,
12902,98ce396a-7acc-4555-8227-184f0d849d60,
12906,98ce396a-7acc-4555-8227-184f0d849d60,
12907,98ce396a-7acc-4555-8227-184f0d849d60,
12908,98ce396a-7acc-4555-8227-184f0d849d60,
12909,98ce396a-7acc-4555-8227-184f0d849d60,
12919,9ccfe96a-c425-4fd4-afa4-31a6fec9e365,Power Tools
12920,9ccfe96a-82e7-4089-a9ff-f751e8c3cf93,DIY & Tools
12921,9ccfe96a-c425-4fd4-afa4-31a6fec9e365,Power Tools
12922,9ccfe96a-c425-4fd4-afa4-31a6fec9e365,Power Tools
12923,9ccfe96a-c425-4fd4-afa4-31a6fec9e365,Power Tools
12924,9ccfe96a-c425-4fd4-afa4-31a6fec9e365,Power Tools
12925,9ccfe96a-c425-4fd4-afa4-31a6fec9e365,Power Tools
12926,9ccfe96a-c425-4fd4-afa4-31a6fec9e365,Power Tools
12927,9ccfe96a-c425-4fd4-afa4-31a6fec9e365,Power Tools
12928,9ccfe96a-c425-4fd4-afa4-31a6fec9e365,Power Tools
12929,9ccfe96a-82e7-4089-a9ff-f751e8c3cf93,DIY & Tools
12931,9ccfe96a-c425-4fd4-afa4-31a6fec9e365,Power Tools
12933,9ccfe96a-82e7-4089-a9ff-f751e8c3cf93,DIY & Tools
12934,9ccfe96a-82e7-4089-a9ff-f751e8c3cf93,DIY & Tools
12935,9ccfe96a-c425-4fd4-afa4-31a6fec9e365,Power Tools
12936,9ccfe96a-c425-4fd4-afa4-31a6fec9e365,Power Tools
12937,9ccfe96a-82e7-4089-a9ff-f751e8c3cf93,DIY & Tools
12938,9ccfe96a-c425-4fd4-afa4-31a6fec9e365,Power Tools
12939,9ccfe96a-c425-4fd4-afa4-31a6fec9e365,Power Tools
12940,9ccfe96a-c425-4fd4-afa4-31a6fec9e365,Power Tools
12941,9ccfe96a-c425-4fd4-afa4-31a6fec9e365,Power Tools
12943,9ccfe96a-c425-4fd4-afa4-31a6fec9e365,Power Tools
12944,9ccfe96a-82e7-4089-a9ff-f751e8c3cf93,DIY & Tools
12945,9ccfe96a-82e7-4089-a9ff-f751e8c3cf93,DIY & Tools
12955,9ccfe96a-82e7-4089-a9ff-f751e8c3cf93,DIY & Tools
12959,9ccfe96a-c425-4fd4-afa4-31a6fec9e365,Power Tools
12969,9ccfe96a-82e7-4089-a9ff-f751e8c3cf93,DIY & Tools
12970,9ccfe96a-82e7-4089-a9ff-f751e8c3cf93,DIY & Tools
12971,9ccfe96a-82e7-4089-a9ff-f751e8c3cf93,DIY & Tools
12973,9ccfe96a-82e7-4089-a9ff-f751e8c3cf93,DIY & Tools
12974,9ccfe96a-82e7-4089-a9ff-f751e8c3cf93,DIY & Tools
12976,9ccfe96a-82e7-4089-a9ff-f751e8c3cf93,DIY & Tools
12978,9ccfe96a-82e7-4089-a9ff-f751e8c3cf93,DIY & Tools
12979,9ccfe96a-82e7-4089-a9ff-f751e8c3cf93,DIY & Tools
12980,9ccfe96a-82e7-4089-a9ff-f751e8c3cf93,DIY & Tools
12981,9ccfe96a-82e7-4089-a9ff-f751e8c3cf93,DIY & Tools
12982,9ccfe96a-82e7-4089-a9ff-f751e8c3cf93,DIY & Tools
12983,9ccfe96a-82e7-4089-a9ff-f751e8c3cf93,DIY & Tools
12984,9ccfe96a-82e7-4089-a9ff-f751e8c3cf93,DIY & Tools
12985,9ccfe96a-49ad-472d-95fb-3029dee54069,"Arts, Crafts & Sewing"
12986,9ccfe96a-82e7-4089-a9ff-f751e8c3cf93,DIY & Tools
12987,9ccfe96a-82e7-4089-a9ff-f751e8c3cf93,DIY & Tools
12988,9ccfe96a-82e7-4089-a9ff-f751e8c3cf93,DIY & Tools
12989,9ccfe96a-82e7-4089-a9ff-f751e8c3cf93,DIY & Tools
12990,9ccfe96a-82e7-4089-a9ff-f751e8c3cf93,DIY & Tools
12991,9ccfe96a-82e7-4089-a9ff-f751e8c3cf93,DIY & Tools
12993,9ccfe96a-82e7-4089-a9ff-f751e8c3cf93,DIY & Tools
12996,9ccfe96a-49ad-472d-95fb-3029dee54069,"Arts, Crafts & Sewing"
12997,9ccfe96a-82e7-4089-a9ff-f751e8c3cf93,DIY & Tools
12998,9ccfe96a-82e7-4089-a9ff-f751e8c3cf93,DIY & Tools
12999,9ccfe96a-82e7-4089-a9ff-f751e8c3cf93,DIY & Tools
13000,9ccfe96a-82e7-4089-a9ff-f751e8c3cf93,DIY & Tools
13001,9ccfe96a-82e7-4089-a9ff-f751e8c3cf93,DIY & Tools
13002,9ccfe96a-82e7-4089-a9ff-f751e8c3cf93,DIY & Tools
13003,9ccfe96a-49ad-472d-95fb-3029dee54069,"Arts, Crafts & Sewing"
13004,9ccfe96a-82e7-4089-a9ff-f751e8c3cf93,DIY & Tools
13005,9ccfe96a-82e7-4089-a9ff-f751e8c3cf93,DIY & Tools
13006,9ccfe96a-49ad-472d-95fb-3029dee54069,"Arts, Crafts & Sewing"
13007,9ccfe96a-82e7-4089-a9ff-f751e8c3cf93,DIY & Tools
13008,9ccfe96a-82e7-4089-a9ff-f751e8c3cf93,DIY & Tools
13009,9ccfe96a-82e7-4089-a9ff-f751e8c3cf93,DIY & Tools
13010,9ccfe96a-82e7-4089-a9ff-f751e8c3cf93,DIY & Tools
13012,9ccfe96a-49ad-472d-95fb-3029dee54069,"Arts, Crafts & Sewing"
13013,9ccfe96a-49ad-472d-95fb-3029dee54069,"Arts, Crafts & Sewing"
13014,9ccfe96a-c425-4fd4-afa4-31a6fec9e365,Power Tools
13015,9ccfe96a-c425-4fd4-afa4-31a6fec9e365,Power Tools
13016,9ccfe96a-82e7-4089-a9ff-f751e8c3cf93,DIY & Tools
13017,9ccfe96a-82e7-4089-a9ff-f751e8c3cf93,DIY & Tools
13018,9ccfe96a-82e7-4089-a9ff-f751e8c3cf93,DIY & Tools
13019,9ccfe96a-82e7-4089-a9ff-f751e8c3cf93,DIY & Tools
13020,9ccfe96a-82e7-4089-a9ff-f751e8c3cf93,DIY & Tools
13021,9ccfe96a-82e7-4089-a9ff-f751e8c3cf93,DIY & Tools
13023,9ccfe96a-82e7-4089-a9ff-f751e8c3cf93,DIY & Tools
13024,9ccfe96a-82e7-4089-a9ff-f751e8c3cf93,DIY & Tools
13025,9ccfe96a-82e7-4089-a9ff-f751e8c3cf93,DIY & Tools
13026,9ccfe96a-82e7-4089-a9ff-f751e8c3cf93,DIY & Tools
13027,9ccfe96a-82e7-4089-a9ff-f751e8c3cf93,DIY & Tools
13028,9ccfe96a-82e7-4089-a9ff-f751e8c3cf93,DIY & Tools
13029,9ccfe96a-82e7-4089-a9ff-f751e8c3cf93,DIY & Tools
13030,9ccfe96a-82e7-4089-a9ff-f751e8c3cf93,DIY & Tools
13032,9ccfe96a-82e7-4089-a9ff-f751e8c3cf93,DIY & Tools
13033,9ccfe96a-82e7-4089-a9ff-f751e8c3cf93,DIY & Tools
13034,9ccfe96a-82e7-4089-a9ff-f751e8c3cf93,DIY & Tools
13035,9ccfe96a-82e7-4089-a9ff-f751e8c3cf93,DIY & Tools
13051,9ccfe96a-82e7-4089-a9ff-f751e8c3cf93,DIY & Tools
13052,9ccfe96a-82e7-4089-a9ff-f751e8c3cf93,DIY & Tools
13053,9ccfe96a-82e7-4089-a9ff-f751e8c3cf93,DIY & Tools
13054,9ccfe96a-82e7-4089-a9ff-f751e8c3cf93,DIY & Tools
13055,9ccfe96a-82e7-4089-a9ff-f751e8c3cf93,DIY & Tools
13056,9ccfe96a-82e7-4089-a9ff-f751e8c3cf93,DIY & Tools
13058,9ccfe96a-82e7-4089-a9ff-f751e8c3cf93,DIY & Tools
13059,9ccfe96a-82e7-4089-a9ff-f751e8c3cf93,DIY & Tools
13060,9ccfe96a-82e7-4089-a9ff-f751e8c3cf93,DIY & Tools
13061,9ccfe96a-82e7-4089-a9ff-f751e8c3cf93,DIY & Tools
13062,9ccfe96a-82e7-4089-a9ff-f751e8c3cf93,DIY & Tools
13063,9ccfe96a-82e7-4089-a9ff-f751e8c3cf93,DIY & Tools
13064,9ccfe96a-82e7-4089-a9ff-f751e8c3cf93,DIY & Tools
13065,9ccfe96a-82e7-4089-a9ff-f751e8c3cf93,DIY & Tools
13066,9ccfe96a-82e7-4089-a9ff-f751e8c3cf93,DIY & Tools
13067,9ccfe96a-82e7-4089-a9ff-f751e8c3cf93,DIY & Tools
13068,9ccfe96a-82e7-4089-a9ff-f751e8c3cf93,DIY & Tools
13069,9ccfe96a-82e7-4089-a9ff-f751e8c3cf93,DIY & Tools
13070,9ccfe96a-82e7-4089-a9ff-f751e8c3cf93,DIY & Tools
13071,9ccfe96a-82e7-4089-a9ff-f751e8c3cf93,DIY & Tools
13072,9ccfe96a-82e7-4089-a9ff-f751e8c3cf93,DIY & Tools
13073,9ccfe96a-82e7-4089-a9ff-f751e8c3cf93,DIY & Tools
13079,9ccfe96a-82e7-4089-a9ff-f751e8c3cf93,DIY & Tools
13080,9ccfe96a-82e7-4089-a9ff-f751e8c3cf93,DIY & Tools
13081,9ccfe96a-82e7-4089-a9ff-f751e8c3cf93,DIY & Tools
13082,9ccfe96a-82e7-4089-a9ff-f751e8c3cf93,DIY & Tools
13083,9ccfe96a-82e7-4089-a9ff-f751e8c3cf93,DIY & Tools
13084,9ccfe96a-82e7-4089-a9ff-f751e8c3cf93,DIY & Tools
13085,9ccfe96a-82e7-4089-a9ff-f751e8c3cf93,DIY & Tools
13086,9ccfe96a-82e7-4089-a9ff-f751e8c3cf93,DIY & Tools
13087,9ccfe96a-82e7-4089-a9ff-f751e8c3cf93,DIY & Tools
13088,9ccfe96a-82e7-4089-a9ff-f751e8c3cf93,DIY & Tools
13089,9ccfe96a-82e7-4089-a9ff-f751e8c3cf93,DIY & Tools
13090,9ccfe96a-82e7-4089-a9ff-f751e8c3cf93,DIY & Tools
13091,9ccfe96a-82e7-4089-a9ff-f751e8c3cf93,DIY & Tools
13094,9ccfe96a-82e7-4089-a9ff-f751e8c3cf93,DIY & Tools
13095,9ccfe96a-82e7-4089-a9ff-f751e8c3cf93,DIY & Tools
13096,9ccfe96a-82e7-4089-a9ff-f751e8c3cf93,DIY & Tools
13097,9ccfe96a-82e7-4089-a9ff-f751e8c3cf93,DIY & Tools
13098,9ccfe96a-82e7-4089-a9ff-f751e8c3cf93,DIY & Tools
13099,9ccfe96a-82e7-4089-a9ff-f751e8c3cf93,DIY & Tools
13100,9ccfe96a-82e7-4089-a9ff-f751e8c3cf93,DIY & Tools
13101,9ccfe96a-82e7-4089-a9ff-f751e8c3cf93,DIY & Tools
13102,9ccfe96a-82e7-4089-a9ff-f751e8c3cf93,DIY & Tools
13103,9ccfe96a-82e7-4089-a9ff-f751e8c3cf93,DIY & Tools
13104,9ccfe96a-82e7-4089-a9ff-f751e8c3cf93,DIY & Tools
13105,9ccfe96a-82e7-4089-a9ff-f751e8c3cf93,DIY & Tools
13106,9ccfe96a-82e7-4089-a9ff-f751e8c3cf93,DIY & Tools
13107,9ccfe96a-82e7-4089-a9ff-f751e8c3cf93,DIY & Tools
13108,9ccfe96a-82e7-4089-a9ff-f751e8c3cf93,DIY & Tools
13109,9ccfe96a-82e7-4089-a9ff-f751e8c3cf93,DIY & Tools
13110,9ccfe96a-82e7-4089-a9ff-f751e8c3cf93,DIY & Tools
13111,9ccfe96a-82e7-4089-a9ff-f751e8c3cf93,DIY & Tools
13112,9ccfe96a-82e7-4089-a9ff-f751e8c3cf93,DIY & Tools
13113,9ccfe96a-82e7-4089-a9ff-f751e8c3cf93,DIY & Tools
13114,9ccfe96a-82e7-4089-a9ff-f751e8c3cf93,DIY & Tools
13116,9ccfe96a-82e7-4089-a9ff-f751e8c3cf93,DIY & Tools
13117,9ccfe96a-82e7-4089-a9ff-f751e8c3cf93,DIY & Tools
13118,9ccfe96a-82e7-4089-a9ff-f751e8c3cf93,DIY & Tools
13119,9ccfe96a-82e7-4089-a9ff-f751e8c3cf93,DIY & Tools
13121,9ccfe96a-49ad-472d-95fb-3029dee54069,"Arts, Crafts & Sewing"
13122,9ccfe96a-49ad-472d-95fb-3029dee54069,"Arts, Crafts & Sewing"
13123,9ccfe96a-82e7-4089-a9ff-f751e8c3cf93,DIY & Tools
13124,9ccfe96a-82e7-4089-a9ff-f751e8c3cf93,DIY & Tools
13125,9ccfe96a-82e7-4089-a9ff-f751e8c3cf93,DIY & Tools
13126,9ccfe96a-82e7-4089-a9ff-f751e8c3cf93,DIY & Tools
13127,9ccfe96a-82e7-4089-a9ff-f751e8c3cf93,DIY & Tools
13128,9ccfe96a-82e7-4089-a9ff-f751e8c3cf93,DIY & Tools
13129,9ccfe96a-82e7-4089-a9ff-f751e8c3cf93,DIY & Tools
13130,9ccfe96a-82e7-4089-a9ff-f751e8c3cf93,DIY & Tools
13131,9ccfe96a-82e7-4089-a9ff-f751e8c3cf93,DIY & Tools
13132,9ccfe96a-82e7-4089-a9ff-f751e8c3cf93,DIY & Tools
13133,9ccfe96a-82e7-4089-a9ff-f751e8c3cf93,DIY & Tools
13134,9ccfe96a-82e7-4089-a9ff-f751e8c3cf93,DIY & Tools
13135,9ccfe96a-82e7-4089-a9ff-f751e8c3cf93,DIY & Tools
13136,9ccfe96a-82e7-4089-a9ff-f751e8c3cf93,DIY & Tools
13137,9ccfe96a-82e7-4089-a9ff-f751e8c3cf93,DIY & Tools
13138,9ccfe96a-82e7-4089-a9ff-f751e8c3cf93,DIY & Tools
13139,9ccfe96a-82e7-4089-a9ff-f751e8c3cf93,DIY & Tools
13140,9ccfe96a-82e7-4089-a9ff-f751e8c3cf93,DIY & Tools
13141,9ccfe96a-82e7-4089-a9ff-f751e8c3cf93,DIY & Tools
13142,9ccfe96a-82e7-4089-a9ff-f751e8c3cf93,DIY & Tools
13143,9ccfe96a-82e7-4089-a9ff-f751e8c3cf93,DIY & Tools
13144,9ccfe96a-82e7-4089-a9ff-f751e8c3cf93,DIY & Tools
13146,9ccfe96a-82e7-4089-a9ff-f751e8c3cf93,DIY & Tools
13148,9ccfe96a-82e7-4089-a9ff-f751e8c3cf93,DIY & Tools
13149,9ccfe96a-82e7-4089-a9ff-f751e8c3cf93,DIY & Tools
13150,9ccfe96a-82e7-4089-a9ff-f751e8c3cf93,DIY & Tools
13151,9ccfe96a-82e7-4089-a9ff-f751e8c3cf93,DIY & Tools
13153,9ccfe96a-49ad-472d-95fb-3029dee54069,"Arts, Crafts & Sewing"
13154,9ccfe96a-82e7-4089-a9ff-f751e8c3cf93,DIY & Tools
13155,9ccfe96a-82e7-4089-a9ff-f751e8c3cf93,DIY & Tools
13156,9ccfe96a-82e7-4089-a9ff-f751e8c3cf93,DIY & Tools
13157,9ccfe96a-82e7-4089-a9ff-f751e8c3cf93,DIY & Tools
13158,9ccfe96a-82e7-4089-a9ff-f751e8c3cf93,DIY & Tools
13159,9ccfe96a-49ad-472d-95fb-3029dee54069,"Arts, Crafts & Sewing"
13160,9ccfe96a-82e7-4089-a9ff-f751e8c3cf93,DIY & Tools
13161,9ccfe96a-82e7-4089-a9ff-f751e8c3cf93,DIY & Tools
13162,9ccfe96a-82e7-4089-a9ff-f751e8c3cf93,DIY & Tools
13163,9ccfe96a-82e7-4089-a9ff-f751e8c3cf93,DIY & Tools
13164,9ccfe96a-82e7-4089-a9ff-f751e8c3cf93,DIY & Tools
13166,9ccfe96a-82e7-4089-a9ff-f751e8c3cf93,DIY & Tools
13167,9ccfe96a-82e7-4089-a9ff-f751e8c3cf93,DIY & Tools
13168,9ccfe96a-82e7-4089-a9ff-f751e8c3cf93,DIY & Tools
13169,9ccfe96a-82e7-4089-a9ff-f751e8c3cf93,DIY & Tools
13170,9ccfe96a-49ad-472d-95fb-3029dee54069,"Arts, Crafts & Sewing"
13171,9ccfe96a-82e7-4089-a9ff-f751e8c3cf93,DIY & Tools
13172,d2722109-c832-45ba-a1cd-28523c319250,Standard Selling Fee
13173,9ccfe96a-82e7-4089-a9ff-f751e8c3cf93,DIY & Tools
13174,9ccfe96a-82e7-4089-a9ff-f751e8c3cf93,DIY & Tools
13175,9ccfe96a-82e7-4089-a9ff-f751e8c3cf93,DIY & Tools
13176,9ccfe96a-82e7-4089-a9ff-f751e8c3cf93,DIY & Tools
13177,9ccfe96a-82e7-4089-a9ff-f751e8c3cf93,DIY & Tools
13178,9ccfe96a-82e7-4089-a9ff-f751e8c3cf93,DIY & Tools
13179,9ccfe96a-82e7-4089-a9ff-f751e8c3cf93,DIY & Tools
13180,9ccfe96a-82e7-4089-a9ff-f751e8c3cf93,DIY & Tools
13181,9ccfe96a-82e7-4089-a9ff-f751e8c3cf93,DIY & Tools
13182,9ccfe96a-82e7-4089-a9ff-f751e8c3cf93,DIY & Tools
13183,9ccfe96a-82e7-4089-a9ff-f751e8c3cf93,DIY & Tools
13184,9ccfe96a-82e7-4089-a9ff-f751e8c3cf93,DIY & Tools
13185,9ccfe96a-82e7-4089-a9ff-f751e8c3cf93,DIY & Tools
13186,9ccfe96a-82e7-4089-a9ff-f751e8c3cf93,DIY & Tools
13187,9ccfe96a-82e7-4089-a9ff-f751e8c3cf93,DIY & Tools
13188,9ccfe96a-82e7-4089-a9ff-f751e8c3cf93,DIY & Tools
13189,9ccfe96a-82e7-4089-a9ff-f751e8c3cf93,DIY & Tools
13190,9ccfe96a-82e7-4089-a9ff-f751e8c3cf93,DIY & Tools
13191,9ccfe96a-49ad-472d-95fb-3029dee54069,"Arts, Crafts & Sewing"
13192,9ccfe96a-82e7-4089-a9ff-f751e8c3cf93,DIY & Tools
13193,9ccfe96a-82e7-4089-a9ff-f751e8c3cf93,DIY & Tools
13194,9ccfe96a-82e7-4089-a9ff-f751e8c3cf93,DIY & Tools
13195,9ccfe96a-82e7-4089-a9ff-f751e8c3cf93,DIY & Tools
13196,9ccfe96a-82e7-4089-a9ff-f751e8c3cf93,DIY & Tools
13197,9ccfe96a-82e7-4089-a9ff-f751e8c3cf93,DIY & Tools
13198,9ccfe96a-82e7-4089-a9ff-f751e8c3cf93,DIY & Tools
13199,9ccfe96a-82e7-4089-a9ff-f751e8c3cf93,DIY & Tools
13200,d2722109-c832-45ba-a1cd-28523c319250,Standard Selling Fee
13201,9ccfe96a-49ad-472d-95fb-3029dee54069,"Arts, Crafts & Sewing"
13202,d2722109-c832-45ba-a1cd-28523c319250,Standard Selling Fee
13203,d2722109-c832-45ba-a1cd-28523c319250,Standard Selling Fee
13204,d2722109-c832-45ba-a1cd-28523c319250,Standard Selling Fee
13205,d2722109-c832-45ba-a1cd-28523c319250,Standard Selling Fee
13206,d2722109-c832-45ba-a1cd-28523c319250,Standard Selling Fee
13207,d2722109-c832-45ba-a1cd-28523c319250,Standard Selling Fee
13208,9ccfe96a-49ad-472d-95fb-3029dee54069,"Arts, Crafts & Sewing"
13209,9ccfe96a-49ad-472d-95fb-3029dee54069,"Arts, Crafts & Sewing"
13210,9ccfe96a-49ad-472d-95fb-3029dee54069,"Arts, Crafts & Sewing"
13211,9ccfe96a-49ad-472d-95fb-3029dee54069,"Arts, Crafts & Sewing"
13212,d2722109-c832-45ba-a1cd-28523c319250,Standard Selling Fee
13213,9ccfe96a-82e7-4089-a9ff-f751e8c3cf93,DIY & Tools
13214,9ccfe96a-82e7-4089-a9ff-f751e8c3cf93,DIY & Tools
13215,9ccfe96a-82e7-4089-a9ff-f751e8c3cf93,DIY & Tools
13216,d2722109-c832-45ba-a1cd-28523c319250,Standard Selling Fee
13217,d2722109-c832-45ba-a1cd-28523c319250,Standard Selling Fee
13218,d2722109-c832-45ba-a1cd-28523c319250,Standard Selling Fee
13219,d2722109-c832-45ba-a1cd-28523c319250,Standard Selling Fee
13220,d2722109-c832-45ba-a1cd-28523c319250,Standard Selling Fee
13221,9ccfe96a-82e7-4089-a9ff-f751e8c3cf93,DIY & Tools
13222,9ccfe96a-82e7-4089-a9ff-f751e8c3cf93,DIY & Tools
13223,9ccfe96a-82e7-4089-a9ff-f751e8c3cf93,DIY & Tools
13224,9ccfe96a-82e7-4089-a9ff-f751e8c3cf93,DIY & Tools
13225,9ccfe96a-82e7-4089-a9ff-f751e8c3cf93,DIY & Tools
13226,9ccfe96a-82e7-4089-a9ff-f751e8c3cf93,DIY & Tools
13227,9ccfe96a-82e7-4089-a9ff-f751e8c3cf93,DIY & Tools
13229,9ccfe96a-82e7-4089-a9ff-f751e8c3cf93,DIY & Tools
13230,9ccfe96a-82e7-4089-a9ff-f751e8c3cf93,DIY & Tools
13231,9ccfe96a-82e7-4089-a9ff-f751e8c3cf93,DIY & Tools
13232,9ccfe96a-82e7-4089-a9ff-f751e8c3cf93,DIY & Tools
13233,9ccfe96a-82e7-4089-a9ff-f751e8c3cf93,DIY & Tools
13234,9ccfe96a-82e7-4089-a9ff-f751e8c3cf93,DIY & Tools
13237,9ccfe96a-82e7-4089-a9ff-f751e8c3cf93,DIY & Tools
13238,9ccfe96a-82e7-4089-a9ff-f751e8c3cf93,DIY & Tools
13239,9ccfe96a-82e7-4089-a9ff-f751e8c3cf93,DIY & Tools
13240,9ccfe96a-82e7-4089-a9ff-f751e8c3cf93,DIY & Tools
13241,9ccfe96a-82e7-4089-a9ff-f751e8c3cf93,DIY & Tools
13243,9ccfe96a-82e7-4089-a9ff-f751e8c3cf93,DIY & Tools
13244,9ccfe96a-82e7-4089-a9ff-f751e8c3cf93,DIY & Tools
13245,9ccfe96a-82e7-4089-a9ff-f751e8c3cf93,DIY & Tools
13246,9ccfe96a-82e7-4089-a9ff-f751e8c3cf93,DIY & Tools
13247,9ccfe96a-82e7-4089-a9ff-f751e8c3cf93,DIY & Tools
13248,9ccfe96a-82e7-4089-a9ff-f751e8c3cf93,DIY & Tools
13249,9ccfe96a-82e7-4089-a9ff-f751e8c3cf93,DIY & Tools
13250,9ccfe96a-82e7-4089-a9ff-f751e8c3cf93,DIY & Tools
13251,9ccfe96a-49ad-472d-95fb-3029dee54069,"Arts, Crafts & Sewing"
13252,9ccfe96a-49ad-472d-95fb-3029dee54069,"Arts, Crafts & Sewing"
13253,9ccfe96a-49ad-472d-95fb-3029dee54069,"Arts, Crafts & Sewing"
13254,9ccfe96a-49ad-472d-95fb-3029dee54069,"Arts, Crafts & Sewing"
13255,9ccfe96a-49ad-472d-95fb-3029dee54069,"Arts, Crafts & Sewing"
13256,9ccfe96a-49ad-472d-95fb-3029dee54069,"Arts, Crafts & Sewing"
13257,d2722109-c832-45ba-a1cd-28523c319250,Standard Selling Fee
13258,d2722109-c832-45ba-a1cd-28523c319250,Standard Selling Fee
13259,d2722109-c832-45ba-a1cd-28523c319250,Standard Selling Fee
13260,d2722109-c832-45ba-a1cd-28523c319250,Standard Selling Fee
13261,d2722109-c832-45ba-a1cd-28523c319250,Standard Selling Fee
13262,d2722109-c832-45ba-a1cd-28523c319250,Standard Selling Fee
13263,d2722109-c832-45ba-a1cd-28523c319250,Standard Selling Fee
13264,d2722109-c832-45ba-a1cd-28523c319250,Standard Selling Fee
13265,d2722109-c832-45ba-a1cd-28523c319250,Standard Selling Fee
13267,d2722109-c832-45ba-a1cd-28523c319250,Standard Selling Fee
13268,d2722109-c832-45ba-a1cd-28523c319250,Standard Selling Fee
13269,d2722109-c832-45ba-a1cd-28523c319250,Standard Selling Fee
13270,d2722109-c832-45ba-a1cd-28523c319250,Standard Selling Fee
13271,d2722109-c832-45ba-a1cd-28523c319250,Standard Selling Fee
13272,d2722109-c832-45ba-a1cd-28523c319250,Standard Selling Fee
13275,d2722109-c832-45ba-a1cd-28523c319250,Standard Selling Fee
13276,d2722109-c832-45ba-a1cd-28523c319250,Standard Selling Fee
13287,d2722109-c832-45ba-a1cd-28523c319250,Standard Selling Fee
13288,d2722109-c832-45ba-a1cd-28523c319250,Standard Selling Fee
13289,9ccfe96a-c425-4fd4-afa4-31a6fec9e365,Power Tools
13290,9ccfe96a-49ad-472d-95fb-3029dee54069,"Arts, Crafts & Sewing"
13291,d2722109-c832-45ba-a1cd-28523c319250,Standard Selling Fee
13292,d2722109-c832-45ba-a1cd-28523c319250,Standard Selling Fee
13293,d2722109-c832-45ba-a1cd-28523c319250,Standard Selling Fee
13294,d2722109-c832-45ba-a1cd-28523c319250,Standard Selling Fee
13295,d2722109-c832-45ba-a1cd-28523c319250,Standard Selling Fee
13296,d2722109-c832-45ba-a1cd-28523c319250,Standard Selling Fee
13297,d2722109-c832-45ba-a1cd-28523c319250,Standard Selling Fee
13298,d2722109-c832-45ba-a1cd-28523c319250,Standard Selling Fee
13299,d2722109-c832-45ba-a1cd-28523c319250,Standard Selling Fee
13300,d2722109-c832-45ba-a1cd-28523c319250,Standard Selling Fee
13301,d2722109-c832-45ba-a1cd-28523c319250,Standard Selling Fee
13302,d2722109-c832-45ba-a1cd-28523c319250,Standard Selling Fee
13306,d2722109-c832-45ba-a1cd-28523c319250,Standard Selling Fee
13307,d2722109-c832-45ba-a1cd-28523c319250,Standard Selling Fee
13308,d2722109-c832-45ba-a1cd-28523c319250,Standard Selling Fee
13309,d2722109-c832-45ba-a1cd-28523c319250,Standard Selling Fee
13310,d2722109-c832-45ba-a1cd-28523c319250,Standard Selling Fee
13311,d2722109-c832-45ba-a1cd-28523c319250,Standard Selling Fee
13312,d2722109-c832-45ba-a1cd-28523c319250,Standard Selling Fee
13313,d2722109-c832-45ba-a1cd-28523c319250,Standard Selling Fee
13314,d2722109-c832-45ba-a1cd-28523c319250,Standard Selling Fee
13315,d2722109-c832-45ba-a1cd-28523c319250,Standard Selling Fee
13316,d2722109-c832-45ba-a1cd-28523c319250,Standard Selling Fee
13317,d2722109-c832-45ba-a1cd-28523c319250,Standard Selling Fee
13318,d2722109-c832-45ba-a1cd-28523c319250,Standard Selling Fee
13319,d2722109-c832-45ba-a1cd-28523c319250,Standard Selling Fee
13320,d2722109-c832-45ba-a1cd-28523c319250,Standard Selling Fee
13321,d2722109-c832-45ba-a1cd-28523c319250,Standard Selling Fee
13322,d2722109-c832-45ba-a1cd-28523c319250,Standard Selling Fee
13323,d2722109-c832-45ba-a1cd-28523c319250,Standard Selling Fee
13324,d2722109-c832-45ba-a1cd-28523c319250,Standard Selling Fee
13325,d2722109-c832-45ba-a1cd-28523c319250,Standard Selling Fee
13329,9ccfe96a-82e7-4089-a9ff-f751e8c3cf93,DIY & Tools
13330,d2722109-c832-45ba-a1cd-28523c319250,Standard Selling Fee
13331,d2722109-c832-45ba-a1cd-28523c319250,Standard Selling Fee
13332,d2722109-c832-45ba-a1cd-28523c319250,Standard Selling Fee
13333,d2722109-c832-45ba-a1cd-28523c319250,Standard Selling Fee
13334,d2722109-c832-45ba-a1cd-28523c319250,Standard Selling Fee
13336,d2722109-c832-45ba-a1cd-28523c319250,Standard Selling Fee
13337,d2722109-c832-45ba-a1cd-28523c319250,Standard Selling Fee
13338,d2722109-c832-45ba-a1cd-28523c319250,Standard Selling Fee
13339,d2722109-c832-45ba-a1cd-28523c319250,Standard Selling Fee
13340,d2722109-c832-45ba-a1cd-28523c319250,Standard Selling Fee
13361,d2722109-c832-45ba-a1cd-28523c319250,Standard Selling Fee
13362,d2722109-c832-45ba-a1cd-28523c319250,Standard Selling Fee
13363,d2722109-c832-45ba-a1cd-28523c319250,Standard Selling Fee
13364,d2722109-c832-45ba-a1cd-28523c319250,Standard Selling Fee
13365,d2722109-c832-45ba-a1cd-28523c319250,Standard Selling Fee
13366,d2722109-c832-45ba-a1cd-28523c319250,Standard Selling Fee
13367,d2722109-c832-45ba-a1cd-28523c319250,Standard Selling Fee
13368,d2722109-c832-45ba-a1cd-28523c319250,Standard Selling Fee
13369,d2722109-c832-45ba-a1cd-28523c319250,Standard Selling Fee
13370,d2722109-c832-45ba-a1cd-28523c319250,Standard Selling Fee
13371,d2722109-c832-45ba-a1cd-28523c319250,Standard Selling Fee
13372,d2722109-c832-45ba-a1cd-28523c319250,Standard Selling Fee
13373,d2722109-c832-45ba-a1cd-28523c319250,Standard Selling Fee
13374,d2722109-c832-45ba-a1cd-28523c319250,Standard Selling Fee
13375,d2722109-c832-45ba-a1cd-28523c319250,Standard Selling Fee
13377,d2722109-c832-45ba-a1cd-28523c319250,Standard Selling Fee
13379,d2722109-c832-45ba-a1cd-28523c319250,Standard Selling Fee
13381,d2722109-c832-45ba-a1cd-28523c319250,Standard Selling Fee
13387,d2722109-c832-45ba-a1cd-28523c319250,Standard Selling Fee
13388,d2722109-c832-45ba-a1cd-28523c319250,Standard Selling Fee
13389,d2722109-c832-45ba-a1cd-28523c319250,Standard Selling Fee
13390,d2722109-c832-45ba-a1cd-28523c319250,Standard Selling Fee
13391,d2722109-c832-45ba-a1cd-28523c319250,Standard Selling Fee
13392,d2722109-c832-45ba-a1cd-28523c319250,Standard Selling Fee
13393,d2722109-c832-45ba-a1cd-28523c319250,Standard Selling Fee
13394,d2722109-c832-45ba-a1cd-28523c319250,Standard Selling Fee
13395,d2722109-c832-45ba-a1cd-28523c319250,Standard Selling Fee
13396,d2722109-c832-45ba-a1cd-28523c319250,Standard Selling Fee
13397,d2722109-c832-45ba-a1cd-28523c319250,Standard Selling Fee
13398,d2722109-c832-45ba-a1cd-28523c319250,Standard Selling Fee
13399,9ccfe96a-49ad-472d-95fb-3029dee54069,"Arts, Crafts & Sewing"
13400,d2722109-c832-45ba-a1cd-28523c319250,Standard Selling Fee
13401,d2722109-c832-45ba-a1cd-28523c319250,Standard Selling Fee
13402,d2722109-c832-45ba-a1cd-28523c319250,Standard Selling Fee
13403,d2722109-c832-45ba-a1cd-28523c319250,Standard Selling Fee
13405,d2722109-c832-45ba-a1cd-28523c319250,Standard Selling Fee
13407,d2722109-c832-45ba-a1cd-28523c319250,Standard Selling Fee
13408,d2722109-c832-45ba-a1cd-28523c319250,Standard Selling Fee
13409,d2722109-c832-45ba-a1cd-28523c319250,Standard Selling Fee
13410,d2722109-c832-45ba-a1cd-28523c319250,Standard Selling Fee
13411,d2722109-c832-45ba-a1cd-28523c319250,Standard Selling Fee
13412,d2722109-c832-45ba-a1cd-28523c319250,Standard Selling Fee
13413,d2722109-c832-45ba-a1cd-28523c319250,Standard Selling Fee
13415,d2722109-c832-45ba-a1cd-28523c319250,Standard Selling Fee
13416,d2722109-c832-45ba-a1cd-28523c319250,Standard Selling Fee
13417,d2722109-c832-45ba-a1cd-28523c319250,Standard Selling Fee
13418,d2722109-c832-45ba-a1cd-28523c319250,Standard Selling Fee
13419,d2722109-c832-45ba-a1cd-28523c319250,Standard Selling Fee
13420,d2722109-c832-45ba-a1cd-28523c319250,Standard Selling Fee
13422,9ccfe96a-49ad-472d-95fb-3029dee54069,"Arts, Crafts & Sewing"
13423,d2722109-c832-45ba-a1cd-28523c319250,Standard Selling Fee
13424,d2722109-c832-45ba-a1cd-28523c319250,Standard Selling Fee
13425,d2722109-c832-45ba-a1cd-28523c319250,Standard Selling Fee
13426,d2722109-c832-45ba-a1cd-28523c319250,Standard Selling Fee
13427,d2722109-c832-45ba-a1cd-28523c319250,Standard Selling Fee
13428,d2722109-c832-45ba-a1cd-28523c319250,Standard Selling Fee
13429,d2722109-c832-45ba-a1cd-28523c319250,Standard Selling Fee
13430,d2722109-c832-45ba-a1cd-28523c319250,Standard Selling Fee
13431,d2722109-c832-45ba-a1cd-28523c319250,Standard Selling Fee
13432,d2722109-c832-45ba-a1cd-28523c319250,Standard Selling Fee
13433,d2722109-c832-45ba-a1cd-28523c319250,Standard Selling Fee
13434,d2722109-c832-45ba-a1cd-28523c319250,Standard Selling Fee
13435,d2722109-c832-45ba-a1cd-28523c319250,Standard Selling Fee
13436,d2722109-c832-45ba-a1cd-28523c319250,Standard Selling Fee
13437,d2722109-c832-45ba-a1cd-28523c319250,Standard Selling Fee
13438,d2722109-c832-45ba-a1cd-28523c319250,Standard Selling Fee
13439,d2722109-c832-45ba-a1cd-28523c319250,Standard Selling Fee
13440,d2722109-c832-45ba-a1cd-28523c319250,Standard Selling Fee
13441,d2722109-c832-45ba-a1cd-28523c319250,Standard Selling Fee
13442,d2722109-c832-45ba-a1cd-28523c319250,Standard Selling Fee
13443,d2722109-c832-45ba-a1cd-28523c319250,Standard Selling Fee
13444,d2722109-c832-45ba-a1cd-28523c319250,Standard Selling Fee
13445,d2722109-c832-45ba-a1cd-28523c319250,Standard Selling Fee
13446,d2722109-c832-45ba-a1cd-28523c319250,Standard Selling Fee
13447,d2722109-c832-45ba-a1cd-28523c319250,Standard Selling Fee
13448,d2722109-c832-45ba-a1cd-28523c319250,Standard Selling Fee
13449,d2722109-c832-45ba-a1cd-28523c319250,Standard Selling Fee
13450,d2722109-c832-45ba-a1cd-28523c319250,Standard Selling Fee
13451,d2722109-c832-45ba-a1cd-28523c319250,Standard Selling Fee
13452,d2722109-c832-45ba-a1cd-28523c319250,Standard Selling Fee
13453,d2722109-c832-45ba-a1cd-28523c319250,Standard Selling Fee
13454,d2722109-c832-45ba-a1cd-28523c319250,Standard Selling Fee
13455,d2722109-c832-45ba-a1cd-28523c319250,Standard Selling Fee
13456,d2722109-c832-45ba-a1cd-28523c319250,Standard Selling Fee
13457,d2722109-c832-45ba-a1cd-28523c319250,Standard Selling Fee
13458,d2722109-c832-45ba-a1cd-28523c319250,Standard Selling Fee
13459,d2722109-c832-45ba-a1cd-28523c319250,Standard Selling Fee
13460,d2722109-c832-45ba-a1cd-28523c319250,Standard Selling Fee
13461,d2722109-c832-45ba-a1cd-28523c319250,Standard Selling Fee
13462,d2722109-c832-45ba-a1cd-28523c319250,Standard Selling Fee
13463,d2722109-c832-45ba-a1cd-28523c319250,Standard Selling Fee
13464,d2722109-c832-45ba-a1cd-28523c319250,Standard Selling Fee
13465,d2722109-c832-45ba-a1cd-28523c319250,Standard Selling Fee
13466,d2722109-c832-45ba-a1cd-28523c319250,Standard Selling Fee
13467,d2722109-c832-45ba-a1cd-28523c319250,Standard Selling Fee
13468,9ccfe96a-49ad-472d-95fb-3029dee54069,"Arts, Crafts & Sewing"
13469,d2722109-c832-45ba-a1cd-28523c319250,Standard Selling Fee
13470,d2722109-c832-45ba-a1cd-28523c319250,Standard Selling Fee
13471,d2722109-c832-45ba-a1cd-28523c319250,Standard Selling Fee
13472,d2722109-c832-45ba-a1cd-28523c319250,Standard Selling Fee
13473,d2722109-c832-45ba-a1cd-28523c319250,Standard Selling Fee
13474,d2722109-c832-45ba-a1cd-28523c319250,Standard Selling Fee
13478,d2722109-c832-45ba-a1cd-28523c319250,Standard Selling Fee
13479,d2722109-c832-45ba-a1cd-28523c319250,Standard Selling Fee
13480,d2722109-c832-45ba-a1cd-28523c319250,Standard Selling Fee
13482,d2722109-c832-45ba-a1cd-28523c319250,Standard Selling Fee
13483,d2722109-c832-45ba-a1cd-28523c319250,Standard Selling Fee
13484,d2722109-c832-45ba-a1cd-28523c319250,Standard Selling Fee
13485,d2722109-c832-45ba-a1cd-28523c319250,Standard Selling Fee
13486,d2722109-c832-45ba-a1cd-28523c319250,Standard Selling Fee
13487,d2722109-c832-45ba-a1cd-28523c319250,Standard Selling Fee
13488,d2722109-c832-45ba-a1cd-28523c319250,Standard Selling Fee
13489,d2722109-c832-45ba-a1cd-28523c319250,Standard Selling Fee
13490,d2722109-c832-45ba-a1cd-28523c319250,Standard Selling Fee
13491,d2722109-c832-45ba-a1cd-28523c319250,Standard Selling Fee
13492,9ccfe96a-49ad-472d-95fb-3029dee54069,"Arts, Crafts & Sewing"
13493,d2722109-c832-45ba-a1cd-28523c319250,Standard Selling Fee
13498,d2722109-c832-45ba-a1cd-28523c319250,Standard Selling Fee
13499,d2722109-c832-45ba-a1cd-28523c319250,Standard Selling Fee
13500,9ccfe96a-82e7-4089-a9ff-f751e8c3cf93,DIY & Tools
13501,9ccfe96a-82e7-4089-a9ff-f751e8c3cf93,DIY & Tools
13502,9ccfe96a-82e7-4089-a9ff-f751e8c3cf93,DIY & Tools
13503,9ccfe96a-82e7-4089-a9ff-f751e8c3cf93,DIY & Tools
13507,9ccfe96a-82e7-4089-a9ff-f751e8c3cf93,DIY & Tools
13515,9ccfe96a-49ad-472d-95fb-3029dee54069,"Arts, Crafts & Sewing"
13516,d2722109-c832-45ba-a1cd-28523c319250,Standard Selling Fee
13517,9ccfe96a-49ad-472d-95fb-3029dee54069,"Arts, Crafts & Sewing"
13518,d2722109-c832-45ba-a1cd-28523c319250,Standard Selling Fee
13519,d2722109-c832-45ba-a1cd-28523c319250,Standard Selling Fee
13520,d2722109-c832-45ba-a1cd-28523c319250,Standard Selling Fee
13528,9ccfe96a-49ad-472d-95fb-3029dee54069,"Arts, Crafts & Sewing"
13529,9ccfe96a-49ad-472d-95fb-3029dee54069,"Arts, Crafts & Sewing"
13530,d2722109-c832-45ba-a1cd-28523c319250,Standard Selling Fee
13531,d2722109-c832-45ba-a1cd-28523c319250,Standard Selling Fee
13532,d2722109-c832-45ba-a1cd-28523c319250,Standard Selling Fee
13533,d2722109-c832-45ba-a1cd-28523c319250,Standard Selling Fee
13535,d2722109-c832-45ba-a1cd-28523c319250,Standard Selling Fee
13536,d2722109-c832-45ba-a1cd-28523c319250,Standard Selling Fee
13537,d2722109-c832-45ba-a1cd-28523c319250,Standard Selling Fee
13538,d2722109-c832-45ba-a1cd-28523c319250,Standard Selling Fee
13539,d2722109-c832-45ba-a1cd-28523c319250,Standard Selling Fee
13540,d2722109-c832-45ba-a1cd-28523c319250,Standard Selling Fee
13541,d2722109-c832-45ba-a1cd-28523c319250,Standard Selling Fee
13542,9ccfe96a-82e7-4089-a9ff-f751e8c3cf93,DIY & Tools
13543,d2722109-c832-45ba-a1cd-28523c319250,Standard Selling Fee
13549,d2722109-c832-45ba-a1cd-28523c319250,Standard Selling Fee
13550,9ccfe96a-49ad-472d-95fb-3029dee54069,"Arts, Crafts & Sewing"
13552,d2722109-c832-45ba-a1cd-28523c319250,Standard Selling Fee
13553,d2722109-c832-45ba-a1cd-28523c319250,Standard Selling Fee
13554,d2722109-c832-45ba-a1cd-28523c319250,Standard Selling Fee
13556,9ccfe96a-49ad-472d-95fb-3029dee54069,"Arts, Crafts & Sewing"
13557,d2722109-c832-45ba-a1cd-28523c319250,Standard Selling Fee
13558,d2722109-c832-45ba-a1cd-28523c319250,Standard Selling Fee
13559,d2722109-c832-45ba-a1cd-28523c319250,Standard Selling Fee
13560,d2722109-c832-45ba-a1cd-28523c319250,Standard Selling Fee
13561,d2722109-c832-45ba-a1cd-28523c319250,Standard Selling Fee
13562,d2722109-c832-45ba-a1cd-28523c319250,Standard Selling Fee
13563,d2722109-c832-45ba-a1cd-28523c319250,Standard Selling Fee
13564,d2722109-c832-45ba-a1cd-28523c319250,Standard Selling Fee
13565,d2722109-c832-45ba-a1cd-28523c319250,Standard Selling Fee
13566,d2722109-c832-45ba-a1cd-28523c319250,Standard Selling Fee
13568,d2722109-c832-45ba-a1cd-28523c319250,Standard Selling Fee
13569,d2722109-c832-45ba-a1cd-28523c319250,Standard Selling Fee
13570,d2722109-c832-45ba-a1cd-28523c319250,Standard Selling Fee
13572,d2722109-c832-45ba-a1cd-28523c319250,Standard Selling Fee
13573,9ccfe96a-49ad-472d-95fb-3029dee54069,"Arts, Crafts & Sewing"
13576,d2722109-c832-45ba-a1cd-28523c319250,Standard Selling Fee
13577,d2722109-c832-45ba-a1cd-28523c319250,Standard Selling Fee
13578,d2722109-c832-45ba-a1cd-28523c319250,Standard Selling Fee
13579,d2722109-c832-45ba-a1cd-28523c319250,Standard Selling Fee
13580,d2722109-c832-45ba-a1cd-28523c319250,Standard Selling Fee
13581,d2722109-c832-45ba-a1cd-28523c319250,Standard Selling Fee
13582,d2722109-c832-45ba-a1cd-28523c319250,Standard Selling Fee
13583,9ccfe96a-49ad-472d-95fb-3029dee54069,"Arts, Crafts & Sewing"
13584,d2722109-c832-45ba-a1cd-28523c319250,Standard Selling Fee
13585,d2722109-c832-45ba-a1cd-28523c319250,Standard Selling Fee
13586,d2722109-c832-45ba-a1cd-28523c319250,Standard Selling Fee
13587,d2722109-c832-45ba-a1cd-28523c319250,Standard Selling Fee
13589,d2722109-c832-45ba-a1cd-28523c319250,Standard Selling Fee
13590,d2722109-c832-45ba-a1cd-28523c319250,Standard Selling Fee
13592,9ccfe96a-49ad-472d-95fb-3029dee54069,"Arts, Crafts & Sewing"
13593,d2722109-c832-45ba-a1cd-28523c319250,Standard Selling Fee
13594,d2722109-c832-45ba-a1cd-28523c319250,Standard Selling Fee
13595,d2722109-c832-45ba-a1cd-28523c319250,Standard Selling Fee
13596,d2722109-c832-45ba-a1cd-28523c319250,Standard Selling Fee
13597,d2722109-c832-45ba-a1cd-28523c319250,Standard Selling Fee
13598,d2722109-c832-45ba-a1cd-28523c319250,Standard Selling Fee
13599,d2722109-c832-45ba-a1cd-28523c319250,Standard Selling Fee
13600,d2722109-c832-45ba-a1cd-28523c319250,Standard Selling Fee
13602,d2722109-c832-45ba-a1cd-28523c319250,Standard Selling Fee
13603,9ccfe96a-49ad-472d-95fb-3029dee54069,"Arts, Crafts & Sewing"
13604,d2722109-c832-45ba-a1cd-28523c319250,Standard Selling Fee
13605,d2722109-c832-45ba-a1cd-28523c319250,Standard Selling Fee
13606,d2722109-c832-45ba-a1cd-28523c319250,Standard Selling Fee
13607,d2722109-c832-45ba-a1cd-28523c319250,Standard Selling Fee
13608,d2722109-c832-45ba-a1cd-28523c319250,Standard Selling Fee
13609,9ccfe96a-49ad-472d-95fb-3029dee54069,"Arts, Crafts & Sewing"
13610,d2722109-c832-45ba-a1cd-28523c319250,Standard Selling Fee
13611,d2722109-c832-45ba-a1cd-28523c319250,Standard Selling Fee
13613,d2722109-c832-45ba-a1cd-28523c319250,Standard Selling Fee
13617,d2722109-c832-45ba-a1cd-28523c319250,Standard Selling Fee
13618,d2722109-c832-45ba-a1cd-28523c319250,Standard Selling Fee
13619,d2722109-c832-45ba-a1cd-28523c319250,Standard Selling Fee
13620,9ccfe96a-49ad-472d-95fb-3029dee54069,"Arts, Crafts & Sewing"
13621,d2722109-c832-45ba-a1cd-28523c319250,Standard Selling Fee
13622,d2722109-c832-45ba-a1cd-28523c319250,Standard Selling Fee
13625,d2722109-c832-45ba-a1cd-28523c319250,Standard Selling Fee
13626,d2722109-c832-45ba-a1cd-28523c319250,Standard Selling Fee
13628,d2722109-c832-45ba-a1cd-28523c319250,Standard Selling Fee
13629,d2722109-c832-45ba-a1cd-28523c319250,Standard Selling Fee
13631,d2722109-c832-45ba-a1cd-28523c319250,Standard Selling Fee
13632,d2722109-c832-45ba-a1cd-28523c319250,Standard Selling Fee
13633,d2722109-c832-45ba-a1cd-28523c319250,Standard Selling Fee
13634,d2722109-c832-45ba-a1cd-28523c319250,Standard Selling Fee
13635,d2722109-c832-45ba-a1cd-28523c319250,Standard Selling Fee
13636,d2722109-c832-45ba-a1cd-28523c319250,Standard Selling Fee
13637,d2722109-c832-45ba-a1cd-28523c319250,Standard Selling Fee
13638,d2722109-c832-45ba-a1cd-28523c319250,Standard Selling Fee
13639,9ccfe96a-82e7-4089-a9ff-f751e8c3cf93,DIY & Tools
13641,d2722109-c832-45ba-a1cd-28523c319250,Standard Selling Fee
13643,d2722109-c832-45ba-a1cd-28523c319250,Standard Selling Fee
13644,d2722109-c832-45ba-a1cd-28523c319250,Standard Selling Fee
13645,d2722109-c832-45ba-a1cd-28523c319250,Standard Selling Fee
13646,d2722109-c832-45ba-a1cd-28523c319250,Standard Selling Fee
13647,d2722109-c832-45ba-a1cd-28523c319250,Standard Selling Fee
13648,d2722109-c832-45ba-a1cd-28523c319250,Standard Selling Fee
13649,d2722109-c832-45ba-a1cd-28523c319250,Standard Selling Fee
13650,d2722109-c832-45ba-a1cd-28523c319250,Standard Selling Fee
13651,d2722109-c832-45ba-a1cd-28523c319250,Standard Selling Fee
13652,d2722109-c832-45ba-a1cd-28523c319250,Standard Selling Fee
13654,d2722109-c832-45ba-a1cd-28523c319250,Standard Selling Fee
13655,d2722109-c832-45ba-a1cd-28523c319250,Standard Selling Fee
13656,9ccfe96a-82e7-4089-a9ff-f751e8c3cf93,DIY & Tools
13662,d2722109-c832-45ba-a1cd-28523c319250,Standard Selling Fee
13666,d2722109-c832-45ba-a1cd-28523c319250,Standard Selling Fee
13668,d2722109-c832-45ba-a1cd-28523c319250,Standard Selling Fee
13671,d2722109-c832-45ba-a1cd-28523c319250,Standard Selling Fee
13677,d2722109-c832-45ba-a1cd-28523c319250,Standard Selling Fee
13680,d2722109-c832-45ba-a1cd-28523c319250,Standard Selling Fee
13683,d2722109-c832-45ba-a1cd-28523c319250,Standard Selling Fee
13687,d2722109-c832-45ba-a1cd-28523c319250,Standard Selling Fee
13689,d2722109-c832-45ba-a1cd-28523c319250,Standard Selling Fee
13692,9ccfe96a-49ad-472d-95fb-3029dee54069,"Arts, Crafts & Sewing"
13693,d2722109-c832-45ba-a1cd-28523c319250,Standard Selling Fee
13694,d2722109-c832-45ba-a1cd-28523c319250,Standard Selling Fee
13695,d2722109-c832-45ba-a1cd-28523c319250,Standard Selling Fee
13696,d2722109-c832-45ba-a1cd-28523c319250,Standard Selling Fee
13697,9ccfe96a-49ad-472d-95fb-3029dee54069,"Arts, Crafts & Sewing"
13698,d2722109-c832-45ba-a1cd-28523c319250,Standard Selling Fee
13700,d2722109-c832-45ba-a1cd-28523c319250,Standard Selling Fee
13702,d2722109-c832-45ba-a1cd-28523c319250,Standard Selling Fee
13703,d2722109-c832-45ba-a1cd-28523c319250,Standard Selling Fee
13704,d2722109-c832-45ba-a1cd-28523c319250,Standard Selling Fee
13705,d2722109-c832-45ba-a1cd-28523c319250,Standard Selling Fee
13709,d2722109-c832-45ba-a1cd-28523c319250,Standard Selling Fee
13712,d2722109-c832-45ba-a1cd-28523c319250,Standard Selling Fee
13715,d2722109-c832-45ba-a1cd-28523c319250,Standard Selling Fee
13716,d2722109-c832-45ba-a1cd-28523c319250,Standard Selling Fee
13717,d2722109-c832-45ba-a1cd-28523c319250,Standard Selling Fee
13718,d2722109-c832-45ba-a1cd-28523c319250,Standard Selling Fee
13719,d2722109-c832-45ba-a1cd-28523c319250,Standard Selling Fee
13720,d2722109-c832-45ba-a1cd-28523c319250,Standard Selling Fee
13721,d2722109-c832-45ba-a1cd-28523c319250,Standard Selling Fee
13722,d2722109-c832-45ba-a1cd-28523c319250,Standard Selling Fee
13728,d2722109-c832-45ba-a1cd-28523c319250,Standard Selling Fee
13729,d2722109-c832-45ba-a1cd-28523c319250,Standard Selling Fee
13730,d2722109-c832-45ba-a1cd-28523c319250,Standard Selling Fee
13731,d2722109-c832-45ba-a1cd-28523c319250,Standard Selling Fee
13732,d2722109-c832-45ba-a1cd-28523c319250,Standard Selling Fee
13734,d2722109-c832-45ba-a1cd-28523c319250,Standard Selling Fee
13735,d2722109-c832-45ba-a1cd-28523c319250,Standard Selling Fee
13736,d2722109-c832-45ba-a1cd-28523c319250,Standard Selling Fee
13737,d2722109-c832-45ba-a1cd-28523c319250,Standard Selling Fee
13738,d2722109-c832-45ba-a1cd-28523c319250,Standard Selling Fee
13739,d2722109-c832-45ba-a1cd-28523c319250,Standard Selling Fee
13740,d2722109-c832-45ba-a1cd-28523c319250,Standard Selling Fee
13741,d2722109-c832-45ba-a1cd-28523c319250,Standard Selling Fee
13742,d2722109-c832-45ba-a1cd-28523c319250,Standard Selling Fee
13743,d2722109-c832-45ba-a1cd-28523c319250,Standard Selling Fee
13744,d2722109-c832-45ba-a1cd-28523c319250,Standard Selling Fee
13746,d2722109-c832-45ba-a1cd-28523c319250,Standard Selling Fee
13748,d2722109-c832-45ba-a1cd-28523c319250,Standard Selling Fee
13749,d2722109-c832-45ba-a1cd-28523c319250,Standard Selling Fee
13750,d2722109-c832-45ba-a1cd-28523c319250,Standard Selling Fee
13751,d2722109-c832-45ba-a1cd-28523c319250,Standard Selling Fee
13752,d2722109-c832-45ba-a1cd-28523c319250,Standard Selling Fee
13753,d2722109-c832-45ba-a1cd-28523c319250,Standard Selling Fee
13754,d2722109-c832-45ba-a1cd-28523c319250,Standard Selling Fee
13755,d2722109-c832-45ba-a1cd-28523c319250,Standard Selling Fee
13756,d2722109-c832-45ba-a1cd-28523c319250,Standard Selling Fee
13757,d2722109-c832-45ba-a1cd-28523c319250,Standard Selling Fee
13758,d2722109-c832-45ba-a1cd-28523c319250,Standard Selling Fee
13759,d2722109-c832-45ba-a1cd-28523c319250,Standard Selling Fee
13760,d2722109-c832-45ba-a1cd-28523c319250,Standard Selling Fee
13761,d2722109-c832-45ba-a1cd-28523c319250,Standard Selling Fee
13763,d2722109-c832-45ba-a1cd-28523c319250,Standard Selling Fee
13764,d2722109-c832-45ba-a1cd-28523c319250,Standard Selling Fee
13765,d2722109-c832-45ba-a1cd-28523c319250,Standard Selling Fee
13766,d2722109-c832-45ba-a1cd-28523c319250,Standard Selling Fee
13767,d2722109-c832-45ba-a1cd-28523c319250,Standard Selling Fee
13768,d2722109-c832-45ba-a1cd-28523c319250,Standard Selling Fee
13769,d2722109-c832-45ba-a1cd-28523c319250,Standard Selling Fee
13770,d2722109-c832-45ba-a1cd-28523c319250,Standard Selling Fee
13771,d2722109-c832-45ba-a1cd-28523c319250,Standard Selling Fee
13772,d2722109-c832-45ba-a1cd-28523c319250,Standard Selling Fee
13773,d2722109-c832-45ba-a1cd-28523c319250,Standard Selling Fee
13774,d2722109-c832-45ba-a1cd-28523c319250,Standard Selling Fee
13775,d2722109-c832-45ba-a1cd-28523c319250,Standard Selling Fee
13776,d2722109-c832-45ba-a1cd-28523c319250,Standard Selling Fee
13777,d2722109-c832-45ba-a1cd-28523c319250,Standard Selling Fee
13778,d2722109-c832-45ba-a1cd-28523c319250,Standard Selling Fee
13781,d2722109-c832-45ba-a1cd-28523c319250,Standard Selling Fee
13782,d2722109-c832-45ba-a1cd-28523c319250,Standard Selling Fee
13783,9ccfe96a-49ad-472d-95fb-3029dee54069,"Arts, Crafts & Sewing"
13784,d2722109-c832-45ba-a1cd-28523c319250,Standard Selling Fee
13785,d2722109-c832-45ba-a1cd-28523c319250,Standard Selling Fee
13786,d2722109-c832-45ba-a1cd-28523c319250,Standard Selling Fee
13787,d2722109-c832-45ba-a1cd-28523c319250,Standard Selling Fee
13788,d2722109-c832-45ba-a1cd-28523c319250,Standard Selling Fee
13789,9ccfe96a-49ad-472d-95fb-3029dee54069,"Arts, Crafts & Sewing"
13790,d2722109-c832-45ba-a1cd-28523c319250,Standard Selling Fee
13791,d2722109-c832-45ba-a1cd-28523c319250,Standard Selling Fee
13792,d2722109-c832-45ba-a1cd-28523c319250,Standard Selling Fee
13794,9ccfe96a-49ad-472d-95fb-3029dee54069,"Arts, Crafts & Sewing"
13795,9ccfe96a-49ad-472d-95fb-3029dee54069,"Arts, Crafts & Sewing"
13796,d2722109-c832-45ba-a1cd-28523c319250,Standard Selling Fee
13797,d2722109-c832-45ba-a1cd-28523c319250,Standard Selling Fee
13798,d2722109-c832-45ba-a1cd-28523c319250,Standard Selling Fee
13800,d2722109-c832-45ba-a1cd-28523c319250,Standard Selling Fee
13801,d2722109-c832-45ba-a1cd-28523c319250,Standard Selling Fee
13803,d2722109-c832-45ba-a1cd-28523c319250,Standard Selling Fee
13804,d2722109-c832-45ba-a1cd-28523c319250,Standard Selling Fee
13805,d2722109-c832-45ba-a1cd-28523c319250,Standard Selling Fee
13807,d2722109-c832-45ba-a1cd-28523c319250,Standard Selling Fee
13809,d2722109-c832-45ba-a1cd-28523c319250,Standard Selling Fee
13810,d2722109-c832-45ba-a1cd-28523c319250,Standard Selling Fee
13811,d2722109-c832-45ba-a1cd-28523c319250,Standard Selling Fee
13812,d2722109-c832-45ba-a1cd-28523c319250,Standard Selling Fee
13813,d2722109-c832-45ba-a1cd-28523c319250,Standard Selling Fee
13815,d2722109-c832-45ba-a1cd-28523c319250,Standard Selling Fee
13818,d2722109-c832-45ba-a1cd-28523c319250,Standard Selling Fee
13819,d2722109-c832-45ba-a1cd-28523c319250,Standard Selling Fee
13820,d2722109-c832-45ba-a1cd-28523c319250,Standard Selling Fee
13821,d2722109-c832-45ba-a1cd-28523c319250,Standard Selling Fee
13822,d2722109-c832-45ba-a1cd-28523c319250,Standard Selling Fee
13823,d2722109-c832-45ba-a1cd-28523c319250,Standard Selling Fee
13824,d2722109-c832-45ba-a1cd-28523c319250,Standard Selling Fee
13825,d2722109-c832-45ba-a1cd-28523c319250,Standard Selling Fee
13826,d2722109-c832-45ba-a1cd-28523c319250,Standard Selling Fee
13827,d2722109-c832-45ba-a1cd-28523c319250,Standard Selling Fee
13828,d2722109-c832-45ba-a1cd-28523c319250,Standard Selling Fee
13833,d2722109-c832-45ba-a1cd-28523c319250,Standard Selling Fee
13835,d2722109-c832-45ba-a1cd-28523c319250,Standard Selling Fee
13836,d2722109-c832-45ba-a1cd-28523c319250,Standard Selling Fee
13837,d2722109-c832-45ba-a1cd-28523c319250,Standard Selling Fee
13839,d2722109-c832-45ba-a1cd-28523c319250,Standard Selling Fee
13840,d2722109-c832-45ba-a1cd-28523c319250,Standard Selling Fee
13841,d2722109-c832-45ba-a1cd-28523c319250,Standard Selling Fee
13842,9ccfe96a-49ad-472d-95fb-3029dee54069,"Arts, Crafts & Sewing"
13843,d2722109-c832-45ba-a1cd-28523c319250,Standard Selling Fee
13844,9ccfe96a-623c-4100-91b2-a5e7982b13a6,"Business, Office & Industrial Supplies"
13845,d2722109-c832-45ba-a1cd-28523c319250,Standard Selling Fee
13846,d2722109-c832-45ba-a1cd-28523c319250,Standard Selling Fee
13847,d2722109-c832-45ba-a1cd-28523c319250,Standard Selling Fee
13848,d2722109-c832-45ba-a1cd-28523c319250,Standard Selling Fee
13849,d2722109-c832-45ba-a1cd-28523c319250,Standard Selling Fee
13854,d2722109-c832-45ba-a1cd-28523c319250,Standard Selling Fee
13855,d2722109-c832-45ba-a1cd-28523c319250,Standard Selling Fee
13857,d2722109-c832-45ba-a1cd-28523c319250,Standard Selling Fee
13858,d2722109-c832-45ba-a1cd-28523c319250,Standard Selling Fee
13859,d2722109-c832-45ba-a1cd-28523c319250,Standard Selling Fee
13860,d2722109-c832-45ba-a1cd-28523c319250,Standard Selling Fee
13861,d2722109-c832-45ba-a1cd-28523c319250,Standard Selling Fee
13862,d2722109-c832-45ba-a1cd-28523c319250,Standard Selling Fee
13863,d2722109-c832-45ba-a1cd-28523c319250,Standard Selling Fee
13864,d2722109-c832-45ba-a1cd-28523c319250,Standard Selling Fee
13865,d2722109-c832-45ba-a1cd-28523c319250,Standard Selling Fee
13866,d2722109-c832-45ba-a1cd-28523c319250,Standard Selling Fee
13867,d2722109-c832-45ba-a1cd-28523c319250,Standard Selling Fee
13868,d2722109-c832-45ba-a1cd-28523c319250,Standard Selling Fee
13869,d2722109-c832-45ba-a1cd-28523c319250,Standard Selling Fee
13870,d2722109-c832-45ba-a1cd-28523c319250,Standard Selling Fee
13871,d2722109-c832-45ba-a1cd-28523c319250,Standard Selling Fee
13872,d2722109-c832-45ba-a1cd-28523c319250,Standard Selling Fee
13873,d2722109-c832-45ba-a1cd-28523c319250,Standard Selling Fee
13874,d2722109-c832-45ba-a1cd-28523c319250,Standard Selling Fee
13875,d2722109-c832-45ba-a1cd-28523c319250,Standard Selling Fee
13876,d2722109-c832-45ba-a1cd-28523c319250,Standard Selling Fee
13877,d2722109-c832-45ba-a1cd-28523c319250,Standard Selling Fee
13878,d2722109-c832-45ba-a1cd-28523c319250,Standard Selling Fee
13879,d2722109-c832-45ba-a1cd-28523c319250,Standard Selling Fee
13880,d2722109-c832-45ba-a1cd-28523c319250,Standard Selling Fee
13881,d2722109-c832-45ba-a1cd-28523c319250,Standard Selling Fee
13882,d2722109-c832-45ba-a1cd-28523c319250,Standard Selling Fee
13883,d2722109-c832-45ba-a1cd-28523c319250,Standard Selling Fee
13884,d2722109-c832-45ba-a1cd-28523c319250,Standard Selling Fee
13885,d2722109-c832-45ba-a1cd-28523c319250,Standard Selling Fee
13886,d2722109-c832-45ba-a1cd-28523c319250,Standard Selling Fee
13887,d2722109-c832-45ba-a1cd-28523c319250,Standard Selling Fee
13888,d2722109-c832-45ba-a1cd-28523c319250,Standard Selling Fee
13891,9ccfe96a-49ad-472d-95fb-3029dee54069,"Arts, Crafts & Sewing"
13892,d2722109-c832-45ba-a1cd-28523c319250,Standard Selling Fee
13893,d2722109-c832-45ba-a1cd-28523c319250,Standard Selling Fee
13894,d2722109-c832-45ba-a1cd-28523c319250,Standard Selling Fee
13895,d2722109-c832-45ba-a1cd-28523c319250,Standard Selling Fee
13896,d2722109-c832-45ba-a1cd-28523c319250,Standard Selling Fee
13898,d2722109-c832-45ba-a1cd-28523c319250,Standard Selling Fee
13900,d2722109-c832-45ba-a1cd-28523c319250,Standard Selling Fee
13915,d2722109-c832-45ba-a1cd-28523c319250,Standard Selling Fee
13916,d2722109-c832-45ba-a1cd-28523c319250,Standard Selling Fee
13917,d2722109-c832-45ba-a1cd-28523c319250,Standard Selling Fee
13918,d2722109-c832-45ba-a1cd-28523c319250,Standard Selling Fee
13919,d2722109-c832-45ba-a1cd-28523c319250,Standard Selling Fee
13920,d2722109-c832-45ba-a1cd-28523c319250,Standard Selling Fee
13921,d2722109-c832-45ba-a1cd-28523c319250,Standard Selling Fee
13922,d2722109-c832-45ba-a1cd-28523c319250,Standard Selling Fee
13923,d2722109-c832-45ba-a1cd-28523c319250,Standard Selling Fee
13924,d2722109-c832-45ba-a1cd-28523c319250,Standard Selling Fee
13925,d2722109-c832-45ba-a1cd-28523c319250,Standard Selling Fee
13927,d2722109-c832-45ba-a1cd-28523c319250,Standard Selling Fee
13928,d2722109-c832-45ba-a1cd-28523c319250,Standard Selling Fee
13929,d2722109-c832-45ba-a1cd-28523c319250,Standard Selling Fee
13930,d2722109-c832-45ba-a1cd-28523c319250,Standard Selling Fee
13936,d2722109-c832-45ba-a1cd-28523c319250,Standard Selling Fee
13937,d2722109-c832-45ba-a1cd-28523c319250,Standard Selling Fee
13938,d2722109-c832-45ba-a1cd-28523c319250,Standard Selling Fee
13939,d2722109-c832-45ba-a1cd-28523c319250,Standard Selling Fee
13940,d2722109-c832-45ba-a1cd-28523c319250,Standard Selling Fee
13941,d2722109-c832-45ba-a1cd-28523c319250,Standard Selling Fee
13942,d2722109-c832-45ba-a1cd-28523c319250,Standard Selling Fee
13944,d2722109-c832-45ba-a1cd-28523c319250,Standard Selling Fee
13946,d2722109-c832-45ba-a1cd-28523c319250,Standard Selling Fee
13947,d2722109-c832-45ba-a1cd-28523c319250,Standard Selling Fee
13948,d2722109-c832-45ba-a1cd-28523c319250,Standard Selling Fee
13949,d2722109-c832-45ba-a1cd-28523c319250,Standard Selling Fee
13950,d2722109-c832-45ba-a1cd-28523c319250,Standard Selling Fee
13951,d2722109-c832-45ba-a1cd-28523c319250,Standard Selling Fee
13953,d2722109-c832-45ba-a1cd-28523c319250,Standard Selling Fee
13954,d2722109-c832-45ba-a1cd-28523c319250,Standard Selling Fee
13955,d2722109-c832-45ba-a1cd-28523c319250,Standard Selling Fee
13956,d2722109-c832-45ba-a1cd-28523c319250,Standard Selling Fee
13957,d2722109-c832-45ba-a1cd-28523c319250,Standard Selling Fee
13958,d2722109-c832-45ba-a1cd-28523c319250,Standard Selling Fee
13959,d2722109-c832-45ba-a1cd-28523c319250,Standard Selling Fee
13960,d2722109-c832-45ba-a1cd-28523c319250,Standard Selling Fee
13963,d2722109-c832-45ba-a1cd-28523c319250,Standard Selling Fee
13965,d2722109-c832-45ba-a1cd-28523c319250,Standard Selling Fee
13989,d2722109-c832-45ba-a1cd-28523c319250,Standard Selling Fee
13990,d2722109-c832-45ba-a1cd-28523c319250,Standard Selling Fee
13991,d2722109-c832-45ba-a1cd-28523c319250,Standard Selling Fee
13992,d2722109-c832-45ba-a1cd-28523c319250,Standard Selling Fee
13994,d2722109-c832-45ba-a1cd-28523c319250,Standard Selling Fee
13995,d2722109-c832-45ba-a1cd-28523c319250,Standard Selling Fee
13996,d2722109-c832-45ba-a1cd-28523c319250,Standard Selling Fee
13997,d2722109-c832-45ba-a1cd-28523c319250,Standard Selling Fee
14000,d2722109-c832-45ba-a1cd-28523c319250,Standard Selling Fee
14001,d2722109-c832-45ba-a1cd-28523c319250,Standard Selling Fee
14002,d2722109-c832-45ba-a1cd-28523c319250,Standard Selling Fee
14003,d2722109-c832-45ba-a1cd-28523c319250,Standard Selling Fee
14016,d2722109-c832-45ba-a1cd-28523c319250,Standard Selling Fee
14022,d2722109-c832-45ba-a1cd-28523c319250,Standard Selling Fee
14023,d2722109-c832-45ba-a1cd-28523c319250,Standard Selling Fee
14025,d2722109-c832-45ba-a1cd-28523c319250,Standard Selling Fee
14026,d2722109-c832-45ba-a1cd-28523c319250,Standard Selling Fee
14027,d2722109-c832-45ba-a1cd-28523c319250,Standard Selling Fee
14028,d2722109-c832-45ba-a1cd-28523c319250,Standard Selling Fee
14029,d2722109-c832-45ba-a1cd-28523c319250,Standard Selling Fee
14030,d2722109-c832-45ba-a1cd-28523c319250,Standard Selling Fee
14031,d2722109-c832-45ba-a1cd-28523c319250,Standard Selling Fee
14032,d2722109-c832-45ba-a1cd-28523c319250,Standard Selling Fee
14033,d2722109-c832-45ba-a1cd-28523c319250,Standard Selling Fee
14034,d2722109-c832-45ba-a1cd-28523c319250,Standard Selling Fee
14035,d2722109-c832-45ba-a1cd-28523c319250,Standard Selling Fee
14036,d2722109-c832-45ba-a1cd-28523c319250,Standard Selling Fee
14037,d2722109-c832-45ba-a1cd-28523c319250,Standard Selling Fee
14038,d2722109-c832-45ba-a1cd-28523c319250,Standard Selling Fee
14040,d2722109-c832-45ba-a1cd-28523c319250,Standard Selling Fee
14041,d2722109-c832-45ba-a1cd-28523c319250,Standard Selling Fee
14042,d2722109-c832-45ba-a1cd-28523c319250,Standard Selling Fee
14043,9ccfe96a-c425-4fd4-afa4-31a6fec9e365,Power Tools
14044,d2722109-c832-45ba-a1cd-28523c319250,Standard Selling Fee
14045,9ccfe96a-c425-4fd4-afa4-31a6fec9e365,Power Tools
14046,9ccfe96a-c425-4fd4-afa4-31a6fec9e365,Power Tools
14047,d2722109-c832-45ba-a1cd-28523c319250,Standard Selling Fee
14048,d2722109-c832-45ba-a1cd-28523c319250,Standard Selling Fee
14049,d2722109-c832-45ba-a1cd-28523c319250,Standard Selling Fee
14050,d2722109-c832-45ba-a1cd-28523c319250,Standard Selling Fee
14052,d2722109-c832-45ba-a1cd-28523c319250,Standard Selling Fee
14053,d2722109-c832-45ba-a1cd-28523c319250,Standard Selling Fee
14055,d2722109-c832-45ba-a1cd-28523c319250,Standard Selling Fee
14056,d2722109-c832-45ba-a1cd-28523c319250,Standard Selling Fee
14057,d2722109-c832-45ba-a1cd-28523c319250,Standard Selling Fee
14058,d2722109-c832-45ba-a1cd-28523c319250,Standard Selling Fee
14059,d2722109-c832-45ba-a1cd-28523c319250,Standard Selling Fee
14060,d2722109-c832-45ba-a1cd-28523c319250,Standard Selling Fee
14061,d2722109-c832-45ba-a1cd-28523c319250,Standard Selling Fee
14062,d2722109-c832-45ba-a1cd-28523c319250,Standard Selling Fee
14063,d2722109-c832-45ba-a1cd-28523c319250,Standard Selling Fee
14064,d2722109-c832-45ba-a1cd-28523c319250,Standard Selling Fee
14065,d2722109-c832-45ba-a1cd-28523c319250,Standard Selling Fee
14066,d2722109-c832-45ba-a1cd-28523c319250,Standard Selling Fee
14067,d2722109-c832-45ba-a1cd-28523c319250,Standard Selling Fee
14068,d2722109-c832-45ba-a1cd-28523c319250,Standard Selling Fee
14069,d2722109-c832-45ba-a1cd-28523c319250,Standard Selling Fee
14070,d2722109-c832-45ba-a1cd-28523c319250,Standard Selling Fee
14071,d2722109-c832-45ba-a1cd-28523c319250,Standard Selling Fee
14072,d2722109-c832-45ba-a1cd-28523c319250,Standard Selling Fee
14073,d2722109-c832-45ba-a1cd-28523c319250,Standard Selling Fee
14074,d2722109-c832-45ba-a1cd-28523c319250,Standard Selling Fee
14075,d2722109-c832-45ba-a1cd-28523c319250,Standard Selling Fee
14076,d2722109-c832-45ba-a1cd-28523c319250,Standard Selling Fee
14077,d2722109-c832-45ba-a1cd-28523c319250,Standard Selling Fee
14078,d2722109-c832-45ba-a1cd-28523c319250,Standard Selling Fee
14081,d2722109-c832-45ba-a1cd-28523c319250,Standard Selling Fee
14082,d2722109-c832-45ba-a1cd-28523c319250,Standard Selling Fee
14083,d2722109-c832-45ba-a1cd-28523c319250,Standard Selling Fee
14085,d2722109-c832-45ba-a1cd-28523c319250,Standard Selling Fee
14088,d2722109-c832-45ba-a1cd-28523c319250,Standard Selling Fee
14092,d2722109-c832-45ba-a1cd-28523c319250,Standard Selling Fee
14093,d2722109-c832-45ba-a1cd-28523c319250,Standard Selling Fee
14094,d2722109-c832-45ba-a1cd-28523c319250,Standard Selling Fee
14095,d2722109-c832-45ba-a1cd-28523c319250,Standard Selling Fee
14096,d2722109-c832-45ba-a1cd-28523c319250,Standard Selling Fee
14098,d2722109-c832-45ba-a1cd-28523c319250,Standard Selling Fee
14099,d2722109-c832-45ba-a1cd-28523c319250,Standard Selling Fee
14100,d2722109-c832-45ba-a1cd-28523c319250,Standard Selling Fee
14101,d2722109-c832-45ba-a1cd-28523c319250,Standard Selling Fee
14103,d2722109-c832-45ba-a1cd-28523c319250,Standard Selling Fee
14104,d2722109-c832-45ba-a1cd-28523c319250,Standard Selling Fee
14105,d2722109-c832-45ba-a1cd-28523c319250,Standard Selling Fee
14107,d2722109-c832-45ba-a1cd-28523c319250,Standard Selling Fee
14108,d2722109-c832-45ba-a1cd-28523c319250,Standard Selling Fee
14109,d2722109-c832-45ba-a1cd-28523c319250,Standard Selling Fee
14110,d2722109-c832-45ba-a1cd-28523c319250,Standard Selling Fee
14111,d2722109-c832-45ba-a1cd-28523c319250,Standard Selling Fee
14112,d2722109-c832-45ba-a1cd-28523c319250,Standard Selling Fee
14113,d2722109-c832-45ba-a1cd-28523c319250,Standard Selling Fee
14114,d2722109-c832-45ba-a1cd-28523c319250,Standard Selling Fee
14115,d2722109-c832-45ba-a1cd-28523c319250,Standard Selling Fee
14116,d2722109-c832-45ba-a1cd-28523c319250,Standard Selling Fee
14117,d2722109-c832-45ba-a1cd-28523c319250,Standard Selling Fee
14118,9ccfe96a-49ad-472d-95fb-3029dee54069,"Arts, Crafts & Sewing"
14119,d2722109-c832-45ba-a1cd-28523c319250,Standard Selling Fee
14120,d2722109-c832-45ba-a1cd-28523c319250,Standard Selling Fee
14121,d2722109-c832-45ba-a1cd-28523c319250,Standard Selling Fee
14122,d2722109-c832-45ba-a1cd-28523c319250,Standard Selling Fee
14123,d2722109-c832-45ba-a1cd-28523c319250,Standard Selling Fee
14124,d2722109-c832-45ba-a1cd-28523c319250,Standard Selling Fee
14125,d2722109-c832-45ba-a1cd-28523c319250,Standard Selling Fee
14126,d2722109-c832-45ba-a1cd-28523c319250,Standard Selling Fee
14127,d2722109-c832-45ba-a1cd-28523c319250,Standard Selling Fee
14128,d2722109-c832-45ba-a1cd-28523c319250,Standard Selling Fee
14141,9ccfe96a-49ad-472d-95fb-3029dee54069,"Arts, Crafts & Sewing"
14142,d2722109-c832-45ba-a1cd-28523c319250,Standard Selling Fee
14143,d2722109-c832-45ba-a1cd-28523c319250,Standard Selling Fee
14144,d2722109-c832-45ba-a1cd-28523c319250,Standard Selling Fee
14145,d2722109-c832-45ba-a1cd-28523c319250,Standard Selling Fee
14146,d2722109-c832-45ba-a1cd-28523c319250,Standard Selling Fee
14147,d2722109-c832-45ba-a1cd-28523c319250,Standard Selling Fee
14148,d2722109-c832-45ba-a1cd-28523c319250,Standard Selling Fee
14149,d2722109-c832-45ba-a1cd-28523c319250,Standard Selling Fee
14150,d2722109-c832-45ba-a1cd-28523c319250,Standard Selling Fee
14151,d2722109-c832-45ba-a1cd-28523c319250,Standard Selling Fee
14152,d2722109-c832-45ba-a1cd-28523c319250,Standard Selling Fee
14153,d2722109-c832-45ba-a1cd-28523c319250,Standard Selling Fee
14154,d2722109-c832-45ba-a1cd-28523c319250,Standard Selling Fee
14156,d2722109-c832-45ba-a1cd-28523c319250,Standard Selling Fee
14157,d2722109-c832-45ba-a1cd-28523c319250,Standard Selling Fee
14162,d2722109-c832-45ba-a1cd-28523c319250,Standard Selling Fee
14163,d2722109-c832-45ba-a1cd-28523c319250,Standard Selling Fee
14164,d2722109-c832-45ba-a1cd-28523c319250,Standard Selling Fee
14165,d2722109-c832-45ba-a1cd-28523c319250,Standard Selling Fee
14166,d2722109-c832-45ba-a1cd-28523c319250,Standard Selling Fee
14167,d2722109-c832-45ba-a1cd-28523c319250,Standard Selling Fee
14168,d2722109-c832-45ba-a1cd-28523c319250,Standard Selling Fee
14169,d2722109-c832-45ba-a1cd-28523c319250,Standard Selling Fee
14171,9ccfe96a-49ad-472d-95fb-3029dee54069,"Arts, Crafts & Sewing"
14172,9ccfe96a-82e7-4089-a9ff-f751e8c3cf93,DIY & Tools
14173,9ccfe96a-82e7-4089-a9ff-f751e8c3cf93,DIY & Tools
14174,9ccfe96a-82e7-4089-a9ff-f751e8c3cf93,DIY & Tools
14175,9ccfe96a-82e7-4089-a9ff-f751e8c3cf93,DIY & Tools
14176,9ccfe96a-82e7-4089-a9ff-f751e8c3cf93,DIY & Tools
14177,9ccfe96a-82e7-4089-a9ff-f751e8c3cf93,DIY & Tools
14178,9ccfe96a-82e7-4089-a9ff-f751e8c3cf93,DIY & Tools
14179,9ccfe96a-82e7-4089-a9ff-f751e8c3cf93,DIY & Tools
14180,9ccfe96a-82e7-4089-a9ff-f751e8c3cf93,DIY & Tools
14182,d2722109-c832-45ba-a1cd-28523c319250,Standard Selling Fee
14183,d2722109-c832-45ba-a1cd-28523c319250,Standard Selling Fee
14184,d2722109-c832-45ba-a1cd-28523c319250,Standard Selling Fee
14185,d2722109-c832-45ba-a1cd-28523c319250,Standard Selling Fee
14186,d2722109-c832-45ba-a1cd-28523c319250,Standard Selling Fee
14195,d2722109-c832-45ba-a1cd-28523c319250,Standard Selling Fee
14208,d2722109-c832-45ba-a1cd-28523c319250,Standard Selling Fee
14209,d2722109-c832-45ba-a1cd-28523c319250,Standard Selling Fee
14220,9ccfe96a-49ad-472d-95fb-3029dee54069,"Arts, Crafts & Sewing"
14221,9ccfe96a-aca6-4382-98d2-a69f6be78bd6,"Beer, Wine & Spirits"
14223,9ccfe96a-aca6-4382-98d2-a69f6be78bd6,"Beer, Wine & Spirits"
14224,9ccfe96a-aca6-4382-98d2-a69f6be78bd6,"Beer, Wine & Spirits"
14225,9ccfe96a-aca6-4382-98d2-a69f6be78bd6,"Beer, Wine & Spirits"
14226,9ccfe96a-aca6-4382-98d2-a69f6be78bd6,"Beer, Wine & Spirits"
14227,9ccfe96a-aca6-4382-98d2-a69f6be78bd6,"Beer, Wine & Spirits"
14228,9ccfe96a-aca6-4382-98d2-a69f6be78bd6,"Beer, Wine & Spirits"
14229,9ccfe96a-aca6-4382-98d2-a69f6be78bd6,"Beer, Wine & Spirits"
14230,9ccfe96a-aca6-4382-98d2-a69f6be78bd6,"Beer, Wine & Spirits"
14231,9ccfe96a-aca6-4382-98d2-a69f6be78bd6,"Beer, Wine & Spirits"
14232,9ccfe96a-aca6-4382-98d2-a69f6be78bd6,"Beer, Wine & Spirits"
14233,9ccfe96a-aca6-4382-98d2-a69f6be78bd6,"Beer, Wine & Spirits"
14234,9ccfe96a-aca6-4382-98d2-a69f6be78bd6,"Beer, Wine & Spirits"
14235,9ccfe96a-aca6-4382-98d2-a69f6be78bd6,"Beer, Wine & Spirits"
14236,9ccfe96a-aca6-4382-98d2-a69f6be78bd6,"Beer, Wine & Spirits"
14237,9ccfe96a-aca6-4382-98d2-a69f6be78bd6,"Beer, Wine & Spirits"
14239,9ccfe96a-aca6-4382-98d2-a69f6be78bd6,"Beer, Wine & Spirits"
14240,9ccfe96a-aca6-4382-98d2-a69f6be78bd6,"Beer, Wine & Spirits"
14242,9ccfe96a-aca6-4382-98d2-a69f6be78bd6,"Beer, Wine & Spirits"
14244,9ccfe96a-aca6-4382-98d2-a69f6be78bd6,"Beer, Wine & Spirits"
14245,9ccfe96a-aca6-4382-98d2-a69f6be78bd6,"Beer, Wine & Spirits"
14246,9ccfe96a-aca6-4382-98d2-a69f6be78bd6,"Beer, Wine & Spirits"
14247,9ccfe96a-aca6-4382-98d2-a69f6be78bd6,"Beer, Wine & Spirits"
14248,9ccfe96a-aca6-4382-98d2-a69f6be78bd6,"Beer, Wine & Spirits"
14249,9ccfe96a-aca6-4382-98d2-a69f6be78bd6,"Beer, Wine & Spirits"
14250,9ccfe96a-aca6-4382-98d2-a69f6be78bd6,"Beer, Wine & Spirits"
14251,9ccfe96a-aca6-4382-98d2-a69f6be78bd6,"Beer, Wine & Spirits"
14253,9ccfe96a-aca6-4382-98d2-a69f6be78bd6,"Beer, Wine & Spirits"
14255,d2722109-c832-45ba-a1cd-28523c319250,Standard Selling Fee
14256,9ccfe96a-a45d-4968-a35b-f1287d2c4bc9,Food & Drink
14257,d2722109-c832-45ba-a1cd-28523c319250,Standard Selling Fee
14258,d2722109-c832-45ba-a1cd-28523c319250,Standard Selling Fee
14259,9ccfe96a-a45d-4968-a35b-f1287d2c4bc9,Food & Drink
14261,9ccfe96a-49ad-472d-95fb-3029dee54069,"Arts, Crafts & Sewing"
14262,9ccfe96a-49ad-472d-95fb-3029dee54069,"Arts, Crafts & Sewing"
14263,d2722109-c832-45ba-a1cd-28523c319250,Standard Selling Fee
14264,d2722109-c832-45ba-a1cd-28523c319250,Standard Selling Fee
14265,d2722109-c832-45ba-a1cd-28523c319250,Standard Selling Fee
14266,d2722109-c832-45ba-a1cd-28523c319250,Standard Selling Fee
14267,d2722109-c832-45ba-a1cd-28523c319250,Standard Selling Fee
14268,d2722109-c832-45ba-a1cd-28523c319250,Standard Selling Fee
14270,d2722109-c832-45ba-a1cd-28523c319250,Standard Selling Fee
14273,d2722109-c832-45ba-a1cd-28523c319250,Standard Selling Fee
14279,d2722109-c832-45ba-a1cd-28523c319250,Standard Selling Fee
14280,d2722109-c832-45ba-a1cd-28523c319250,Standard Selling Fee
14281,d2722109-c832-45ba-a1cd-28523c319250,Standard Selling Fee
14282,d2722109-c832-45ba-a1cd-28523c319250,Standard Selling Fee
14283,d2722109-c832-45ba-a1cd-28523c319250,Standard Selling Fee
14284,d2722109-c832-45ba-a1cd-28523c319250,Standard Selling Fee
14285,d2722109-c832-45ba-a1cd-28523c319250,Standard Selling Fee
14286,d2722109-c832-45ba-a1cd-28523c319250,Standard Selling Fee
14287,d2722109-c832-45ba-a1cd-28523c319250,Standard Selling Fee
14288,d2722109-c832-45ba-a1cd-28523c319250,Standard Selling Fee
14289,d2722109-c832-45ba-a1cd-28523c319250,Standard Selling Fee
14290,d2722109-c832-45ba-a1cd-28523c319250,Standard Selling Fee
14291,d2722109-c832-45ba-a1cd-28523c319250,Standard Selling Fee
14292,d2722109-c832-45ba-a1cd-28523c319250,Standard Selling Fee
14329,9ccfe96a-49ad-472d-95fb-3029dee54069,"Arts, Crafts & Sewing"
14330,9ccfe96a-82e7-4089-a9ff-f751e8c3cf93,DIY & Tools
14331,9ccfe96a-82e7-4089-a9ff-f751e8c3cf93,DIY & Tools
14332,9ccfe96a-82e7-4089-a9ff-f751e8c3cf93,DIY & Tools
14712,d2722109-c832-45ba-a1cd-28523c319250,Standard Selling Fee
15422,d2722109-c832-45ba-a1cd-28523c319250,Standard Selling Fee
15424,9ccfe96a-ec6d-4a22-8a0b-797a283969ec,Games Consoles
15601,d2722109-c832-45ba-a1cd-28523c319250,Standard Selling Fee
15602,d2722109-c832-45ba-a1cd-28523c319250,Standard Selling Fee
15608,d2722109-c832-45ba-a1cd-28523c319250,Standard Selling Fee
16091,d2722109-c832-45ba-a1cd-28523c319250,Standard Selling Fee
16100,d2722109-c832-45ba-a1cd-28523c319250,Standard Selling Fee
16103,d2722109-c832-45ba-a1cd-28523c319250,Standard Selling Fee
16104,d2722109-c832-45ba-a1cd-28523c319250,Standard Selling Fee
16105,d2722109-c832-45ba-a1cd-28523c319250,Standard Selling Fee
16107,d2722109-c832-45ba-a1cd-28523c319250,Standard Selling Fee
16108,d2722109-c832-45ba-a1cd-28523c319250,Standard Selling Fee
16110,d2722109-c832-45ba-a1cd-28523c319250,Standard Selling Fee
16111,d2722109-c832-45ba-a1cd-28523c319250,Standard Selling Fee
16112,9ccfe96a-49ad-472d-95fb-3029dee54069,"Arts, Crafts & Sewing"
16113,9ccfe96a-6a76-4522-8337-bea4f660a8ce,Consumer Electronics
16114,d2722109-c832-45ba-a1cd-28523c319250,Standard Selling Fee
16117,d2722109-c832-45ba-a1cd-28523c319250,Standard Selling Fee
16121,d2722109-c832-45ba-a1cd-28523c319250,Standard Selling Fee
16122,d2722109-c832-45ba-a1cd-28523c319250,Standard Selling Fee
16123,d2722109-c832-45ba-a1cd-28523c319250,Standard Selling Fee
16124,d2722109-c832-45ba-a1cd-28523c319250,Standard Selling Fee
16125,d2722109-c832-45ba-a1cd-28523c319250,Standard Selling Fee
16127,9ccfe96a-6a76-4522-8337-bea4f660a8ce,Consumer Electronics
16137,d2722109-c832-45ba-a1cd-28523c319250,Standard Selling Fee
16138,d2722109-c832-45ba-a1cd-28523c319250,Standard Selling Fee
16139,d2722109-c832-45ba-a1cd-28523c319250,Standard Selling Fee
16140,d2722109-c832-45ba-a1cd-28523c319250,Standard Selling Fee
16141,d2722109-c832-45ba-a1cd-28523c319250,Standard Selling Fee
16142,d2722109-c832-45ba-a1cd-28523c319250,Standard Selling Fee
16143,9ccfe96a-6a76-4522-8337-bea4f660a8ce,Consumer Electronics
16145,d2722109-c832-45ba-a1cd-28523c319250,Standard Selling Fee
16146,d2722109-c832-45ba-a1cd-28523c319250,Standard Selling Fee
16147,d2722109-c832-45ba-a1cd-28523c319250,Standard Selling Fee
16148,d2722109-c832-45ba-a1cd-28523c319250,Standard Selling Fee
16150,d2722109-c832-45ba-a1cd-28523c319250,Standard Selling Fee
16151,9ccfe96a-49ad-472d-95fb-3029dee54069,"Arts, Crafts & Sewing"
16169,d2722109-c832-45ba-a1cd-28523c319250,Standard Selling Fee
16171,d2722109-c832-45ba-a1cd-28523c319250,Standard Selling Fee
16172,9ccfe96a-6a76-4522-8337-bea4f660a8ce,Consumer Electronics
16173,9ccfe96a-6a76-4522-8337-bea4f660a8ce,Consumer Electronics
16188,d2722109-c832-45ba-a1cd-28523c319250,Standard Selling Fee
16192,d2722109-c832-45ba-a1cd-28523c319250,Standard Selling Fee
16193,d2722109-c832-45ba-a1cd-28523c319250,Standard Selling Fee
16194,d2722109-c832-45ba-a1cd-28523c319250,Standard Selling Fee
17402,d2722109-c832-45ba-a1cd-28523c319250,Standard Selling Fee
17403,d2722109-c832-45ba-a1cd-28523c319250,Standard Selling Fee
17404,d2722109-c832-45ba-a1cd-28523c319250,Standard Selling Fee
17405,9ccfe96a-6a76-4522-8337-bea4f660a8ce,Consumer Electronics
17411,9ccfe96a-6a76-4522-8337-bea4f660a8ce,Consumer Electronics
17412,d2722109-c832-45ba-a1cd-28523c319250,Standard Selling Fee
17413,d2722109-c832-45ba-a1cd-28523c319250,Standard Selling Fee
17414,d2722109-c832-45ba-a1cd-28523c319250,Standard Selling Fee
17415,d2722109-c832-45ba-a1cd-28523c319250,Standard Selling Fee
17416,d2722109-c832-45ba-a1cd-28523c319250,Standard Selling Fee
17417,d2722109-c832-45ba-a1cd-28523c319250,Standard Selling Fee
17418,d2722109-c832-45ba-a1cd-28523c319250,Standard Selling Fee
17419,d2722109-c832-45ba-a1cd-28523c319250,Standard Selling Fee
17420,d2722109-c832-45ba-a1cd-28523c319250,Standard Selling Fee
17421,d2722109-c832-45ba-a1cd-28523c319250,Standard Selling Fee
17423,d2722109-c832-45ba-a1cd-28523c319250,Standard Selling Fee
17424,9ccfe96a-49ad-472d-95fb-3029dee54069,"Arts, Crafts & Sewing"
17425,9ccfe96a-49ad-472d-95fb-3029dee54069,"Arts, Crafts & Sewing"
17426,9ccfe96a-49ad-472d-95fb-3029dee54069,"Arts, Crafts & Sewing"
17427,9ccfe96a-49ad-472d-95fb-3029dee54069,"Arts, Crafts & Sewing"
17428,9ccfe96a-49ad-472d-95fb-3029dee54069,"Arts, Crafts & Sewing"
17429,9ccfe96a-49ad-472d-95fb-3029dee54069,"Arts, Crafts & Sewing"
17430,9ccfe96a-49ad-472d-95fb-3029dee54069,"Arts, Crafts & Sewing"
17431,d2722109-c832-45ba-a1cd-28523c319250,Standard Selling Fee
17432,d2722109-c832-45ba-a1cd-28523c319250,Standard Selling Fee
17433,d2722109-c832-45ba-a1cd-28523c319250,Standard Selling Fee
17434,d2722109-c832-45ba-a1cd-28523c319250,Standard Selling Fee
17435,d2722109-c832-45ba-a1cd-28523c319250,Standard Selling Fee
17436,d2722109-c832-45ba-a1cd-28523c319250,Standard Selling Fee
17437,d2722109-c832-45ba-a1cd-28523c319250,Standard Selling Fee
17438,d2722109-c832-45ba-a1cd-28523c319250,Standard Selling Fee
17439,d2722109-c832-45ba-a1cd-28523c319250,Standard Selling Fee
17440,d2722109-c832-45ba-a1cd-28523c319250,Standard Selling Fee
17441,d2722109-c832-45ba-a1cd-28523c319250,Standard Selling Fee
17442,d2722109-c832-45ba-a1cd-28523c319250,Standard Selling Fee
17443,d2722109-c832-45ba-a1cd-28523c319250,Standard Selling Fee
17445,d2722109-c832-45ba-a1cd-28523c319250,Standard Selling Fee
17446,d2722109-c832-45ba-a1cd-28523c319250,Standard Selling Fee
17447,d2722109-c832-45ba-a1cd-28523c319250,Standard Selling Fee
17448,d2722109-c832-45ba-a1cd-28523c319250,Standard Selling Fee
17449,d2722109-c832-45ba-a1cd-28523c319250,Standard Selling Fee
17450,d2722109-c832-45ba-a1cd-28523c319250,Standard Selling Fee
17451,d2722109-c832-45ba-a1cd-28523c319250,Standard Selling Fee
17453,9ccfe96a-aca6-4382-98d2-a69f6be78bd6,"Beer, Wine & Spirits"
17454,9ccfe96a-aca6-4382-98d2-a69f6be78bd6,"Beer, Wine & Spirits"
17456,9ccfe96a-aca6-4382-98d2-a69f6be78bd6,"Beer, Wine & Spirits"
17457,9ccfe96a-aca6-4382-98d2-a69f6be78bd6,"Beer, Wine & Spirits"
17458,9ccfe96a-aca6-4382-98d2-a69f6be78bd6,"Beer, Wine & Spirits"
17459,9ccfe96a-aca6-4382-98d2-a69f6be78bd6,"Beer, Wine & Spirits"
17460,9ccfe96a-aca6-4382-98d2-a69f6be78bd6,"Beer, Wine & Spirits"
17461,9ccfe96a-aca6-4382-98d2-a69f6be78bd6,"Beer, Wine & Spirits"
17462,9ccfe96a-aca6-4382-98d2-a69f6be78bd6,"Beer, Wine & Spirits"
17463,d2722109-c832-45ba-a1cd-28523c319250,Standard Selling Fee
17464,d2722109-c832-45ba-a1cd-28523c319250,Standard Selling Fee
17465,d2722109-c832-45ba-a1cd-28523c319250,Standard Selling Fee
17466,d2722109-c832-45ba-a1cd-28523c319250,Standard Selling Fee
17467,d2722109-c832-45ba-a1cd-28523c319250,Standard Selling Fee
17469,d2722109-c832-45ba-a1cd-28523c319250,Standard Selling Fee
17472,9ccfe96a-aca6-4382-98d2-a69f6be78bd6,"Beer, Wine & Spirits"
17473,9ccfe96a-49ad-472d-95fb-3029dee54069,"Arts, Crafts & Sewing"
17476,9ccfe96a-49ad-472d-95fb-3029dee54069,"Arts, Crafts & Sewing"
17477,9ccfe96a-49ad-472d-95fb-3029dee54069,"Arts, Crafts & Sewing"
17479,9ccfe96a-49ad-472d-95fb-3029dee54069,"Arts, Crafts & Sewing"
17481,d2722109-c832-45ba-a1cd-28523c319250,Standard Selling Fee
17482,d2722109-c832-45ba-a1cd-28523c319250,Standard Selling Fee
17483,d2722109-c832-45ba-a1cd-28523c319250,Standard Selling Fee
17484,d2722109-c832-45ba-a1cd-28523c319250,Standard Selling Fee
17485,d2722109-c832-45ba-a1cd-28523c319250,Standard Selling Fee
17486,d2722109-c832-45ba-a1cd-28523c319250,Standard Selling Fee
17487,d2722109-c832-45ba-a1cd-28523c319250,Standard Selling Fee
17488,9ccfe96a-49ad-472d-95fb-3029dee54069,"Arts, Crafts & Sewing"
17489,9ccfe96a-49ad-472d-95fb-3029dee54069,"Arts, Crafts & Sewing"
17490,9ccfe96a-49ad-472d-95fb-3029dee54069,"Arts, Crafts & Sewing"
17491,9ccfe96a-49ad-472d-95fb-3029dee54069,"Arts, Crafts & Sewing"
17492,d2722109-c832-45ba-a1cd-28523c319250,Standard Selling Fee
17493,d2722109-c832-45ba-a1cd-28523c319250,Standard Selling Fee
17494,d2722109-c832-45ba-a1cd-28523c319250,Standard Selling Fee
17496,d2722109-c832-45ba-a1cd-28523c319250,Standard Selling Fee
17497,d2722109-c832-45ba-a1cd-28523c319250,Standard Selling Fee
17498,d2722109-c832-45ba-a1cd-28523c319250,Standard Selling Fee
17499,d2722109-c832-45ba-a1cd-28523c319250,Standard Selling Fee
17500,d2722109-c832-45ba-a1cd-28523c319250,Standard Selling Fee
17501,d2722109-c832-45ba-a1cd-28523c319250,Standard Selling Fee
17502,d2722109-c832-45ba-a1cd-28523c319250,Standard Selling Fee
17503,d2722109-c832-45ba-a1cd-28523c319250,Standard Selling Fee
17504,d2722109-c832-45ba-a1cd-28523c319250,Standard Selling Fee
17505,d2722109-c832-45ba-a1cd-28523c319250,Standard Selling Fee
17506,d2722109-c832-45ba-a1cd-28523c319250,Standard Selling Fee
17507,d2722109-c832-45ba-a1cd-28523c319250,Standard Selling Fee
17508,d2722109-c832-45ba-a1cd-28523c319250,Standard Selling Fee
17509,d2722109-c832-45ba-a1cd-28523c319250,Standard Selling Fee
17510,9ccfe96a-49ad-472d-95fb-3029dee54069,"Arts, Crafts & Sewing"
17662,d2722109-c832-45ba-a1cd-28523c319250,Standard Selling Fee
17665,d2722109-c832-45ba-a1cd-28523c319250,Standard Selling Fee
17666,d2722109-c832-45ba-a1cd-28523c319250,Standard Selling Fee
17667,d2722109-c832-45ba-a1cd-28523c319250,Standard Selling Fee
17670,d2722109-c832-45ba-a1cd-28523c319250,Standard Selling Fee
17672,d2722109-c832-45ba-a1cd-28523c319250,Standard Selling Fee
17674,d2722109-c832-45ba-a1cd-28523c319250,Standard Selling Fee
17676,d2722109-c832-45ba-a1cd-28523c319250,Standard Selling Fee
17680,d2722109-c832-45ba-a1cd-28523c319250,Standard Selling Fee
17681,d2722109-c832-45ba-a1cd-28523c319250,Standard Selling Fee
17682,d2722109-c832-45ba-a1cd-28523c319250,Standard Selling Fee
17683,d2722109-c832-45ba-a1cd-28523c319250,Standard Selling Fee
17687,d2722109-c832-45ba-a1cd-28523c319250,Standard Selling Fee
17688,d2722109-c832-45ba-a1cd-28523c319250,Standard Selling Fee
17689,d2722109-c832-45ba-a1cd-28523c319250,Standard Selling Fee
17691,d2722109-c832-45ba-a1cd-28523c319250,Standard Selling Fee
17692,d2722109-c832-45ba-a1cd-28523c319250,Standard Selling Fee
17693,d2722109-c832-45ba-a1cd-28523c319250,Standard Selling Fee
17694,d2722109-c832-45ba-a1cd-28523c319250,Standard Selling Fee
17695,d2722109-c832-45ba-a1cd-28523c319250,Standard Selling Fee
17696,9ccfe96a-49ad-472d-95fb-3029dee54069,"Arts, Crafts & Sewing"
17697,9ccfe96a-49ad-472d-95fb-3029dee54069,"Arts, Crafts & Sewing"
17698,d2722109-c832-45ba-a1cd-28523c319250,Standard Selling Fee
17699,d2722109-c832-45ba-a1cd-28523c319250,Standard Selling Fee
17700,9ccfe96a-49ad-472d-95fb-3029dee54069,"Arts, Crafts & Sewing"
17702,d2722109-c832-45ba-a1cd-28523c319250,Standard Selling Fee
17703,d2722109-c832-45ba-a1cd-28523c319250,Standard Selling Fee
17704,d2722109-c832-45ba-a1cd-28523c319250,Standard Selling Fee
17705,d2722109-c832-45ba-a1cd-28523c319250,Standard Selling Fee
17706,d2722109-c832-45ba-a1cd-28523c319250,Standard Selling Fee
17707,d2722109-c832-45ba-a1cd-28523c319250,Standard Selling Fee
17708,d2722109-c832-45ba-a1cd-28523c319250,Standard Selling Fee
17709,d2722109-c832-45ba-a1cd-28523c319250,Standard Selling Fee
17710,d2722109-c832-45ba-a1cd-28523c319250,Standard Selling Fee
17711,d2722109-c832-45ba-a1cd-28523c319250,Standard Selling Fee
17712,d2722109-c832-45ba-a1cd-28523c319250,Standard Selling Fee
17713,d2722109-c832-45ba-a1cd-28523c319250,Standard Selling Fee
17714,d2722109-c832-45ba-a1cd-28523c319250,Standard Selling Fee
17715,d2722109-c832-45ba-a1cd-28523c319250,Standard Selling Fee
17716,d2722109-c832-45ba-a1cd-28523c319250,Standard Selling Fee
17717,d2722109-c832-45ba-a1cd-28523c319250,Standard Selling Fee
17718,d2722109-c832-45ba-a1cd-28523c319250,Standard Selling Fee
17719,d2722109-c832-45ba-a1cd-28523c319250,Standard Selling Fee
17720,d2722109-c832-45ba-a1cd-28523c319250,Standard Selling Fee
17721,d2722109-c832-45ba-a1cd-28523c319250,Standard Selling Fee
17722,d2722109-c832-45ba-a1cd-28523c319250,Standard Selling Fee
17723,d2722109-c832-45ba-a1cd-28523c319250,Standard Selling Fee
17724,d2722109-c832-45ba-a1cd-28523c319250,Standard Selling Fee
17725,d2722109-c832-45ba-a1cd-28523c319250,Standard Selling Fee
17726,d2722109-c832-45ba-a1cd-28523c319250,Standard Selling Fee
17727,d2722109-c832-45ba-a1cd-28523c319250,Standard Selling Fee
17731,d2722109-c832-45ba-a1cd-28523c319250,Standard Selling Fee
17735,d2722109-c832-45ba-a1cd-28523c319250,Standard Selling Fee
17736,d2722109-c832-45ba-a1cd-28523c319250,Standard Selling Fee
17737,d2722109-c832-45ba-a1cd-28523c319250,Standard Selling Fee
17738,d2722109-c832-45ba-a1cd-28523c319250,Standard Selling Fee
17739,d2722109-c832-45ba-a1cd-28523c319250,Standard Selling Fee
17740,d2722109-c832-45ba-a1cd-28523c319250,Standard Selling Fee
17741,d2722109-c832-45ba-a1cd-28523c319250,Standard Selling Fee
17742,d2722109-c832-45ba-a1cd-28523c319250,Standard Selling Fee
17746,d2722109-c832-45ba-a1cd-28523c319250,Standard Selling Fee
17747,d2722109-c832-45ba-a1cd-28523c319250,Standard Selling Fee
17748,d2722109-c832-45ba-a1cd-28523c319250,Standard Selling Fee
17749,d2722109-c832-45ba-a1cd-28523c319250,Standard Selling Fee
17750,d2722109-c832-45ba-a1cd-28523c319250,Standard Selling Fee
17752,d2722109-c832-45ba-a1cd-28523c319250,Standard Selling Fee
17753,d2722109-c832-45ba-a1cd-28523c319250,Standard Selling Fee
17754,d2722109-c832-45ba-a1cd-28523c319250,Standard Selling Fee
17755,d2722109-c832-45ba-a1cd-28523c319250,Standard Selling Fee
17756,d2722109-c832-45ba-a1cd-28523c319250,Standard Selling Fee
17757,d2722109-c832-45ba-a1cd-28523c319250,Standard Selling Fee
17758,d2722109-c832-45ba-a1cd-28523c319250,Standard Selling Fee
17760,d2722109-c832-45ba-a1cd-28523c319250,Standard Selling Fee
17761,d2722109-c832-45ba-a1cd-28523c319250,Standard Selling Fee
17762,d2722109-c832-45ba-a1cd-28523c319250,Standard Selling Fee
17763,d2722109-c832-45ba-a1cd-28523c319250,Standard Selling Fee
17764,d2722109-c832-45ba-a1cd-28523c319250,Standard Selling Fee
17765,d2722109-c832-45ba-a1cd-28523c319250,Standard Selling Fee
17766,d2722109-c832-45ba-a1cd-28523c319250,Standard Selling Fee
17767,d2722109-c832-45ba-a1cd-28523c319250,Standard Selling Fee
17768,d2722109-c832-45ba-a1cd-28523c319250,Standard Selling Fee
17769,d2722109-c832-45ba-a1cd-28523c319250,Standard Selling Fee
17770,d2722109-c832-45ba-a1cd-28523c319250,Standard Selling Fee
17771,d2722109-c832-45ba-a1cd-28523c319250,Standard Selling Fee
17772,d2722109-c832-45ba-a1cd-28523c319250,Standard Selling Fee
17773,d2722109-c832-45ba-a1cd-28523c319250,Standard Selling Fee
17774,d2722109-c832-45ba-a1cd-28523c319250,Standard Selling Fee
17775,d2722109-c832-45ba-a1cd-28523c319250,Standard Selling Fee
17776,d2722109-c832-45ba-a1cd-28523c319250,Standard Selling Fee
17777,d2722109-c832-45ba-a1cd-28523c319250,Standard Selling Fee
17778,d2722109-c832-45ba-a1cd-28523c319250,Standard Selling Fee
17779,d2722109-c832-45ba-a1cd-28523c319250,Standard Selling Fee
17780,d2722109-c832-45ba-a1cd-28523c319250,Standard Selling Fee
17781,d2722109-c832-45ba-a1cd-28523c319250,Standard Selling Fee
17782,9ccfe96a-a45d-4968-a35b-f1287d2c4bc9,Food & Drink
17783,9ccfe96a-a45d-4968-a35b-f1287d2c4bc9,Food & Drink
17784,9ccfe96a-49ad-472d-95fb-3029dee54069,"Arts, Crafts & Sewing"
17785,9ccfe96a-a45d-4968-a35b-f1287d2c4bc9,Food & Drink
17786,d2722109-c832-45ba-a1cd-28523c319250,Standard Selling Fee
17787,d2722109-c832-45ba-a1cd-28523c319250,Standard Selling Fee
17788,d2722109-c832-45ba-a1cd-28523c319250,Standard Selling Fee
17789,9ccfe96a-a45d-4968-a35b-f1287d2c4bc9,Food & Drink
17791,9ccfe96a-a45d-4968-a35b-f1287d2c4bc9,Food & Drink
17792,9ccfe96a-a45d-4968-a35b-f1287d2c4bc9,Food & Drink
17793,9ccfe96a-a45d-4968-a35b-f1287d2c4bc9,Food & Drink
17794,d2722109-c832-45ba-a1cd-28523c319250,Standard Selling Fee
17795,9ccfe96a-a45d-4968-a35b-f1287d2c4bc9,Food & Drink
17796,9ccfe96a-a45d-4968-a35b-f1287d2c4bc9,Food & Drink
17797,9ccfe96a-a45d-4968-a35b-f1287d2c4bc9,Food & Drink
17798,9ccfe96a-a45d-4968-a35b-f1287d2c4bc9,Food & Drink
17799,d2722109-c832-45ba-a1cd-28523c319250,Standard Selling Fee
17800,d2722109-c832-45ba-a1cd-28523c319250,Standard Selling Fee
17801,d2722109-c832-45ba-a1cd-28523c319250,Standard Selling Fee
17802,d2722109-c832-45ba-a1cd-28523c319250,Standard Selling Fee
17803,d2722109-c832-45ba-a1cd-28523c319250,Standard Selling Fee
17804,d2722109-c832-45ba-a1cd-28523c319250,Standard Selling Fee
17805,d2722109-c832-45ba-a1cd-28523c319250,Standard Selling Fee
17806,d2722109-c832-45ba-a1cd-28523c319250,Standard Selling Fee
17807,d2722109-c832-45ba-a1cd-28523c319250,Standard Selling Fee
17808,d2722109-c832-45ba-a1cd-28523c319250,Standard Selling Fee
17809,d2722109-c832-45ba-a1cd-28523c319250,Standard Selling Fee
17813,d2722109-c832-45ba-a1cd-28523c319250,Standard Selling Fee
17816,d2722109-c832-45ba-a1cd-28523c319250,Standard Selling Fee
17818,d2722109-c832-45ba-a1cd-28523c319250,Standard Selling Fee
17819,d2722109-c832-45ba-a1cd-28523c319250,Standard Selling Fee
17820,d2722109-c832-45ba-a1cd-28523c319250,Standard Selling Fee
17821,d2722109-c832-45ba-a1cd-28523c319250,Standard Selling Fee
17822,d2722109-c832-45ba-a1cd-28523c319250,Standard Selling Fee
17823,d2722109-c832-45ba-a1cd-28523c319250,Standard Selling Fee
17824,d2722109-c832-45ba-a1cd-28523c319250,Standard Selling Fee
17825,d2722109-c832-45ba-a1cd-28523c319250,Standard Selling Fee
17826,d2722109-c832-45ba-a1cd-28523c319250,Standard Selling Fee
17827,d2722109-c832-45ba-a1cd-28523c319250,Standard Selling Fee
17828,d2722109-c832-45ba-a1cd-28523c319250,Standard Selling Fee
17830,d2722109-c832-45ba-a1cd-28523c319250,Standard Selling Fee
17831,d2722109-c832-45ba-a1cd-28523c319250,Standard Selling Fee
17832,d2722109-c832-45ba-a1cd-28523c319250,Standard Selling Fee
17833,9ccfe96a-fc67-4dfe-83f7-42eabdab9081,Musical Instruments & DJ
17834,d2722109-c832-45ba-a1cd-28523c319250,Standard Selling Fee
17835,d2722109-c832-45ba-a1cd-28523c319250,Standard Selling Fee
17836,d2722109-c832-45ba-a1cd-28523c319250,Standard Selling Fee
17837,d2722109-c832-45ba-a1cd-28523c319250,Standard Selling Fee
17838,d2722109-c832-45ba-a1cd-28523c319250,Standard Selling Fee
17839,d2722109-c832-45ba-a1cd-28523c319250,Standard Selling Fee
17840,d2722109-c832-45ba-a1cd-28523c319250,Standard Selling Fee
17841,d2722109-c832-45ba-a1cd-28523c319250,Standard Selling Fee
17842,d2722109-c832-45ba-a1cd-28523c319250,Standard Selling Fee
17843,d2722109-c832-45ba-a1cd-28523c319250,Standard Selling Fee
17844,d2722109-c832-45ba-a1cd-28523c319250,Standard Selling Fee
17845,d2722109-c832-45ba-a1cd-28523c319250,Standard Selling Fee
17846,d2722109-c832-45ba-a1cd-28523c319250,Standard Selling Fee
17847,d2722109-c832-45ba-a1cd-28523c319250,Standard Selling Fee
17849,d2722109-c832-45ba-a1cd-28523c319250,Standard Selling Fee
17850,d2722109-c832-45ba-a1cd-28523c319250,Standard Selling Fee
17851,d2722109-c832-45ba-a1cd-28523c319250,Standard Selling Fee
17852,d2722109-c832-45ba-a1cd-28523c319250,Standard Selling Fee
17853,d2722109-c832-45ba-a1cd-28523c319250,Standard Selling Fee
17854,d2722109-c832-45ba-a1cd-28523c319250,Standard Selling Fee
17855,d2722109-c832-45ba-a1cd-28523c319250,Standard Selling Fee
17856,d2722109-c832-45ba-a1cd-28523c319250,Standard Selling Fee
17857,d2722109-c832-45ba-a1cd-28523c319250,Standard Selling Fee
17859,d2722109-c832-45ba-a1cd-28523c319250,Standard Selling Fee
17861,d2722109-c832-45ba-a1cd-28523c319250,Standard Selling Fee
17864,9ccfe96a-fc67-4dfe-83f7-42eabdab9081,Musical Instruments & DJ
17866,d2722109-c832-45ba-a1cd-28523c319250,Standard Selling Fee
17867,d2722109-c832-45ba-a1cd-28523c319250,Standard Selling Fee
17869,d2722109-c832-45ba-a1cd-28523c319250,Standard Selling Fee
17871,d2722109-c832-45ba-a1cd-28523c319250,Standard Selling Fee
17872,d2722109-c832-45ba-a1cd-28523c319250,Standard Selling Fee
17873,d2722109-c832-45ba-a1cd-28523c319250,Standard Selling Fee
17874,d2722109-c832-45ba-a1cd-28523c319250,Standard Selling Fee
17875,d2722109-c832-45ba-a1cd-28523c319250,Standard Selling Fee
17881,d2722109-c832-45ba-a1cd-28523c319250,Standard Selling Fee
17882,d2722109-c832-45ba-a1cd-28523c319250,Standard Selling Fee
17883,d2722109-c832-45ba-a1cd-28523c319250,Standard Selling Fee
17884,d2722109-c832-45ba-a1cd-28523c319250,Standard Selling Fee
17885,d2722109-c832-45ba-a1cd-28523c319250,Standard Selling Fee
17886,d2722109-c832-45ba-a1cd-28523c319250,Standard Selling Fee
17887,d2722109-c832-45ba-a1cd-28523c319250,Standard Selling Fee
17897,d2722109-c832-45ba-a1cd-28523c319250,Standard Selling Fee
17898,d2722109-c832-45ba-a1cd-28523c319250,Standard Selling Fee
17899,d2722109-c832-45ba-a1cd-28523c319250,Standard Selling Fee
17900,d2722109-c832-45ba-a1cd-28523c319250,Standard Selling Fee
17925,9ccfe96a-7acc-4555-8227-184f0d849d60,Everything else
17932,d2722109-c832-45ba-a1cd-28523c319250,Standard Selling Fee
17933,d2722109-c832-45ba-a1cd-28523c319250,Standard Selling Fee
17934,d2722109-c832-45ba-a1cd-28523c319250,Standard Selling Fee
17935,d2722109-c832-45ba-a1cd-28523c319250,Standard Selling Fee
17936,d2722109-c832-45ba-a1cd-28523c319250,Standard Selling Fee
17938,d2722109-c832-45ba-a1cd-28523c319250,Standard Selling Fee
17939,d2722109-c832-45ba-a1cd-28523c319250,Standard Selling Fee
17940,9ccfe96a-82e7-4089-a9ff-f751e8c3cf93,DIY & Tools
17949,d2722109-c832-45ba-a1cd-28523c319250,Standard Selling Fee
17950,d2722109-c832-45ba-a1cd-28523c319250,Standard Selling Fee
17951,d2722109-c832-45ba-a1cd-28523c319250,Standard Selling Fee
17953,d2722109-c832-45ba-a1cd-28523c319250,Standard Selling Fee
17954,d2722109-c832-45ba-a1cd-28523c319250,Standard Selling Fee
17955,d2722109-c832-45ba-a1cd-28523c319250,Standard Selling Fee
17956,d2722109-c832-45ba-a1cd-28523c319250,Standard Selling Fee
17957,d2722109-c832-45ba-a1cd-28523c319250,Standard Selling Fee
17962,d2722109-c832-45ba-a1cd-28523c319250,Standard Selling Fee
17963,d2722109-c832-45ba-a1cd-28523c319250,Standard Selling Fee
17964,d2722109-c832-45ba-a1cd-28523c319250,Standard Selling Fee
17965,d2722109-c832-45ba-a1cd-28523c319250,Standard Selling Fee
17966,d2722109-c832-45ba-a1cd-28523c319250,Standard Selling Fee
17967,d2722109-c832-45ba-a1cd-28523c319250,Standard Selling Fee
17968,d2722109-c832-45ba-a1cd-28523c319250,Standard Selling Fee
17970,9ccfe96a-7acc-4555-8227-184f0d849d60,Everything else
17974,9ccfe96a-7acc-4555-8227-184f0d849d60,Everything else
17975,d2722109-c832-45ba-a1cd-28523c319250,Standard Selling Fee
17976,d2722109-c832-45ba-a1cd-28523c319250,Standard Selling Fee
17977,d2722109-c832-45ba-a1cd-28523c319250,Standard Selling Fee
17978,d2722109-c832-45ba-a1cd-28523c319250,Standard Selling Fee
17979,d2722109-c832-45ba-a1cd-28523c319250,Standard Selling Fee
17980,d2722109-c832-45ba-a1cd-28523c319250,Standard Selling Fee
17981,d2722109-c832-45ba-a1cd-28523c319250,Standard Selling Fee
17982,d2722109-c832-45ba-a1cd-28523c319250,Standard Selling Fee
17983,d2722109-c832-45ba-a1cd-28523c319250,Standard Selling Fee
17984,d2722109-c832-45ba-a1cd-28523c319250,Standard Selling Fee
17985,d2722109-c832-45ba-a1cd-28523c319250,Standard Selling Fee
17986,d2722109-c832-45ba-a1cd-28523c319250,Standard Selling Fee
17988,d2722109-c832-45ba-a1cd-28523c319250,Standard Selling Fee
17989,d2722109-c832-45ba-a1cd-28523c319250,Standard Selling Fee
17990,d2722109-c832-45ba-a1cd-28523c319250,Standard Selling Fee
17991,d2722109-c832-45ba-a1cd-28523c319250,Standard Selling Fee
17992,d2722109-c832-45ba-a1cd-28523c319250,Standard Selling Fee
17993,d2722109-c832-45ba-a1cd-28523c319250,Standard Selling Fee
17994,d2722109-c832-45ba-a1cd-28523c319250,Standard Selling Fee
17995,d2722109-c832-45ba-a1cd-28523c319250,Standard Selling Fee
18002,d2722109-c832-45ba-a1cd-28523c319250,Standard Selling Fee
18004,9ccfe96a-82e7-4089-a9ff-f751e8c3cf93,DIY & Tools
18005,d2722109-c832-45ba-a1cd-28523c319250,Standard Selling Fee
18006,d2722109-c832-45ba-a1cd-28523c319250,Standard Selling Fee
18038,d2722109-c832-45ba-a1cd-28523c319250,Standard Selling Fee
18039,d2722109-c832-45ba-a1cd-28523c319250,Standard Selling Fee
18040,d2722109-c832-45ba-a1cd-28523c319250,Standard Selling Fee
18042,d2722109-c832-45ba-a1cd-28523c319250,Standard Selling Fee
18043,d2722109-c832-45ba-a1cd-28523c319250,Standard Selling Fee
18044,d2722109-c832-45ba-a1cd-28523c319250,Standard Selling Fee
18045,d2722109-c832-45ba-a1cd-28523c319250,Standard Selling Fee
18046,d2722109-c832-45ba-a1cd-28523c319250,Standard Selling Fee
18047,d2722109-c832-45ba-a1cd-28523c319250,Standard Selling Fee
18048,d2722109-c832-45ba-a1cd-28523c319250,Standard Selling Fee
18049,d2722109-c832-45ba-a1cd-28523c319250,Standard Selling Fee
18050,d2722109-c832-45ba-a1cd-28523c319250,Standard Selling Fee
18051,d2722109-c832-45ba-a1cd-28523c319250,Standard Selling Fee
18052,d2722109-c832-45ba-a1cd-28523c319250,Standard Selling Fee
18053,d2722109-c832-45ba-a1cd-28523c319250,Standard Selling Fee
18057,d2722109-c832-45ba-a1cd-28523c319250,Standard Selling Fee
18058,d2722109-c832-45ba-a1cd-28523c319250,Standard Selling Fee
18059,d2722109-c832-45ba-a1cd-28523c319250,Standard Selling Fee
18060,d2722109-c832-45ba-a1cd-28523c319250,Standard Selling Fee
18061,d2722109-c832-45ba-a1cd-28523c319250,Standard Selling Fee
18062,d2722109-c832-45ba-a1cd-28523c319250,Standard Selling Fee
18063,d2722109-c832-45ba-a1cd-28523c319250,Standard Selling Fee
18064,d2722109-c832-45ba-a1cd-28523c319250,Standard Selling Fee
18065,d2722109-c832-45ba-a1cd-28523c319250,Standard Selling Fee
18066,d2722109-c832-45ba-a1cd-28523c319250,Standard Selling Fee
18067,d2722109-c832-45ba-a1cd-28523c319250,Standard Selling Fee
18068,d2722109-c832-45ba-a1cd-28523c319250,Standard Selling Fee
18069,d2722109-c832-45ba-a1cd-28523c319250,Standard Selling Fee
18070,d2722109-c832-45ba-a1cd-28523c319250,Standard Selling Fee
18071,d2722109-c832-45ba-a1cd-28523c319250,Standard Selling Fee
18072,d2722109-c832-45ba-a1cd-28523c319250,Standard Selling Fee
18073,d2722109-c832-45ba-a1cd-28523c319250,Standard Selling Fee
18074,d2722109-c832-45ba-a1cd-28523c319250,Standard Selling Fee
18075,d2722109-c832-45ba-a1cd-28523c319250,Standard Selling Fee
18076,d2722109-c832-45ba-a1cd-28523c319250,Standard Selling Fee
18077,d2722109-c832-45ba-a1cd-28523c319250,Standard Selling Fee
18078,d2722109-c832-45ba-a1cd-28523c319250,Standard Selling Fee
18079,d2722109-c832-45ba-a1cd-28523c319250,Standard Selling Fee
18080,d2722109-c832-45ba-a1cd-28523c319250,Standard Selling Fee
18081,d2722109-c832-45ba-a1cd-28523c319250,Standard Selling Fee
18082,d2722109-c832-45ba-a1cd-28523c319250,Standard Selling Fee
18083,d2722109-c832-45ba-a1cd-28523c319250,Standard Selling Fee
18084,d2722109-c832-45ba-a1cd-28523c319250,Standard Selling Fee
18085,d2722109-c832-45ba-a1cd-28523c319250,Standard Selling Fee
18086,d2722109-c832-45ba-a1cd-28523c319250,Standard Selling Fee
18088,9ccfe96a-82e7-4089-a9ff-f751e8c3cf93,DIY & Tools
18089,9ccfe96a-82e7-4089-a9ff-f751e8c3cf93,DIY & Tools
18090,9ccfe96a-82e7-4089-a9ff-f751e8c3cf93,DIY & Tools
18091,9ccfe96a-82e7-4089-a9ff-f751e8c3cf93,DIY & Tools
18092,9ccfe96a-82e7-4089-a9ff-f751e8c3cf93,DIY & Tools
18093,9ccfe96a-82e7-4089-a9ff-f751e8c3cf93,DIY & Tools
18094,9ccfe96a-82e7-4089-a9ff-f751e8c3cf93,DIY & Tools
18095,9ccfe96a-82e7-4089-a9ff-f751e8c3cf93,DIY & Tools
18096,9ccfe96a-82e7-4089-a9ff-f751e8c3cf93,DIY & Tools
18097,9ccfe96a-82e7-4089-a9ff-f751e8c3cf93,DIY & Tools
18098,9ccfe96a-82e7-4089-a9ff-f751e8c3cf93,DIY & Tools
18099,9ccfe96a-82e7-4089-a9ff-f751e8c3cf93,DIY & Tools
18111,9ccfe96a-82e7-4089-a9ff-f751e8c3cf93,DIY & Tools
18112,9ccfe96a-82e7-4089-a9ff-f751e8c3cf93,DIY & Tools
18113,9ccfe96a-82e7-4089-a9ff-f751e8c3cf93,DIY & Tools
18114,9ccfe96a-82e7-4089-a9ff-f751e8c3cf93,DIY & Tools
18115,9ccfe96a-82e7-4089-a9ff-f751e8c3cf93,DIY & Tools
18116,9ccfe96a-82e7-4089-a9ff-f751e8c3cf93,DIY & Tools
18118,9ccfe96a-82e7-4089-a9ff-f751e8c3cf93,DIY & Tools
18119,9ccfe96a-82e7-4089-a9ff-f751e8c3cf93,DIY & Tools
18120,9ccfe96a-82e7-4089-a9ff-f751e8c3cf93,DIY & Tools
18121,9ccfe96a-82e7-4089-a9ff-f751e8c3cf93,DIY & Tools
18122,9ccfe96a-82e7-4089-a9ff-f751e8c3cf93,DIY & Tools
18123,9ccfe96a-82e7-4089-a9ff-f751e8c3cf93,DIY & Tools
18124,9ccfe96a-82e7-4089-a9ff-f751e8c3cf93,DIY & Tools
18125,9ccfe96a-82e7-4089-a9ff-f751e8c3cf93,DIY & Tools
18126,9ccfe96a-82e7-4089-a9ff-f751e8c3cf93,DIY & Tools
18127,9ccfe96a-82e7-4089-a9ff-f751e8c3cf93,DIY & Tools
18128,9ccfe96a-82e7-4089-a9ff-f751e8c3cf93,DIY & Tools
18129,9ccfe96a-82e7-4089-a9ff-f751e8c3cf93,DIY & Tools
18130,9ccfe96a-82e7-4089-a9ff-f751e8c3cf93,DIY & Tools
18131,9ccfe96a-82e7-4089-a9ff-f751e8c3cf93,DIY & Tools
18132,d2722109-c832-45ba-a1cd-28523c319250,Standard Selling Fee
18133,d2722109-c832-45ba-a1cd-28523c319250,Standard Selling Fee
18134,d2722109-c832-45ba-a1cd-28523c319250,Standard Selling Fee
18135,d2722109-c832-45ba-a1cd-28523c319250,Standard Selling Fee
18136,9ccfe96a-82e7-4089-a9ff-f751e8c3cf93,DIY & Tools
18137,9ccfe96a-82e7-4089-a9ff-f751e8c3cf93,DIY & Tools
18138,9ccfe96a-82e7-4089-a9ff-f751e8c3cf93,DIY & Tools
18139,9ccfe96a-82e7-4089-a9ff-f751e8c3cf93,DIY & Tools
18140,9ccfe96a-82e7-4089-a9ff-f751e8c3cf93,DIY & Tools
18141,9ccfe96a-49ad-472d-95fb-3029dee54069,"Arts, Crafts & Sewing"
18142,9ccfe96a-82e7-4089-a9ff-f751e8c3cf93,DIY & Tools
18143,9ccfe96a-82e7-4089-a9ff-f751e8c3cf93,DIY & Tools
18144,9ccfe96a-82e7-4089-a9ff-f751e8c3cf93,DIY & Tools
18145,9ccfe96a-82e7-4089-a9ff-f751e8c3cf93,DIY & Tools
18148,d2722109-c832-45ba-a1cd-28523c319250,Standard Selling Fee
18149,d2722109-c832-45ba-a1cd-28523c319250,Standard Selling Fee
18150,d2722109-c832-45ba-a1cd-28523c319250,Standard Selling Fee
18151,d2722109-c832-45ba-a1cd-28523c319250,Standard Selling Fee
18152,9ccfe96a-82e7-4089-a9ff-f751e8c3cf93,DIY & Tools
18154,9ccfe96a-82e7-4089-a9ff-f751e8c3cf93,DIY & Tools
18155,9ccfe96a-82e7-4089-a9ff-f751e8c3cf93,DIY & Tools
18156,9ccfe96a-49ad-472d-95fb-3029dee54069,"Arts, Crafts & Sewing"
18157,9ccfe96a-82e7-4089-a9ff-f751e8c3cf93,DIY & Tools
18158,9ccfe96a-82e7-4089-a9ff-f751e8c3cf93,DIY & Tools
18159,9ccfe96a-82e7-4089-a9ff-f751e8c3cf93,DIY & Tools
18160,d2722109-c832-45ba-a1cd-28523c319250,Standard Selling Fee
18161,9ccfe96a-82e7-4089-a9ff-f751e8c3cf93,DIY & Tools
18162,9ccfe96a-82e7-4089-a9ff-f751e8c3cf93,DIY & Tools
18163,d2722109-c832-45ba-a1cd-28523c319250,Standard Selling Fee
18164,d2722109-c832-45ba-a1cd-28523c319250,Standard Selling Fee
18165,d2722109-c832-45ba-a1cd-28523c319250,Standard Selling Fee
18166,9ccfe96a-82e7-4089-a9ff-f751e8c3cf93,DIY & Tools
18167,9ccfe96a-82e7-4089-a9ff-f751e8c3cf93,DIY & Tools
18168,9ccfe96a-82e7-4089-a9ff-f751e8c3cf93,DIY & Tools
18169,9ccfe96a-82e7-4089-a9ff-f751e8c3cf93,DIY & Tools
18170,9ccfe96a-82e7-4089-a9ff-f751e8c3cf93,DIY & Tools
18177,9ccfe96a-82e7-4089-a9ff-f751e8c3cf93,DIY & Tools
18179,9ccfe96a-82e7-4089-a9ff-f751e8c3cf93,DIY & Tools
18180,9ccfe96a-82e7-4089-a9ff-f751e8c3cf93,DIY & Tools
18181,9ccfe96a-82e7-4089-a9ff-f751e8c3cf93,DIY & Tools
18182,9ccfe96a-82e7-4089-a9ff-f751e8c3cf93,DIY & Tools
18184,9ccfe96a-82e7-4089-a9ff-f751e8c3cf93,DIY & Tools
18194,9ccfe96a-82e7-4089-a9ff-f751e8c3cf93,DIY & Tools
18195,9ccfe96a-82e7-4089-a9ff-f751e8c3cf93,DIY & Tools
18196,9ccfe96a-82e7-4089-a9ff-f751e8c3cf93,DIY & Tools
18197,d2722109-c832-45ba-a1cd-28523c319250,Standard Selling Fee
18198,d2722109-c832-45ba-a1cd-28523c319250,Standard Selling Fee
18199,d2722109-c832-45ba-a1cd-28523c319250,Standard Selling Fee
18200,d2722109-c832-45ba-a1cd-28523c319250,Standard Selling Fee
18201,d2722109-c832-45ba-a1cd-28523c319250,Standard Selling Fee
18202,d2722109-c832-45ba-a1cd-28523c319250,Standard Selling Fee
18203,d2722109-c832-45ba-a1cd-28523c319250,Standard Selling Fee
18204,9ccfe96a-49ad-472d-95fb-3029dee54069,"Arts, Crafts & Sewing"
18205,d2722109-c832-45ba-a1cd-28523c319250,Standard Selling Fee
18206,d2722109-c832-45ba-a1cd-28523c319250,Standard Selling Fee
18207,d2722109-c832-45ba-a1cd-28523c319250,Standard Selling Fee
18208,d2722109-c832-45ba-a1cd-28523c319250,Standard Selling Fee
18209,d2722109-c832-45ba-a1cd-28523c319250,Standard Selling Fee
18210,d2722109-c832-45ba-a1cd-28523c319250,Standard Selling Fee
18211,d2722109-c832-45ba-a1cd-28523c319250,Standard Selling Fee
18212,d2722109-c832-45ba-a1cd-28523c319250,Standard Selling Fee
18213,d2722109-c832-45ba-a1cd-28523c319250,Standard Selling Fee
18214,d2722109-c832-45ba-a1cd-28523c319250,Standard Selling Fee
18215,d2722109-c832-45ba-a1cd-28523c319250,Standard Selling Fee
18216,d2722109-c832-45ba-a1cd-28523c319250,Standard Selling Fee
18217,d2722109-c832-45ba-a1cd-28523c319250,Standard Selling Fee
18218,d2722109-c832-45ba-a1cd-28523c319250,Standard Selling Fee
18220,d2722109-c832-45ba-a1cd-28523c319250,Standard Selling Fee
18221,d2722109-c832-45ba-a1cd-28523c319250,Standard Selling Fee
18222,d2722109-c832-45ba-a1cd-28523c319250,Standard Selling Fee
18223,d2722109-c832-45ba-a1cd-28523c319250,Standard Selling Fee
18224,d2722109-c832-45ba-a1cd-28523c319250,Standard Selling Fee
18225,d2722109-c832-45ba-a1cd-28523c319250,Standard Selling Fee
18226,d2722109-c832-45ba-a1cd-28523c319250,Standard Selling Fee
18227,d2722109-c832-45ba-a1cd-28523c319250,Standard Selling Fee
18228,d2722109-c832-45ba-a1cd-28523c319250,Standard Selling Fee
18229,d2722109-c832-45ba-a1cd-28523c319250,Standard Selling Fee
18230,d2722109-c832-45ba-a1cd-28523c319250,Standard Selling Fee
18231,d2722109-c832-45ba-a1cd-28523c319250,Standard Selling Fee
18232,d2722109-c832-45ba-a1cd-28523c319250,Standard Selling Fee
18234,d2722109-c832-45ba-a1cd-28523c319250,Standard Selling Fee
18236,d2722109-c832-45ba-a1cd-28523c319250,Standard Selling Fee
18237,d2722109-c832-45ba-a1cd-28523c319250,Standard Selling Fee
18238,d2722109-c832-45ba-a1cd-28523c319250,Standard Selling Fee
18239,d2722109-c832-45ba-a1cd-28523c319250,Standard Selling Fee
18240,d2722109-c832-45ba-a1cd-28523c319250,Standard Selling Fee
18241,d2722109-c832-45ba-a1cd-28523c319250,Standard Selling Fee
18242,d2722109-c832-45ba-a1cd-28523c319250,Standard Selling Fee
18243,d2722109-c832-45ba-a1cd-28523c319250,Standard Selling Fee
18244,d2722109-c832-45ba-a1cd-28523c319250,Standard Selling Fee
18245,9ccfe96a-49ad-472d-95fb-3029dee54069,"Arts, Crafts & Sewing"
18246,d2722109-c832-45ba-a1cd-28523c319250,Standard Selling Fee
18247,d2722109-c832-45ba-a1cd-28523c319250,Standard Selling Fee
18248,d2722109-c832-45ba-a1cd-28523c319250,Standard Selling Fee
18249,d2722109-c832-45ba-a1cd-28523c319250,Standard Selling Fee
18254,d2722109-c832-45ba-a1cd-28523c319250,Standard Selling Fee
18256,d2722109-c832-45ba-a1cd-28523c319250,Standard Selling Fee
18257,9ccfe96a-6a76-4522-8337-bea4f660a8ce,Consumer Electronics
18269,d2722109-c832-45ba-a1cd-28523c319250,Standard Selling Fee
18270,d2722109-c832-45ba-a1cd-28523c319250,Standard Selling Fee
18271,d2722109-c832-45ba-a1cd-28523c319250,Standard Selling Fee
18276,d2722109-c832-45ba-a1cd-28523c319250,Standard Selling Fee
18277,d2722109-c832-45ba-a1cd-28523c319250,Standard Selling Fee
18278,d2722109-c832-45ba-a1cd-28523c319250,Standard Selling Fee
18279,d2722109-c832-45ba-a1cd-28523c319250,Standard Selling Fee
18280,d2722109-c832-45ba-a1cd-28523c319250,Standard Selling Fee
18281,d2722109-c832-45ba-a1cd-28523c319250,Standard Selling Fee
18282,d2722109-c832-45ba-a1cd-28523c319250,Standard Selling Fee
18283,d2722109-c832-45ba-a1cd-28523c319250,Standard Selling Fee
18284,d2722109-c832-45ba-a1cd-28523c319250,Standard Selling Fee
18285,d2722109-c832-45ba-a1cd-28523c319250,Standard Selling Fee
18286,d2722109-c832-45ba-a1cd-28523c319250,Standard Selling Fee
18287,d2722109-c832-45ba-a1cd-28523c319250,Standard Selling Fee
18288,d2722109-c832-45ba-a1cd-28523c319250,Standard Selling Fee
18289,d2722109-c832-45ba-a1cd-28523c319250,Standard Selling Fee
18290,d2722109-c832-45ba-a1cd-28523c319250,Standard Selling Fee
18291,d2722109-c832-45ba-a1cd-28523c319250,Standard Selling Fee
18292,d2722109-c832-45ba-a1cd-28523c319250,Standard Selling Fee
18294,d2722109-c832-45ba-a1cd-28523c319250,Standard Selling Fee
18295,d2722109-c832-45ba-a1cd-28523c319250,Standard Selling Fee
18296,d2722109-c832-45ba-a1cd-28523c319250,Standard Selling Fee
18297,d2722109-c832-45ba-a1cd-28523c319250,Standard Selling Fee
18298,d2722109-c832-45ba-a1cd-28523c319250,Standard Selling Fee
18300,d2722109-c832-45ba-a1cd-28523c319250,Standard Selling Fee
18301,d2722109-c832-45ba-a1cd-28523c319250,Standard Selling Fee
18303,d2722109-c832-45ba-a1cd-28523c319250,Standard Selling Fee
18304,d2722109-c832-45ba-a1cd-28523c319250,Standard Selling Fee
18305,d2722109-c832-45ba-a1cd-28523c319250,Standard Selling Fee
18306,d2722109-c832-45ba-a1cd-28523c319250,Standard Selling Fee
18307,d2722109-c832-45ba-a1cd-28523c319250,Standard Selling Fee
19099,d2722109-c832-45ba-a1cd-28523c319250,Standard Selling Fee
19100,d2722109-c832-45ba-a1cd-28523c319250,Standard Selling Fee
19101,d2722109-c832-45ba-a1cd-28523c319250,Standard Selling Fee
19102,d2722109-c832-45ba-a1cd-28523c319250,Standard Selling Fee
19103,d2722109-c832-45ba-a1cd-28523c319250,Standard Selling Fee
19104,d2722109-c832-45ba-a1cd-28523c319250,Standard Selling Fee
19105,d2722109-c832-45ba-a1cd-28523c319250,Standard Selling Fee
19106,d2722109-c832-45ba-a1cd-28523c319250,Standard Selling Fee
19107,d2722109-c832-45ba-a1cd-28523c319250,Standard Selling Fee
19108,d2722109-c832-45ba-a1cd-28523c319250,Standard Selling Fee
19109,d2722109-c832-45ba-a1cd-28523c319250,Standard Selling Fee
19110,d2722109-c832-45ba-a1cd-28523c319250,Standard Selling Fee
19111,d2722109-c832-45ba-a1cd-28523c319250,Standard Selling Fee
19113,d2722109-c832-45ba-a1cd-28523c319250,Standard Selling Fee
19114,d2722109-c832-45ba-a1cd-28523c319250,Standard Selling Fee
19115,d2722109-c832-45ba-a1cd-28523c319250,Standard Selling Fee
19117,d2722109-c832-45ba-a1cd-28523c319250,Standard Selling Fee
19118,d2722109-c832-45ba-a1cd-28523c319250,Standard Selling Fee
19119,d2722109-c832-45ba-a1cd-28523c319250,Standard Selling Fee
19120,d2722109-c832-45ba-a1cd-28523c319250,Standard Selling Fee
19122,d2722109-c832-45ba-a1cd-28523c319250,Standard Selling Fee
19123,d2722109-c832-45ba-a1cd-28523c319250,Standard Selling Fee
19124,d2722109-c832-45ba-a1cd-28523c319250,Standard Selling Fee
19125,d2722109-c832-45ba-a1cd-28523c319250,Standard Selling Fee
19126,d2722109-c832-45ba-a1cd-28523c319250,Standard Selling Fee
19127,d2722109-c832-45ba-a1cd-28523c319250,Standard Selling Fee
19128,d2722109-c832-45ba-a1cd-28523c319250,Standard Selling Fee
19129,d2722109-c832-45ba-a1cd-28523c319250,Standard Selling Fee
19130,d2722109-c832-45ba-a1cd-28523c319250,Standard Selling Fee
19131,d2722109-c832-45ba-a1cd-28523c319250,Standard Selling Fee
19132,d2722109-c832-45ba-a1cd-28523c319250,Standard Selling Fee
19133,9ccfe96a-49ad-472d-95fb-3029dee54069,"Arts, Crafts & Sewing"
19134,d2722109-c832-45ba-a1cd-28523c319250,Standard Selling Fee
19135,d2722109-c832-45ba-a1cd-28523c319250,Standard Selling Fee
19136,d2722109-c832-45ba-a1cd-28523c319250,Standard Selling Fee
19137,d2722109-c832-45ba-a1cd-28523c319250,Standard Selling Fee
19138,d2722109-c832-45ba-a1cd-28523c319250,Standard Selling Fee
19139,d2722109-c832-45ba-a1cd-28523c319250,Standard Selling Fee
19140,d2722109-c832-45ba-a1cd-28523c319250,Standard Selling Fee
19141,d2722109-c832-45ba-a1cd-28523c319250,Standard Selling Fee
19142,d2722109-c832-45ba-a1cd-28523c319250,Standard Selling Fee
19143,d2722109-c832-45ba-a1cd-28523c319250,Standard Selling Fee
19145,d2722109-c832-45ba-a1cd-28523c319250,Standard Selling Fee
19146,d2722109-c832-45ba-a1cd-28523c319250,Standard Selling Fee
19148,d2722109-c832-45ba-a1cd-28523c319250,Standard Selling Fee
19149,d2722109-c832-45ba-a1cd-28523c319250,Standard Selling Fee
19150,d2722109-c832-45ba-a1cd-28523c319250,Standard Selling Fee
19151,d2722109-c832-45ba-a1cd-28523c319250,Standard Selling Fee
19152,d2722109-c832-45ba-a1cd-28523c319250,Standard Selling Fee
20168,d2722109-c832-45ba-a1cd-28523c319250,Standard Selling Fee
20169,d2722109-c832-45ba-a1cd-28523c319250,Standard Selling Fee
20170,d2722109-c832-45ba-a1cd-28523c319250,Standard Selling Fee
20171,d2722109-c832-45ba-a1cd-28523c319250,Standard Selling Fee
20172,d2722109-c832-45ba-a1cd-28523c319250,Standard Selling Fee
20173,9ccfec3c-5f02-11ef-b54d-0242ac120003,Watches
20174,9ccfec3c-5f02-11ef-b54d-0242ac120003,Watches
20175,9ccfec3c-5f02-11ef-b54d-0242ac120003,Watches
20176,9ccfec3c-5f02-11ef-b54d-0242ac120003,Watches
20177,9ccfec3c-5f02-11ef-b54d-0242ac120003,Watches
20179,9ccfe96a-49ad-472d-95fb-3029dee54069,"Arts, Crafts & Sewing"
20259,2d572e54-2fbd-4802-8e56-b577eb267e8b,Jewellery
20260,2d572e54-2fbd-4802-8e56-b577eb267e8b,Jewellery
20261,2d572e54-2fbd-4802-8e56-b577eb267e8b,Jewellery
20262,2d572e54-2fbd-4802-8e56-b577eb267e8b,Jewellery
20914,d2722109-c832-45ba-a1cd-28523c319250,Standard Selling Fee
21230,d2722109-c832-45ba-a1cd-28523c319250,Standard Selling Fee
21232,d2722109-c832-45ba-a1cd-28523c319250,Standard Selling Fee
21498,d2722109-c832-45ba-a1cd-28523c319250,Standard Selling Fee
21499,d2722109-c832-45ba-a1cd-28523c319250,Standard Selling Fee
22279,d2722109-c832-45ba-a1cd-28523c319250,Standard Selling Fee
22282,d2722109-c832-45ba-a1cd-28523c319250,Standard Selling Fee
22284,9ccfe96a-49ad-472d-95fb-3029dee54069,"Arts, Crafts & Sewing"
22285,9ccfe96a-408c-46a5-80ac-ad11c306a59b,Large Appliances
22286,d2722109-c832-45ba-a1cd-28523c319250,Standard Selling Fee
22287,d2722109-c832-45ba-a1cd-28523c319250,Standard Selling Fee
22288,d2722109-c832-45ba-a1cd-28523c319250,Standard Selling Fee
22289,d2722109-c832-45ba-a1cd-28523c319250,Standard Selling Fee
22290,d2722109-c832-45ba-a1cd-28523c319250,Standard Selling Fee
22291,d2722109-c832-45ba-a1cd-28523c319250,Standard Selling Fee
22292,d2722109-c832-45ba-a1cd-28523c319250,Standard Selling Fee
22293,d2722109-c832-45ba-a1cd-28523c319250,Standard Selling Fee
22294,9ccfe96a-408c-46a5-80ac-ad11c306a59b,Large Appliances
22295,d2722109-c832-45ba-a1cd-28523c319250,Standard Selling Fee
22296,d2722109-c832-45ba-a1cd-28523c319250,Standard Selling Fee
22297,d2722109-c832-45ba-a1cd-28523c319250,Standard Selling Fee
22298,d2722109-c832-45ba-a1cd-28523c319250,Standard Selling Fee
22299,9ccfe96a-408c-46a5-80ac-ad11c306a59b,Large Appliances
22300,d2722109-c832-45ba-a1cd-28523c319250,Standard Selling Fee
22301,d2722109-c832-45ba-a1cd-28523c319250,Standard Selling Fee
22302,9ccfe96a-49ad-472d-95fb-3029dee54069,"Arts, Crafts & Sewing"
22303,d2722109-c832-45ba-a1cd-28523c319250,Standard Selling Fee
22304,d2722109-c832-45ba-a1cd-28523c319250,Standard Selling Fee
22305,9ccfe96a-408c-46a5-80ac-ad11c306a59b,Large Appliances
22306,d2722109-c832-45ba-a1cd-28523c319250,Standard Selling Fee
22307,9ccfe96a-408c-46a5-80ac-ad11c306a59b,Large Appliances
22308,d2722109-c832-45ba-a1cd-28523c319250,Standard Selling Fee
22309,d2722109-c832-45ba-a1cd-28523c319250,Standard Selling Fee
22310,9ccfe96a-49ad-472d-95fb-3029dee54069,"Arts, Crafts & Sewing"
22311,d2722109-c832-45ba-a1cd-28523c319250,Standard Selling Fee
22312,d2722109-c832-45ba-a1cd-28523c319250,Standard Selling Fee
22313,d2722109-c832-45ba-a1cd-28523c319250,Standard Selling Fee
22314,d2722109-c832-45ba-a1cd-28523c319250,Standard Selling Fee
22315,d2722109-c832-45ba-a1cd-28523c319250,Standard Selling Fee
22316,d2722109-c832-45ba-a1cd-28523c319250,Standard Selling Fee
22317,d2722109-c832-45ba-a1cd-28523c319250,Standard Selling Fee
22318,d2722109-c832-45ba-a1cd-28523c319250,Standard Selling Fee
22319,d2722109-c832-45ba-a1cd-28523c319250,Standard Selling Fee
22320,d2722109-c832-45ba-a1cd-28523c319250,Standard Selling Fee
22321,d2722109-c832-45ba-a1cd-28523c319250,Standard Selling Fee
22322,d2722109-c832-45ba-a1cd-28523c319250,Standard Selling Fee
22323,d2722109-c832-45ba-a1cd-28523c319250,Standard Selling Fee
22324,d2722109-c832-45ba-a1cd-28523c319250,Standard Selling Fee
22325,d2722109-c832-45ba-a1cd-28523c319250,Standard Selling Fee
22326,9ccfe96a-49ad-472d-95fb-3029dee54069,"Arts, Crafts & Sewing"
22327,d2722109-c832-45ba-a1cd-28523c319250,Standard Selling Fee
22328,d2722109-c832-45ba-a1cd-28523c319250,Standard Selling Fee
22329,d2722109-c832-45ba-a1cd-28523c319250,Standard Selling Fee
22330,d2722109-c832-45ba-a1cd-28523c319250,Standard Selling Fee
22331,9ccfe96a-49ad-472d-95fb-3029dee54069,"Arts, Crafts & Sewing"
22332,9ccfe96a-408c-46a5-80ac-ad11c306a59b,Large Appliances
22333,9ccfe96a-408c-46a5-80ac-ad11c306a59b,Large Appliances
22334,9ccfe96a-408c-46a5-80ac-ad11c306a59b,Large Appliances
22335,9ccfe96a-408c-46a5-80ac-ad11c306a59b,Large Appliances
22336,9ccfe96a-49ad-472d-95fb-3029dee54069,"Arts, Crafts & Sewing"
22337,9ccfe96a-408c-46a5-80ac-ad11c306a59b,Large Appliances
22338,9ccfe96a-408c-46a5-80ac-ad11c306a59b,Large Appliances
22339,9ccfe96a-408c-46a5-80ac-ad11c306a59b,Large Appliances
22340,9ccfe96a-408c-46a5-80ac-ad11c306a59b,Large Appliances
22341,9ccfe96a-49ad-472d-95fb-3029dee54069,"Arts, Crafts & Sewing"
22342,d2722109-c832-45ba-a1cd-28523c319250,Standard Selling Fee
22343,d2722109-c832-45ba-a1cd-28523c319250,Standard Selling Fee
22344,d2722109-c832-45ba-a1cd-28523c319250,Standard Selling Fee
22345,9ccfe96a-49ad-472d-95fb-3029dee54069,"Arts, Crafts & Sewing"
22346,9ccfe96a-49ad-472d-95fb-3029dee54069,"Arts, Crafts & Sewing"
22347,d2722109-c832-45ba-a1cd-28523c319250,Standard Selling Fee
22348,d2722109-c832-45ba-a1cd-28523c319250,Standard Selling Fee
22349,d2722109-c832-45ba-a1cd-28523c319250,Standard Selling Fee
22350,9ccfe96a-49ad-472d-95fb-3029dee54069,"Arts, Crafts & Sewing"
22351,9ccfe96a-49ad-472d-95fb-3029dee54069,"Arts, Crafts & Sewing"
22352,9ccfe96a-49ad-472d-95fb-3029dee54069,"Arts, Crafts & Sewing"
22353,9ccfe96a-49ad-472d-95fb-3029dee54069,"Arts, Crafts & Sewing"
22354,d2722109-c832-45ba-a1cd-28523c319250,Standard Selling Fee
22356,d2722109-c832-45ba-a1cd-28523c319250,Standard Selling Fee
22357,d2722109-c832-45ba-a1cd-28523c319250,Standard Selling Fee
22358,d2722109-c832-45ba-a1cd-28523c319250,Standard Selling Fee
22359,d2722109-c832-45ba-a1cd-28523c319250,Standard Selling Fee
22360,d2722109-c832-45ba-a1cd-28523c319250,Standard Selling Fee
22361,d2722109-c832-45ba-a1cd-28523c319250,Standard Selling Fee
22362,d2722109-c832-45ba-a1cd-28523c319250,Standard Selling Fee
22363,d2722109-c832-45ba-a1cd-28523c319250,Standard Selling Fee
22364,d2722109-c832-45ba-a1cd-28523c319250,Standard Selling Fee
22365,d2722109-c832-45ba-a1cd-28523c319250,Standard Selling Fee
22366,d2722109-c832-45ba-a1cd-28523c319250,Standard Selling Fee
22367,d2722109-c832-45ba-a1cd-28523c319250,Standard Selling Fee
22369,d2722109-c832-45ba-a1cd-28523c319250,Standard Selling Fee
22370,d2722109-c832-45ba-a1cd-28523c319250,Standard Selling Fee
22371,d2722109-c832-45ba-a1cd-28523c319250,Standard Selling Fee
22372,9ccfe96a-49ad-472d-95fb-3029dee54069,"Arts, Crafts & Sewing"
22373,d2722109-c832-45ba-a1cd-28523c319250,Standard Selling Fee
22374,d2722109-c832-45ba-a1cd-28523c319250,Standard Selling Fee
22375,d2722109-c832-45ba-a1cd-28523c319250,Standard Selling Fee
22376,d2722109-c832-45ba-a1cd-28523c319250,Standard Selling Fee
22377,d2722109-c832-45ba-a1cd-28523c319250,Standard Selling Fee
22378,d2722109-c832-45ba-a1cd-28523c319250,Standard Selling Fee
22379,d2722109-c832-45ba-a1cd-28523c319250,Standard Selling Fee
22380,d2722109-c832-45ba-a1cd-28523c319250,Standard Selling Fee
22381,d2722109-c832-45ba-a1cd-28523c319250,Standard Selling Fee
22382,d2722109-c832-45ba-a1cd-28523c319250,Standard Selling Fee
22383,d2722109-c832-45ba-a1cd-28523c319250,Standard Selling Fee
22384,d2722109-c832-45ba-a1cd-28523c319250,Standard Selling Fee
22385,d2722109-c832-45ba-a1cd-28523c319250,Standard Selling Fee
22386,d2722109-c832-45ba-a1cd-28523c319250,Standard Selling Fee
22388,d2722109-c832-45ba-a1cd-28523c319250,Standard Selling Fee
22390,d2722109-c832-45ba-a1cd-28523c319250,Standard Selling Fee
22400,9ccfe96a-49ad-472d-95fb-3029dee54069,"Arts, Crafts & Sewing"
22404,d2722109-c832-45ba-a1cd-28523c319250,Standard Selling Fee
22406,d2722109-c832-45ba-a1cd-28523c319250,Standard Selling Fee
22407,d2722109-c832-45ba-a1cd-28523c319250,Standard Selling Fee
22408,d2722109-c832-45ba-a1cd-28523c319250,Standard Selling Fee
22409,9ccfe96a-49ad-472d-95fb-3029dee54069,"Arts, Crafts & Sewing"
22410,d2722109-c832-45ba-a1cd-28523c319250,Standard Selling Fee
22411,d2722109-c832-45ba-a1cd-28523c319250,Standard Selling Fee
22412,d2722109-c832-45ba-a1cd-28523c319250,Standard Selling Fee
22427,d2722109-c832-45ba-a1cd-28523c319250,Standard Selling Fee
22428,d2722109-c832-45ba-a1cd-28523c319250,Standard Selling Fee
22430,d2722109-c832-45ba-a1cd-28523c319250,Standard Selling Fee
22432,d2722109-c832-45ba-a1cd-28523c319250,Standard Selling Fee
22487,d2722109-c832-45ba-a1cd-28523c319250,Standard Selling Fee
22488,d2722109-c832-45ba-a1cd-28523c319250,Standard Selling Fee
22489,d2722109-c832-45ba-a1cd-28523c319250,Standard Selling Fee
22490,d2722109-c832-45ba-a1cd-28523c319250,Standard Selling Fee
22566,d2722109-c832-45ba-a1cd-28523c319250,Standard Selling Fee
22573,d2722109-c832-45ba-a1cd-28523c319250,Standard Selling Fee
22574,d2722109-c832-45ba-a1cd-28523c319250,Standard Selling Fee
22579,d2722109-c832-45ba-a1cd-28523c319250,Standard Selling Fee
22587,9ccfe96a-49ad-472d-95fb-3029dee54069,"Arts, Crafts & Sewing"
22588,9ccfe96a-49ad-472d-95fb-3029dee54069,"Arts, Crafts & Sewing"
22590,d2722109-c832-45ba-a1cd-28523c319250,Standard Selling Fee
22591,d2722109-c832-45ba-a1cd-28523c319250,Standard Selling Fee
22592,d2722109-c832-45ba-a1cd-28523c319250,Standard Selling Fee
22593,d2722109-c832-45ba-a1cd-28523c319250,Standard Selling Fee
22670,98ce396a-7acc-4555-8227-184f0d849d60,
22687,d2722109-c832-45ba-a1cd-28523c319250,Standard Selling Fee
22691,d2722109-c832-45ba-a1cd-28523c319250,Standard Selling Fee
24507,d2722109-c832-45ba-a1cd-28523c319250,Standard Selling Fee
24514,d2722109-c832-45ba-a1cd-28523c319250,Standard Selling Fee
24923,d2722109-c832-45ba-a1cd-28523c319250,Standard Selling Fee
25590,d2722109-c832-45ba-a1cd-28523c319250,Standard Selling Fee
25680,d2722109-c832-45ba-a1cd-28523c319250,Standard Selling Fee
25681,9ccfe96a-49ad-472d-95fb-3029dee54069,"Arts, Crafts & Sewing"
25682,9ccfe96a-82e7-4089-a9ff-f751e8c3cf93,DIY & Tools
25683,9ccfe96a-82e7-4089-a9ff-f751e8c3cf93,DIY & Tools
25875,d2722109-c832-45ba-a1cd-28523c319250,Standard Selling Fee
25876,d2722109-c832-45ba-a1cd-28523c319250,Standard Selling Fee
25877,9ccfe96a-82e7-4089-a9ff-f751e8c3cf93,DIY & Tools
25878,9ccfe96a-82e7-4089-a9ff-f751e8c3cf93,DIY & Tools
25879,9ccfe96a-82e7-4089-a9ff-f751e8c3cf93,DIY & Tools
25884,d2722109-c832-45ba-a1cd-28523c319250,Standard Selling Fee
25886,d2722109-c832-45ba-a1cd-28523c319250,Standard Selling Fee
25888,d2722109-c832-45ba-a1cd-28523c319250,Standard Selling Fee
25889,d2722109-c832-45ba-a1cd-28523c319250,Standard Selling Fee
25890,9ccfe96a-82e7-4089-a9ff-f751e8c3cf93,DIY & Tools
25891,d2722109-c832-45ba-a1cd-28523c319250,Standard Selling Fee
25892,9ccfe96a-82e7-4089-a9ff-f751e8c3cf93,DIY & Tools
25893,d2722109-c832-45ba-a1cd-28523c319250,Standard Selling Fee
25894,d2722109-c832-45ba-a1cd-28523c319250,Standard Selling Fee
25895,d2722109-c832-45ba-a1cd-28523c319250,Standard Selling Fee
25974,d2722109-c832-45ba-a1cd-28523c319250,Standard Selling Fee
25976,d2722109-c832-45ba-a1cd-28523c319250,Standard Selling Fee
25977,d2722109-c832-45ba-a1cd-28523c319250,Standard Selling Fee
25978,d2722109-c832-45ba-a1cd-28523c319250,Standard Selling Fee
25979,d2722109-c832-45ba-a1cd-28523c319250,Standard Selling Fee
25980,d2722109-c832-45ba-a1cd-28523c319250,Standard Selling Fee
25981,d2722109-c832-45ba-a1cd-28523c319250,Standard Selling Fee
25982,9ccfe96a-82e7-4089-a9ff-f751e8c3cf93,DIY & Tools
25984,9ccfe96a-408c-46a5-80ac-ad11c306a59b,Large Appliances
25985,9ccfe96a-408c-46a5-80ac-ad11c306a59b,Large Appliances
25986,9ccfe96a-408c-46a5-80ac-ad11c306a59b,Large Appliances
25995,9ccfe96a-6a76-4522-8337-bea4f660a8ce,Consumer Electronics
25997,d2722109-c832-45ba-a1cd-28523c319250,Standard Selling Fee
26001,d2722109-c832-45ba-a1cd-28523c319250,Standard Selling Fee
26004,d2722109-c832-45ba-a1cd-28523c319250,Standard Selling Fee
26007,d2722109-c832-45ba-a1cd-28523c319250,Standard Selling Fee
26008,d2722109-c832-45ba-a1cd-28523c319250,Standard Selling Fee
26171,d2722109-c832-45ba-a1cd-28523c319250,Standard Selling Fee
26172,d2722109-c832-45ba-a1cd-28523c319250,Standard Selling Fee
26173,d2722109-c832-45ba-a1cd-28523c319250,Standard Selling Fee
26174,d2722109-c832-45ba-a1cd-28523c319250,Standard Selling Fee
26392,d2722109-c832-45ba-a1cd-28523c319250,Standard Selling Fee
26510,98ce396a-7acc-4555-8227-184f0d849d60,
26512,98ce396a-7acc-4555-8227-184f0d849d60,
26513,98ce396a-7acc-4555-8227-184f0d849d60,
26550,d2722109-c832-45ba-a1cd-28523c319250,Standard Selling Fee
26553,98ce396a-7acc-4555-8227-184f0d849d60,
26557,d2722109-c832-45ba-a1cd-28523c319250,Standard Selling Fee
26830,9ccfe96a-6a76-4522-8337-bea4f660a8ce,Consumer Electronics
26901,98ce396a-7acc-4555-8227-184f0d849d60,
27089,9ccfe96a-82e7-4089-a9ff-f751e8c3cf93,DIY & Tools
27091,9ccfe96a-82e7-4089-a9ff-f751e8c3cf93,DIY & Tools
27662,d2722109-c832-45ba-a1cd-28523c319250,Standard Selling Fee
27663,d2722109-c832-45ba-a1cd-28523c319250,Standard Selling Fee
27664,d2722109-c832-45ba-a1cd-28523c319250,Standard Selling Fee
27665,d2722109-c832-45ba-a1cd-28523c319250,Standard Selling Fee
27666,d2722109-c832-45ba-a1cd-28523c319250,Standard Selling Fee
27667,d2722109-c832-45ba-a1cd-28523c319250,Standard Selling Fee
27668,d2722109-c832-45ba-a1cd-28523c319250,Standard Selling Fee
27831,9ccfe96a-c425-4fd4-afa4-31a6fec9e365,Power Tools
27840,9ccfe96a-82e7-4089-a9ff-f751e8c3cf93,DIY & Tools
27841,9ccfe96a-82e7-4089-a9ff-f751e8c3cf93,DIY & Tools
27842,d2722109-c832-45ba-a1cd-28523c319250,Standard Selling Fee
28041,d2722109-c832-45ba-a1cd-28523c319250,Standard Selling Fee
28043,9ccfe96a-8b11-4222-bd32-f306fc9e7484,Electronic Accessories
28044,9ccfe96a-49ad-472d-95fb-3029dee54069,"Arts, Crafts & Sewing"
28045,d2722109-c832-45ba-a1cd-28523c319250,Standard Selling Fee
28046,d2722109-c832-45ba-a1cd-28523c319250,Standard Selling Fee
28683,d2722109-c832-45ba-a1cd-28523c319250,Standard Selling Fee
28698,d2722109-c832-45ba-a1cd-28523c319250,Standard Selling Fee
28700,d2722109-c832-45ba-a1cd-28523c319250,Standard Selling Fee
28706,d2722109-c832-45ba-a1cd-28523c319250,Standard Selling Fee
28708,9ccfe96a-49ad-472d-95fb-3029dee54069,"Arts, Crafts & Sewing"
28709,d2722109-c832-45ba-a1cd-28523c319250,Standard Selling Fee
28710,9ccfe96a-49ad-472d-95fb-3029dee54069,"Arts, Crafts & Sewing"
28711,d2722109-c832-45ba-a1cd-28523c319250,Standard Selling Fee
28712,d2722109-c832-45ba-a1cd-28523c319250,Standard Selling Fee
28713,d2722109-c832-45ba-a1cd-28523c319250,Standard Selling Fee
28714,d2722109-c832-45ba-a1cd-28523c319250,Standard Selling Fee
28715,d2722109-c832-45ba-a1cd-28523c319250,Standard Selling Fee
28716,d2722109-c832-45ba-a1cd-28523c319250,Standard Selling Fee
28717,d2722109-c832-45ba-a1cd-28523c319250,Standard Selling Fee
28719,d2722109-c832-45ba-a1cd-28523c319250,Standard Selling Fee
28720,d2722109-c832-45ba-a1cd-28523c319250,Standard Selling Fee
28721,d2722109-c832-45ba-a1cd-28523c319250,Standard Selling Fee
28723,d2722109-c832-45ba-a1cd-28523c319250,Standard Selling Fee
28725,d2722109-c832-45ba-a1cd-28523c319250,Standard Selling Fee
28726,d2722109-c832-45ba-a1cd-28523c319250,Standard Selling Fee
28727,9ccfe96a-49ad-472d-95fb-3029dee54069,"Arts, Crafts & Sewing"
28728,9ccfe96a-82e7-4089-a9ff-f751e8c3cf93,DIY & Tools
28729,9ccfe96a-82e7-4089-a9ff-f751e8c3cf93,DIY & Tools
28791,9ccfe96a-6a76-4522-8337-bea4f660a8ce,Consumer Electronics
28793,9ccfe96a-6a76-4522-8337-bea4f660a8ce,Consumer Electronics
28794,9ccfe96a-6a76-4522-8337-bea4f660a8ce,Consumer Electronics
28795,9ccfe96a-6a76-4522-8337-bea4f660a8ce,Consumer Electronics
28796,d2722109-c832-45ba-a1cd-28523c319250,Standard Selling Fee
28797,d2722109-c832-45ba-a1cd-28523c319250,Standard Selling Fee
28799,9ccfe96a-82e7-4089-a9ff-f751e8c3cf93,DIY & Tools
28800,9ccfe96a-6a76-4522-8337-bea4f660a8ce,Consumer Electronics
29951,d2722109-c832-45ba-a1cd-28523c319250,Standard Selling Fee
30347,d2722109-c832-45ba-a1cd-28523c319250,Standard Selling Fee
30576,9ccfe96a-82e7-4089-a9ff-f751e8c3cf93,DIY & Tools
30577,d2722109-c832-45ba-a1cd-28523c319250,Standard Selling Fee
30830,d2722109-c832-45ba-a1cd-28523c319250,Standard Selling Fee
30832,d2722109-c832-45ba-a1cd-28523c319250,Standard Selling Fee
30833,d2722109-c832-45ba-a1cd-28523c319250,Standard Selling Fee
30834,d2722109-c832-45ba-a1cd-28523c319250,Standard Selling Fee
30883,d2722109-c832-45ba-a1cd-28523c319250,Standard Selling Fee
30901,d2722109-c832-45ba-a1cd-28523c319250,Standard Selling Fee
31216,9ccfe96a-49ad-472d-95fb-3029dee54069,"Arts, Crafts & Sewing"
31217,d2722109-c832-45ba-a1cd-28523c319250,Standard Selling Fee
31218,d2722109-c832-45ba-a1cd-28523c319250,Standard Selling Fee
31219,d2722109-c832-45ba-a1cd-28523c319250,Standard Selling Fee
31463,d2722109-c832-45ba-a1cd-28523c319250,Standard Selling Fee
31498,9ccfe96a-82e7-4089-a9ff-f751e8c3cf93,DIY & Tools
31502,9ccfe96a-49ad-472d-95fb-3029dee54069,"Arts, Crafts & Sewing"
31567,d2722109-c832-45ba-a1cd-28523c319250,Standard Selling Fee
31568,d2722109-c832-45ba-a1cd-28523c319250,Standard Selling Fee
31569,d2722109-c832-45ba-a1cd-28523c319250,Standard Selling Fee
31570,d2722109-c832-45ba-a1cd-28523c319250,Standard Selling Fee
31575,d2722109-c832-45ba-a1cd-28523c319250,Standard Selling Fee
31576,d2722109-c832-45ba-a1cd-28523c319250,Standard Selling Fee
31577,9ccfe96a-82e7-4089-a9ff-f751e8c3cf93,DIY & Tools
31578,d2722109-c832-45ba-a1cd-28523c319250,Standard Selling Fee
31579,d2722109-c832-45ba-a1cd-28523c319250,Standard Selling Fee
31580,d2722109-c832-45ba-a1cd-28523c319250,Standard Selling Fee
31581,d2722109-c832-45ba-a1cd-28523c319250,Standard Selling Fee
31582,d2722109-c832-45ba-a1cd-28523c319250,Standard Selling Fee
31583,d2722109-c832-45ba-a1cd-28523c319250,Standard Selling Fee
31584,d2722109-c832-45ba-a1cd-28523c319250,Standard Selling Fee
31585,d2722109-c832-45ba-a1cd-28523c319250,Standard Selling Fee
31586,d2722109-c832-45ba-a1cd-28523c319250,Standard Selling Fee
31587,d2722109-c832-45ba-a1cd-28523c319250,Standard Selling Fee
31588,d2722109-c832-45ba-a1cd-28523c319250,Standard Selling Fee
31589,d2722109-c832-45ba-a1cd-28523c319250,Standard Selling Fee
31590,9ccfe96a-82e7-4089-a9ff-f751e8c3cf93,DIY & Tools
31592,9ccfe96a-49ad-472d-95fb-3029dee54069,"Arts, Crafts & Sewing"
31593,9ccfe96a-49ad-472d-95fb-3029dee54069,"Arts, Crafts & Sewing"
31594,9ccfe96a-82e7-4089-a9ff-f751e8c3cf93,DIY & Tools
31595,9ccfe96a-82e7-4089-a9ff-f751e8c3cf93,DIY & Tools
31596,9ccfe96a-c425-4fd4-afa4-31a6fec9e365,Power Tools
31597,9ccfe96a-c425-4fd4-afa4-31a6fec9e365,Power Tools
31599,9ccfe96a-82e7-4089-a9ff-f751e8c3cf93,DIY & Tools
31600,9ccfe96a-82e7-4089-a9ff-f751e8c3cf93,DIY & Tools
31601,9ccfe96a-82e7-4089-a9ff-f751e8c3cf93,DIY & Tools
31603,9ccfe96a-49ad-472d-95fb-3029dee54069,"Arts, Crafts & Sewing"
31604,9ccfe96a-82e7-4089-a9ff-f751e8c3cf93,DIY & Tools
31605,9ccfe96a-82e7-4089-a9ff-f751e8c3cf93,DIY & Tools
31606,9ccfe96a-82e7-4089-a9ff-f751e8c3cf93,DIY & Tools
31607,9ccfe96a-82e7-4089-a9ff-f751e8c3cf93,DIY & Tools
31608,9ccfe96a-82e7-4089-a9ff-f751e8c3cf93,DIY & Tools
31609,9ccfe96a-82e7-4089-a9ff-f751e8c3cf93,DIY & Tools
31610,9ccfe96a-82e7-4089-a9ff-f751e8c3cf93,DIY & Tools
31611,9ccfe96a-82e7-4089-a9ff-f751e8c3cf93,DIY & Tools
31612,9ccfe96a-82e7-4089-a9ff-f751e8c3cf93,DIY & Tools
31613,9ccfe96a-82e7-4089-a9ff-f751e8c3cf93,DIY & Tools
31614,9ccfe96a-82e7-4089-a9ff-f751e8c3cf93,DIY & Tools
31615,9ccfe96a-82e7-4089-a9ff-f751e8c3cf93,DIY & Tools
31616,9ccfe96a-82e7-4089-a9ff-f751e8c3cf93,DIY & Tools
31617,9ccfe96a-82e7-4089-a9ff-f751e8c3cf93,DIY & Tools
31619,d2722109-c832-45ba-a1cd-28523c319250,Standard Selling Fee
31621,d2722109-c832-45ba-a1cd-28523c319250,Standard Selling Fee
31622,d2722109-c832-45ba-a1cd-28523c319250,Standard Selling Fee
31623,d2722109-c832-45ba-a1cd-28523c319250,Standard Selling Fee
31624,d2722109-c832-45ba-a1cd-28523c319250,Standard Selling Fee
31625,d2722109-c832-45ba-a1cd-28523c319250,Standard Selling Fee
31626,d2722109-c832-45ba-a1cd-28523c319250,Standard Selling Fee
31627,9ccfe96a-82e7-4089-a9ff-f751e8c3cf93,DIY & Tools
31716,9ccfe96a-82e7-4089-a9ff-f751e8c3cf93,DIY & Tools
31717,d2722109-c832-45ba-a1cd-28523c319250,Standard Selling Fee
31718,d2722109-c832-45ba-a1cd-28523c319250,Standard Selling Fee
31719,9ccfe96a-82e7-4089-a9ff-f751e8c3cf93,DIY & Tools
31720,d2722109-c832-45ba-a1cd-28523c319250,Standard Selling Fee
31721,d2722109-c832-45ba-a1cd-28523c319250,Standard Selling Fee
31722,d2722109-c832-45ba-a1cd-28523c319250,Standard Selling Fee
31723,d2722109-c832-45ba-a1cd-28523c319250,Standard Selling Fee
31816,d2722109-c832-45ba-a1cd-28523c319250,Standard Selling Fee
31819,d2722109-c832-45ba-a1cd-28523c319250,Standard Selling Fee
31936,d2722109-c832-45ba-a1cd-28523c319250,Standard Selling Fee
31937,d2722109-c832-45ba-a1cd-28523c319250,Standard Selling Fee
31942,d2722109-c832-45ba-a1cd-28523c319250,Standard Selling Fee
31943,d2722109-c832-45ba-a1cd-28523c319250,Standard Selling Fee
32014,d2722109-c832-45ba-a1cd-28523c319250,Standard Selling Fee
32168,d2722109-c832-45ba-a1cd-28523c319250,Standard Selling Fee
32169,d2722109-c832-45ba-a1cd-28523c319250,Standard Selling Fee
32170,d2722109-c832-45ba-a1cd-28523c319250,Standard Selling Fee
32171,d2722109-c832-45ba-a1cd-28523c319250,Standard Selling Fee
32172,d2722109-c832-45ba-a1cd-28523c319250,Standard Selling Fee
32173,d2722109-c832-45ba-a1cd-28523c319250,Standard Selling Fee
32174,d2722109-c832-45ba-a1cd-28523c319250,Standard Selling Fee
32175,d2722109-c832-45ba-a1cd-28523c319250,Standard Selling Fee
32176,d2722109-c832-45ba-a1cd-28523c319250,Standard Selling Fee
32177,d2722109-c832-45ba-a1cd-28523c319250,Standard Selling Fee
32178,d2722109-c832-45ba-a1cd-28523c319250,Standard Selling Fee
32179,9ccfe96b-0475-4c53-afee-b798ab63598a,Sports & Outdoors
32180,d2722109-c832-45ba-a1cd-28523c319250,Standard Selling Fee
32182,d2722109-c832-45ba-a1cd-28523c319250,Standard Selling Fee
32183,d2722109-c832-45ba-a1cd-28523c319250,Standard Selling Fee
32184,d2722109-c832-45ba-a1cd-28523c319250,Standard Selling Fee
32185,d2722109-c832-45ba-a1cd-28523c319250,Standard Selling Fee
32186,d2722109-c832-45ba-a1cd-28523c319250,Standard Selling Fee
32187,d2722109-c832-45ba-a1cd-28523c319250,Standard Selling Fee
32188,d2722109-c832-45ba-a1cd-28523c319250,Standard Selling Fee
32189,d2722109-c832-45ba-a1cd-28523c319250,Standard Selling Fee
32190,d2722109-c832-45ba-a1cd-28523c319250,Standard Selling Fee
32191,d2722109-c832-45ba-a1cd-28523c319250,Standard Selling Fee
32192,9ccfe96a-49ad-472d-95fb-3029dee54069,"Arts, Crafts & Sewing"
32193,9ccfe96a-49ad-472d-95fb-3029dee54069,"Arts, Crafts & Sewing"
32194,9ccfe96a-49ad-472d-95fb-3029dee54069,"Arts, Crafts & Sewing"
32197,d2722109-c832-45ba-a1cd-28523c319250,Standard Selling Fee
32198,9ccfe96a-6a76-4522-8337-bea4f660a8ce,Consumer Electronics
32241,d2722109-c832-45ba-a1cd-28523c319250,Standard Selling Fee
32263,d2722109-c832-45ba-a1cd-28523c319250,Standard Selling Fee
32264,d2722109-c832-45ba-a1cd-28523c319250,Standard Selling Fee
32265,d2722109-c832-45ba-a1cd-28523c319250,Standard Selling Fee
32266,d2722109-c832-45ba-a1cd-28523c319250,Standard Selling Fee
32269,d2722109-c832-45ba-a1cd-28523c319250,Standard Selling Fee
32382,9ccfe96a-49ad-472d-95fb-3029dee54069,"Arts, Crafts & Sewing"
32425,9ccfe96a-49ad-472d-95fb-3029dee54069,"Arts, Crafts & Sewing"
32426,d2722109-c832-45ba-a1cd-28523c319250,Standard Selling Fee
32427,9ccfe96a-49ad-472d-95fb-3029dee54069,"Arts, Crafts & Sewing"
32428,d2722109-c832-45ba-a1cd-28523c319250,Standard Selling Fee
32429,d2722109-c832-45ba-a1cd-28523c319250,Standard Selling Fee
32430,d2722109-c832-45ba-a1cd-28523c319250,Standard Selling Fee
32431,d2722109-c832-45ba-a1cd-28523c319250,Standard Selling Fee
32432,d2722109-c832-45ba-a1cd-28523c319250,Standard Selling Fee
32433,d2722109-c832-45ba-a1cd-28523c319250,Standard Selling Fee
32434,d2722109-c832-45ba-a1cd-28523c319250,Standard Selling Fee
32435,d2722109-c832-45ba-a1cd-28523c319250,Standard Selling Fee
32436,d2722109-c832-45ba-a1cd-28523c319250,Standard Selling Fee
32437,d2722109-c832-45ba-a1cd-28523c319250,Standard Selling Fee
32438,d2722109-c832-45ba-a1cd-28523c319250,Standard Selling Fee
32439,d2722109-c832-45ba-a1cd-28523c319250,Standard Selling Fee
32440,d2722109-c832-45ba-a1cd-28523c319250,Standard Selling Fee
32441,d2722109-c832-45ba-a1cd-28523c319250,Standard Selling Fee
32795,d2722109-c832-45ba-a1cd-28523c319250,Standard Selling Fee
32796,d2722109-c832-45ba-a1cd-28523c319250,Standard Selling Fee
32797,d2722109-c832-45ba-a1cd-28523c319250,Standard Selling Fee
32798,d2722109-c832-45ba-a1cd-28523c319250,Standard Selling Fee
32799,d2722109-c832-45ba-a1cd-28523c319250,Standard Selling Fee
32800,d2722109-c832-45ba-a1cd-28523c319250,Standard Selling Fee
32801,d2722109-c832-45ba-a1cd-28523c319250,Standard Selling Fee
32802,d2722109-c832-45ba-a1cd-28523c319250,Standard Selling Fee
32877,d2722109-c832-45ba-a1cd-28523c319250,Standard Selling Fee
32878,d2722109-c832-45ba-a1cd-28523c319250,Standard Selling Fee
32879,d2722109-c832-45ba-a1cd-28523c319250,Standard Selling Fee
32880,d2722109-c832-45ba-a1cd-28523c319250,Standard Selling Fee
32881,d2722109-c832-45ba-a1cd-28523c319250,Standard Selling Fee
32882,d2722109-c832-45ba-a1cd-28523c319250,Standard Selling Fee
32883,d2722109-c832-45ba-a1cd-28523c319250,Standard Selling Fee
32963,d2722109-c832-45ba-a1cd-28523c319250,Standard Selling Fee
32964,d2722109-c832-45ba-a1cd-28523c319250,Standard Selling Fee
32965,d2722109-c832-45ba-a1cd-28523c319250,Standard Selling Fee
32966,d2722109-c832-45ba-a1cd-28523c319250,Standard Selling Fee
32967,d2722109-c832-45ba-a1cd-28523c319250,Standard Selling Fee
32968,d2722109-c832-45ba-a1cd-28523c319250,Standard Selling Fee
32969,d2722109-c832-45ba-a1cd-28523c319250,Standard Selling Fee
32970,d2722109-c832-45ba-a1cd-28523c319250,Standard Selling Fee
32971,d2722109-c832-45ba-a1cd-28523c319250,Standard Selling Fee
32972,d2722109-c832-45ba-a1cd-28523c319250,Standard Selling Fee
32973,d2722109-c832-45ba-a1cd-28523c319250,Standard Selling Fee
32974,d2722109-c832-45ba-a1cd-28523c319250,Standard Selling Fee
32975,d2722109-c832-45ba-a1cd-28523c319250,Standard Selling Fee
32976,d2722109-c832-45ba-a1cd-28523c319250,Standard Selling Fee
32977,d2722109-c832-45ba-a1cd-28523c319250,Standard Selling Fee
32978,d2722109-c832-45ba-a1cd-28523c319250,Standard Selling Fee
32979,d2722109-c832-45ba-a1cd-28523c319250,Standard Selling Fee
32980,d2722109-c832-45ba-a1cd-28523c319250,Standard Selling Fee
32981,d2722109-c832-45ba-a1cd-28523c319250,Standard Selling Fee
32982,d2722109-c832-45ba-a1cd-28523c319250,Standard Selling Fee
32983,d2722109-c832-45ba-a1cd-28523c319250,Standard Selling Fee
32984,d2722109-c832-45ba-a1cd-28523c319250,Standard Selling Fee
32985,d2722109-c832-45ba-a1cd-28523c319250,Standard Selling Fee
32986,d2722109-c832-45ba-a1cd-28523c319250,Standard Selling Fee
32987,d2722109-c832-45ba-a1cd-28523c319250,Standard Selling Fee
32988,d2722109-c832-45ba-a1cd-28523c319250,Standard Selling Fee
32989,d2722109-c832-45ba-a1cd-28523c319250,Standard Selling Fee
32990,d2722109-c832-45ba-a1cd-28523c319250,Standard Selling Fee
32991,d2722109-c832-45ba-a1cd-28523c319250,Standard Selling Fee
32992,d2722109-c832-45ba-a1cd-28523c319250,Standard Selling Fee
32993,d2722109-c832-45ba-a1cd-28523c319250,Standard Selling Fee
32994,d2722109-c832-45ba-a1cd-28523c319250,Standard Selling Fee
32995,d2722109-c832-45ba-a1cd-28523c319250,Standard Selling Fee
32996,d2722109-c832-45ba-a1cd-28523c319250,Standard Selling Fee
32997,d2722109-c832-45ba-a1cd-28523c319250,Standard Selling Fee
32998,9ccfe96a-49ad-472d-95fb-3029dee54069,"Arts, Crafts & Sewing"
32999,d2722109-c832-45ba-a1cd-28523c319250,Standard Selling Fee
33001,d2722109-c832-45ba-a1cd-28523c319250,Standard Selling Fee
33002,d2722109-c832-45ba-a1cd-28523c319250,Standard Selling Fee
33003,d2722109-c832-45ba-a1cd-28523c319250,Standard Selling Fee
33004,d2722109-c832-45ba-a1cd-28523c319250,Standard Selling Fee
33005,d2722109-c832-45ba-a1cd-28523c319250,Standard Selling Fee
33006,9ccfe96a-49ad-472d-95fb-3029dee54069,"Arts, Crafts & Sewing"
33007,d2722109-c832-45ba-a1cd-28523c319250,Standard Selling Fee
33008,d2722109-c832-45ba-a1cd-28523c319250,Standard Selling Fee
33010,d2722109-c832-45ba-a1cd-28523c319250,Standard Selling Fee
33011,d2722109-c832-45ba-a1cd-28523c319250,Standard Selling Fee
33012,d2722109-c832-45ba-a1cd-28523c319250,Standard Selling Fee
33015,d2722109-c832-45ba-a1cd-28523c319250,Standard Selling Fee
33016,d2722109-c832-45ba-a1cd-28523c319250,Standard Selling Fee
33017,d2722109-c832-45ba-a1cd-28523c319250,Standard Selling Fee
33018,d2722109-c832-45ba-a1cd-28523c319250,Standard Selling Fee
33020,d2722109-c832-45ba-a1cd-28523c319250,Standard Selling Fee
33021,d2722109-c832-45ba-a1cd-28523c319250,Standard Selling Fee
33022,d2722109-c832-45ba-a1cd-28523c319250,Standard Selling Fee
33023,d2722109-c832-45ba-a1cd-28523c319250,Standard Selling Fee
33030,98ce396a-7acc-4555-8227-184f0d849d60,
33041,d2722109-c832-45ba-a1cd-28523c319250,Standard Selling Fee
33042,d2722109-c832-45ba-a1cd-28523c319250,Standard Selling Fee
33043,d2722109-c832-45ba-a1cd-28523c319250,Standard Selling Fee
33050,d2722109-c832-45ba-a1cd-28523c319250,Standard Selling Fee
33051,d2722109-c832-45ba-a1cd-28523c319250,Standard Selling Fee
33052,d2722109-c832-45ba-a1cd-28523c319250,Standard Selling Fee
33053,d2722109-c832-45ba-a1cd-28523c319250,Standard Selling Fee
33054,d2722109-c832-45ba-a1cd-28523c319250,Standard Selling Fee
33055,d2722109-c832-45ba-a1cd-28523c319250,Standard Selling Fee
33058,d2722109-c832-45ba-a1cd-28523c319250,Standard Selling Fee
33064,d2722109-c832-45ba-a1cd-28523c319250,Standard Selling Fee
33065,d2722109-c832-45ba-a1cd-28523c319250,Standard Selling Fee
33066,d2722109-c832-45ba-a1cd-28523c319250,Standard Selling Fee
33067,d2722109-c832-45ba-a1cd-28523c319250,Standard Selling Fee
33068,d2722109-c832-45ba-a1cd-28523c319250,Standard Selling Fee
33069,d2722109-c832-45ba-a1cd-28523c319250,Standard Selling Fee
33070,d2722109-c832-45ba-a1cd-28523c319250,Standard Selling Fee
33071,d2722109-c832-45ba-a1cd-28523c319250,Standard Selling Fee
33072,d2722109-c832-45ba-a1cd-28523c319250,Standard Selling Fee
33073,d2722109-c832-45ba-a1cd-28523c319250,Standard Selling Fee
33074,d2722109-c832-45ba-a1cd-28523c319250,Standard Selling Fee
33075,d2722109-c832-45ba-a1cd-28523c319250,Standard Selling Fee
33076,d2722109-c832-45ba-a1cd-28523c319250,Standard Selling Fee
33077,d2722109-c832-45ba-a1cd-28523c319250,Standard Selling Fee
33083,d2722109-c832-45ba-a1cd-28523c319250,Standard Selling Fee
33086,d2722109-c832-45ba-a1cd-28523c319250,Standard Selling Fee
33087,d2722109-c832-45ba-a1cd-28523c319250,Standard Selling Fee
33088,d2722109-c832-45ba-a1cd-28523c319250,Standard Selling Fee
33089,d2722109-c832-45ba-a1cd-28523c319250,Standard Selling Fee
33090,d2722109-c832-45ba-a1cd-28523c319250,Standard Selling Fee
33091,d2722109-c832-45ba-a1cd-28523c319250,Standard Selling Fee
33092,d2722109-c832-45ba-a1cd-28523c319250,Standard Selling Fee
33093,d2722109-c832-45ba-a1cd-28523c319250,Standard Selling Fee
33094,d2722109-c832-45ba-a1cd-28523c319250,Standard Selling Fee
33095,d2722109-c832-45ba-a1cd-28523c319250,Standard Selling Fee
33096,d2722109-c832-45ba-a1cd-28523c319250,Standard Selling Fee
33097,9ccfe96a-49ad-472d-95fb-3029dee54069,"Arts, Crafts & Sewing"
33098,d2722109-c832-45ba-a1cd-28523c319250,Standard Selling Fee
33099,d2722109-c832-45ba-a1cd-28523c319250,Standard Selling Fee
33100,d2722109-c832-45ba-a1cd-28523c319250,Standard Selling Fee
33101,d2722109-c832-45ba-a1cd-28523c319250,Standard Selling Fee
33102,d2722109-c832-45ba-a1cd-28523c319250,Standard Selling Fee
33103,d2722109-c832-45ba-a1cd-28523c319250,Standard Selling Fee
33104,d2722109-c832-45ba-a1cd-28523c319250,Standard Selling Fee
33106,d2722109-c832-45ba-a1cd-28523c319250,Standard Selling Fee
33107,d2722109-c832-45ba-a1cd-28523c319250,Standard Selling Fee
33108,d2722109-c832-45ba-a1cd-28523c319250,Standard Selling Fee
33109,d2722109-c832-45ba-a1cd-28523c319250,Standard Selling Fee
33110,d2722109-c832-45ba-a1cd-28523c319250,Standard Selling Fee
33111,9ccfe96a-49ad-472d-95fb-3029dee54069,"Arts, Crafts & Sewing"
33112,d2722109-c832-45ba-a1cd-28523c319250,Standard Selling Fee
33113,d2722109-c832-45ba-a1cd-28523c319250,Standard Selling Fee
33114,d2722109-c832-45ba-a1cd-28523c319250,Standard Selling Fee
33115,d2722109-c832-45ba-a1cd-28523c319250,Standard Selling Fee
33116,d2722109-c832-45ba-a1cd-28523c319250,Standard Selling Fee
33117,d2722109-c832-45ba-a1cd-28523c319250,Standard Selling Fee
33118,d2722109-c832-45ba-a1cd-28523c319250,Standard Selling Fee
33119,9ccfe96a-49ad-472d-95fb-3029dee54069,"Arts, Crafts & Sewing"
33120,d2722109-c832-45ba-a1cd-28523c319250,Standard Selling Fee
33121,d2722109-c832-45ba-a1cd-28523c319250,Standard Selling Fee
33122,d2722109-c832-45ba-a1cd-28523c319250,Standard Selling Fee
33123,d2722109-c832-45ba-a1cd-28523c319250,Standard Selling Fee
33124,d2722109-c832-45ba-a1cd-28523c319250,Standard Selling Fee
33125,d2722109-c832-45ba-a1cd-28523c319250,Standard Selling Fee
33126,d2722109-c832-45ba-a1cd-28523c319250,Standard Selling Fee
33127,d2722109-c832-45ba-a1cd-28523c319250,Standard Selling Fee
33128,d2722109-c832-45ba-a1cd-28523c319250,Standard Selling Fee
33129,d2722109-c832-45ba-a1cd-28523c319250,Standard Selling Fee
33130,d2722109-c832-45ba-a1cd-28523c319250,Standard Selling Fee
33131,d2722109-c832-45ba-a1cd-28523c319250,Standard Selling Fee
33132,d2722109-c832-45ba-a1cd-28523c319250,Standard Selling Fee
33133,d2722109-c832-45ba-a1cd-28523c319250,Standard Selling Fee
33134,d2722109-c832-45ba-a1cd-28523c319250,Standard Selling Fee
33137,d2722109-c832-45ba-a1cd-28523c319250,Standard Selling Fee
33138,d2722109-c832-45ba-a1cd-28523c319250,Standard Selling Fee
33139,d2722109-c832-45ba-a1cd-28523c319250,Standard Selling Fee
33140,d2722109-c832-45ba-a1cd-28523c319250,Standard Selling Fee
33141,d2722109-c832-45ba-a1cd-28523c319250,Standard Selling Fee
33142,d2722109-c832-45ba-a1cd-28523c319250,Standard Selling Fee
33143,d2722109-c832-45ba-a1cd-28523c319250,Standard Selling Fee
33144,d2722109-c832-45ba-a1cd-28523c319250,Standard Selling Fee
33145,d2722109-c832-45ba-a1cd-28523c319250,Standard Selling Fee
33146,d2722109-c832-45ba-a1cd-28523c319250,Standard Selling Fee
33147,d2722109-c832-45ba-a1cd-28523c319250,Standard Selling Fee
33148,d2722109-c832-45ba-a1cd-28523c319250,Standard Selling Fee
33149,d2722109-c832-45ba-a1cd-28523c319250,Standard Selling Fee
33150,d2722109-c832-45ba-a1cd-28523c319250,Standard Selling Fee
33151,d2722109-c832-45ba-a1cd-28523c319250,Standard Selling Fee
33152,d2722109-c832-45ba-a1cd-28523c319250,Standard Selling Fee
33153,d2722109-c832-45ba-a1cd-28523c319250,Standard Selling Fee
33154,d2722109-c832-45ba-a1cd-28523c319250,Standard Selling Fee
33155,d2722109-c832-45ba-a1cd-28523c319250,Standard Selling Fee
33159,d2722109-c832-45ba-a1cd-28523c319250,Standard Selling Fee
33160,d2722109-c832-45ba-a1cd-28523c319250,Standard Selling Fee
33161,d2722109-c832-45ba-a1cd-28523c319250,Standard Selling Fee
33162,9ccfe96a-82e7-4089-a9ff-f751e8c3cf93,DIY & Tools
33163,d2722109-c832-45ba-a1cd-28523c319250,Standard Selling Fee
33165,d2722109-c832-45ba-a1cd-28523c319250,Standard Selling Fee
33166,d2722109-c832-45ba-a1cd-28523c319250,Standard Selling Fee
33167,d2722109-c832-45ba-a1cd-28523c319250,Standard Selling Fee
33168,d2722109-c832-45ba-a1cd-28523c319250,Standard Selling Fee
33169,d2722109-c832-45ba-a1cd-28523c319250,Standard Selling Fee
33170,d2722109-c832-45ba-a1cd-28523c319250,Standard Selling Fee
33180,d2722109-c832-45ba-a1cd-28523c319250,Standard Selling Fee
33182,d2722109-c832-45ba-a1cd-28523c319250,Standard Selling Fee
33183,d2722109-c832-45ba-a1cd-28523c319250,Standard Selling Fee
33184,d2722109-c832-45ba-a1cd-28523c319250,Standard Selling Fee
33185,d2722109-c832-45ba-a1cd-28523c319250,Standard Selling Fee
33186,d2722109-c832-45ba-a1cd-28523c319250,Standard Selling Fee
33187,d2722109-c832-45ba-a1cd-28523c319250,Standard Selling Fee
33188,d2722109-c832-45ba-a1cd-28523c319250,Standard Selling Fee
33189,d2722109-c832-45ba-a1cd-28523c319250,Standard Selling Fee
33190,d2722109-c832-45ba-a1cd-28523c319250,Standard Selling Fee
33191,9ccfe96a-49ad-472d-95fb-3029dee54069,"Arts, Crafts & Sewing"
33192,d2722109-c832-45ba-a1cd-28523c319250,Standard Selling Fee
33193,d2722109-c832-45ba-a1cd-28523c319250,Standard Selling Fee
33194,d2722109-c832-45ba-a1cd-28523c319250,Standard Selling Fee
33195,d2722109-c832-45ba-a1cd-28523c319250,Standard Selling Fee
33196,d2722109-c832-45ba-a1cd-28523c319250,Standard Selling Fee
33197,d2722109-c832-45ba-a1cd-28523c319250,Standard Selling Fee
33198,d2722109-c832-45ba-a1cd-28523c319250,Standard Selling Fee
33199,9ccfe96a-82e7-4089-a9ff-f751e8c3cf93,DIY & Tools
33244,d2722109-c832-45ba-a1cd-28523c319250,Standard Selling Fee
33245,d2722109-c832-45ba-a1cd-28523c319250,Standard Selling Fee
33641,d2722109-c832-45ba-a1cd-28523c319250,Standard Selling Fee
33808,d2722109-c832-45ba-a1cd-28523c319250,Standard Selling Fee
33938,d2722109-c832-45ba-a1cd-28523c319250,Standard Selling Fee
34217,9ccfe96a-49ad-472d-95fb-3029dee54069,"Arts, Crafts & Sewing"
34218,9ccfe96a-49ad-472d-95fb-3029dee54069,"Arts, Crafts & Sewing"
34219,9ccfe96a-49ad-472d-95fb-3029dee54069,"Arts, Crafts & Sewing"
34220,9ccfe96a-49ad-472d-95fb-3029dee54069,"Arts, Crafts & Sewing"
34221,9ccfe96a-49ad-472d-95fb-3029dee54069,"Arts, Crafts & Sewing"
34222,9ccfe96a-49ad-472d-95fb-3029dee54069,"Arts, Crafts & Sewing"
34223,9ccfe96a-49ad-472d-95fb-3029dee54069,"Arts, Crafts & Sewing"
34224,9ccfe96a-49ad-472d-95fb-3029dee54069,"Arts, Crafts & Sewing"
34227,9ccfe96a-49ad-472d-95fb-3029dee54069,"Arts, Crafts & Sewing"
34228,9ccfe96a-49ad-472d-95fb-3029dee54069,"Arts, Crafts & Sewing"
34229,9ccfe96a-49ad-472d-95fb-3029dee54069,"Arts, Crafts & Sewing"
34230,9ccfe96a-49ad-472d-95fb-3029dee54069,"Arts, Crafts & Sewing"
34231,9ccfe96a-49ad-472d-95fb-3029dee54069,"Arts, Crafts & Sewing"
34232,9ccfe96a-49ad-472d-95fb-3029dee54069,"Arts, Crafts & Sewing"
34233,9ccfe96a-49ad-472d-95fb-3029dee54069,"Arts, Crafts & Sewing"
34235,9ccfe96a-49ad-472d-95fb-3029dee54069,"Arts, Crafts & Sewing"
34236,9ccfe96a-49ad-472d-95fb-3029dee54069,"Arts, Crafts & Sewing"
34237,9ccfe96a-49ad-472d-95fb-3029dee54069,"Arts, Crafts & Sewing"
34238,9ccfe96a-49ad-472d-95fb-3029dee54069,"Arts, Crafts & Sewing"
34239,9ccfe96a-49ad-472d-95fb-3029dee54069,"Arts, Crafts & Sewing"
34240,9ccfe96a-49ad-472d-95fb-3029dee54069,"Arts, Crafts & Sewing"
34241,d2722109-c832-45ba-a1cd-28523c319250,Standard Selling Fee
34242,d2722109-c832-45ba-a1cd-28523c319250,Standard Selling Fee
34243,9ccfe96a-49ad-472d-95fb-3029dee54069,"Arts, Crafts & Sewing"
34244,9ccfe96a-49ad-472d-95fb-3029dee54069,"Arts, Crafts & Sewing"
34245,9ccfe96a-49ad-472d-95fb-3029dee54069,"Arts, Crafts & Sewing"
34246,9ccfe96a-49ad-472d-95fb-3029dee54069,"Arts, Crafts & Sewing"
34247,9ccfe96a-49ad-472d-95fb-3029dee54069,"Arts, Crafts & Sewing"
34248,d2722109-c832-45ba-a1cd-28523c319250,Standard Selling Fee
34249,d2722109-c832-45ba-a1cd-28523c319250,Standard Selling Fee
34250,d2722109-c832-45ba-a1cd-28523c319250,Standard Selling Fee
34251,d2722109-c832-45ba-a1cd-28523c319250,Standard Selling Fee
34252,d2722109-c832-45ba-a1cd-28523c319250,Standard Selling Fee
34253,d2722109-c832-45ba-a1cd-28523c319250,Standard Selling Fee
34254,d2722109-c832-45ba-a1cd-28523c319250,Standard Selling Fee
34255,d2722109-c832-45ba-a1cd-28523c319250,Standard Selling Fee
34256,d2722109-c832-45ba-a1cd-28523c319250,Standard Selling Fee
34257,9ccfe96a-49ad-472d-95fb-3029dee54069,"Arts, Crafts & Sewing"
34258,9ccfe96a-49ad-472d-95fb-3029dee54069,"Arts, Crafts & Sewing"
34259,9ccfe96a-49ad-472d-95fb-3029dee54069,"Arts, Crafts & Sewing"
34260,9ccfe96a-49ad-472d-95fb-3029dee54069,"Arts, Crafts & Sewing"
34261,9ccfe96a-49ad-472d-95fb-3029dee54069,"Arts, Crafts & Sewing"
34262,9ccfe96a-49ad-472d-95fb-3029dee54069,"Arts, Crafts & Sewing"
34263,9ccfe96a-49ad-472d-95fb-3029dee54069,"Arts, Crafts & Sewing"
34264,9ccfe96a-49ad-472d-95fb-3029dee54069,"Arts, Crafts & Sewing"
34265,9ccfe96a-49ad-472d-95fb-3029dee54069,"Arts, Crafts & Sewing"
34266,9ccfe96a-49ad-472d-95fb-3029dee54069,"Arts, Crafts & Sewing"
34272,9ccfe96a-49ad-472d-95fb-3029dee54069,"Arts, Crafts & Sewing"
34273,9ccfe96a-49ad-472d-95fb-3029dee54069,"Arts, Crafts & Sewing"
34274,9ccfe96a-49ad-472d-95fb-3029dee54069,"Arts, Crafts & Sewing"
34275,9ccfe96a-49ad-472d-95fb-3029dee54069,"Arts, Crafts & Sewing"
34276,9ccfe96a-49ad-472d-95fb-3029dee54069,"Arts, Crafts & Sewing"
34277,d2722109-c832-45ba-a1cd-28523c319250,Standard Selling Fee
34278,d2722109-c832-45ba-a1cd-28523c319250,Standard Selling Fee
34279,d2722109-c832-45ba-a1cd-28523c319250,Standard Selling Fee
34280,9ccfe96a-49ad-472d-95fb-3029dee54069,"Arts, Crafts & Sewing"
34281,9ccfe96a-49ad-472d-95fb-3029dee54069,"Arts, Crafts & Sewing"
34282,9ccfe96a-49ad-472d-95fb-3029dee54069,"Arts, Crafts & Sewing"
34283,9ccfe96a-9348-44fe-9c55-fd8943768562,"Clothing, Shoes & Accessories"
34284,9ccfe96a-49ad-472d-95fb-3029dee54069,"Arts, Crafts & Sewing"
34286,9ccfe96a-49ad-472d-95fb-3029dee54069,"Arts, Crafts & Sewing"
34287,9ccfe96a-49ad-472d-95fb-3029dee54069,"Arts, Crafts & Sewing"
34288,9ccfe96a-49ad-472d-95fb-3029dee54069,"Arts, Crafts & Sewing"
34289,9ccfe96a-49ad-472d-95fb-3029dee54069,"Arts, Crafts & Sewing"
34290,9ccfe96a-49ad-472d-95fb-3029dee54069,"Arts, Crafts & Sewing"
34292,d2722109-c832-45ba-a1cd-28523c319250,Standard Selling Fee
34297,9ccfe96a-49ad-472d-95fb-3029dee54069,"Arts, Crafts & Sewing"
34298,9ccfe96a-49ad-472d-95fb-3029dee54069,"Arts, Crafts & Sewing"
34299,9ccfe96a-49ad-472d-95fb-3029dee54069,"Arts, Crafts & Sewing"
34300,9ccfe96a-49ad-472d-95fb-3029dee54069,"Arts, Crafts & Sewing"
34301,9ccfe96a-49ad-472d-95fb-3029dee54069,"Arts, Crafts & Sewing"
34302,d2722109-c832-45ba-a1cd-28523c319250,Standard Selling Fee
34303,9ccfe96a-49ad-472d-95fb-3029dee54069,"Arts, Crafts & Sewing"
34304,9ccfe96a-49ad-472d-95fb-3029dee54069,"Arts, Crafts & Sewing"
34305,d2722109-c832-45ba-a1cd-28523c319250,Standard Selling Fee
34306,d2722109-c832-45ba-a1cd-28523c319250,Standard Selling Fee
34307,d2722109-c832-45ba-a1cd-28523c319250,Standard Selling Fee
34308,d2722109-c832-45ba-a1cd-28523c319250,Standard Selling Fee
34309,d2722109-c832-45ba-a1cd-28523c319250,Standard Selling Fee
34310,d2722109-c832-45ba-a1cd-28523c319250,Standard Selling Fee
34311,d2722109-c832-45ba-a1cd-28523c319250,Standard Selling Fee
34419,9ccfe96a-49ad-472d-95fb-3029dee54069,"Arts, Crafts & Sewing"
34420,9ccfe96a-49ad-472d-95fb-3029dee54069,"Arts, Crafts & Sewing"
34421,9ccfe96a-49ad-472d-95fb-3029dee54069,"Arts, Crafts & Sewing"
34422,9ccfe96a-49ad-472d-95fb-3029dee54069,"Arts, Crafts & Sewing"
34423,9ccfe96a-49ad-472d-95fb-3029dee54069,"Arts, Crafts & Sewing"
34424,d2722109-c832-45ba-a1cd-28523c319250,Standard Selling Fee
34425,9ccfe96a-49ad-472d-95fb-3029dee54069,"Arts, Crafts & Sewing"
34559,9ccfe96a-49ad-472d-95fb-3029dee54069,"Arts, Crafts & Sewing"
34560,9ccfe96a-49ad-472d-95fb-3029dee54069,"Arts, Crafts & Sewing"
34561,9ccfe96a-49ad-472d-95fb-3029dee54069,"Arts, Crafts & Sewing"
34570,d2722109-c832-45ba-a1cd-28523c319250,Standard Selling Fee
34633,9ccfe96a-49ad-472d-95fb-3029dee54069,"Arts, Crafts & Sewing"
34635,9ccfe96a-49ad-472d-95fb-3029dee54069,"Arts, Crafts & Sewing"
34636,9ccfe96a-49ad-472d-95fb-3029dee54069,"Arts, Crafts & Sewing"
34648,9ccfe96a-49ad-472d-95fb-3029dee54069,"Arts, Crafts & Sewing"
34649,9ccfe96a-49ad-472d-95fb-3029dee54069,"Arts, Crafts & Sewing"
34650,9ccfe96a-49ad-472d-95fb-3029dee54069,"Arts, Crafts & Sewing"
34651,9ccfe96a-49ad-472d-95fb-3029dee54069,"Arts, Crafts & Sewing"
34652,d2722109-c832-45ba-a1cd-28523c319250,Standard Selling Fee
34653,d2722109-c832-45ba-a1cd-28523c319250,Standard Selling Fee
34654,d2722109-c832-45ba-a1cd-28523c319250,Standard Selling Fee
34655,d2722109-c832-45ba-a1cd-28523c319250,Standard Selling Fee
34656,d2722109-c832-45ba-a1cd-28523c319250,Standard Selling Fee
34657,9ccfe96a-49ad-472d-95fb-3029dee54069,"Arts, Crafts & Sewing"
34658,9ccfe96a-49ad-472d-95fb-3029dee54069,"Arts, Crafts & Sewing"
34659,9ccfe96a-49ad-472d-95fb-3029dee54069,"Arts, Crafts & Sewing"
34660,9ccfe96a-49ad-472d-95fb-3029dee54069,"Arts, Crafts & Sewing"
34661,9ccfe96a-49ad-472d-95fb-3029dee54069,"Arts, Crafts & Sewing"
34662,9ccfe96a-49ad-472d-95fb-3029dee54069,"Arts, Crafts & Sewing"
34676,9ccfe96a-49ad-472d-95fb-3029dee54069,"Arts, Crafts & Sewing"
34677,9ccfe96a-49ad-472d-95fb-3029dee54069,"Arts, Crafts & Sewing"
34682,9ccfe96a-49ad-472d-95fb-3029dee54069,"Arts, Crafts & Sewing"
34683,9ccfe96a-49ad-472d-95fb-3029dee54069,"Arts, Crafts & Sewing"
34684,9ccfe96a-49ad-472d-95fb-3029dee54069,"Arts, Crafts & Sewing"
34685,9ccfe96a-49ad-472d-95fb-3029dee54069,"Arts, Crafts & Sewing"
34686,9ccfe96a-49ad-472d-95fb-3029dee54069,"Arts, Crafts & Sewing"
34687,9ccfe96a-49ad-472d-95fb-3029dee54069,"Arts, Crafts & Sewing"
34688,9ccfe96a-49ad-472d-95fb-3029dee54069,"Arts, Crafts & Sewing"
34689,9ccfe96a-49ad-472d-95fb-3029dee54069,"Arts, Crafts & Sewing"
34690,d2722109-c832-45ba-a1cd-28523c319250,Standard Selling Fee
34691,d2722109-c832-45ba-a1cd-28523c319250,Standard Selling Fee
34692,9ccfe96a-49ad-472d-95fb-3029dee54069,"Arts, Crafts & Sewing"
34693,9ccfe96a-49ad-472d-95fb-3029dee54069,"Arts, Crafts & Sewing"
34694,d2722109-c832-45ba-a1cd-28523c319250,Standard Selling Fee
34695,d2722109-c832-45ba-a1cd-28523c319250,Standard Selling Fee
34696,9ccfe96a-49ad-472d-95fb-3029dee54069,"Arts, Crafts & Sewing"
34697,9ccfe96a-49ad-472d-95fb-3029dee54069,"Arts, Crafts & Sewing"
35029,d2722109-c832-45ba-a1cd-28523c319250,Standard Selling Fee
35084,d2722109-c832-45ba-a1cd-28523c319250,Standard Selling Fee
35085,d2722109-c832-45ba-a1cd-28523c319250,Standard Selling Fee
35086,d2722109-c832-45ba-a1cd-28523c319250,Standard Selling Fee
35087,d2722109-c832-45ba-a1cd-28523c319250,Standard Selling Fee
35088,d2722109-c832-45ba-a1cd-28523c319250,Standard Selling Fee
35089,d2722109-c832-45ba-a1cd-28523c319250,Standard Selling Fee
35090,d2722109-c832-45ba-a1cd-28523c319250,Standard Selling Fee
35091,d2722109-c832-45ba-a1cd-28523c319250,Standard Selling Fee
35092,d2722109-c832-45ba-a1cd-28523c319250,Standard Selling Fee
35093,d2722109-c832-45ba-a1cd-28523c319250,Standard Selling Fee
35094,d2722109-c832-45ba-a1cd-28523c319250,Standard Selling Fee
35095,d2722109-c832-45ba-a1cd-28523c319250,Standard Selling Fee
35096,d2722109-c832-45ba-a1cd-28523c319250,Standard Selling Fee
35097,d2722109-c832-45ba-a1cd-28523c319250,Standard Selling Fee
35098,d2722109-c832-45ba-a1cd-28523c319250,Standard Selling Fee
35099,d2722109-c832-45ba-a1cd-28523c319250,Standard Selling Fee
35100,d2722109-c832-45ba-a1cd-28523c319250,Standard Selling Fee
35101,9ccfe96a-49ad-472d-95fb-3029dee54069,"Arts, Crafts & Sewing"
35102,9ccfe96a-5a4c-4be4-a347-7545fd861525,Books
35104,9ccfe96a-5a4c-4be4-a347-7545fd861525,Books
35105,9ccfe96a-5a4c-4be4-a347-7545fd861525,Books
35106,9ccfe96a-5a4c-4be4-a347-7545fd861525,Books
35109,d2722109-c832-45ba-a1cd-28523c319250,Standard Selling Fee
35110,d2722109-c832-45ba-a1cd-28523c319250,Standard Selling Fee
35111,d2722109-c832-45ba-a1cd-28523c319250,Standard Selling Fee
35112,d2722109-c832-45ba-a1cd-28523c319250,Standard Selling Fee
35113,d2722109-c832-45ba-a1cd-28523c319250,Standard Selling Fee
35114,d2722109-c832-45ba-a1cd-28523c319250,Standard Selling Fee
35115,d2722109-c832-45ba-a1cd-28523c319250,Standard Selling Fee
35116,d2722109-c832-45ba-a1cd-28523c319250,Standard Selling Fee
35117,d2722109-c832-45ba-a1cd-28523c319250,Standard Selling Fee
35118,d2722109-c832-45ba-a1cd-28523c319250,Standard Selling Fee
35119,d2722109-c832-45ba-a1cd-28523c319250,Standard Selling Fee
35120,d2722109-c832-45ba-a1cd-28523c319250,Standard Selling Fee
35121,d2722109-c832-45ba-a1cd-28523c319250,Standard Selling Fee
35122,d2722109-c832-45ba-a1cd-28523c319250,Standard Selling Fee
35123,d2722109-c832-45ba-a1cd-28523c319250,Standard Selling Fee
35124,d2722109-c832-45ba-a1cd-28523c319250,Standard Selling Fee
35125,d2722109-c832-45ba-a1cd-28523c319250,Standard Selling Fee
35126,d2722109-c832-45ba-a1cd-28523c319250,Standard Selling Fee
35127,d2722109-c832-45ba-a1cd-28523c319250,Standard Selling Fee
35128,d2722109-c832-45ba-a1cd-28523c319250,Standard Selling Fee
35129,d2722109-c832-45ba-a1cd-28523c319250,Standard Selling Fee
35132,d2722109-c832-45ba-a1cd-28523c319250,Standard Selling Fee
35133,d2722109-c832-45ba-a1cd-28523c319250,Standard Selling Fee
35134,d2722109-c832-45ba-a1cd-28523c319250,Standard Selling Fee
35135,d2722109-c832-45ba-a1cd-28523c319250,Standard Selling Fee
35136,9ccfe96a-49ad-472d-95fb-3029dee54069,"Arts, Crafts & Sewing"
35137,d2722109-c832-45ba-a1cd-28523c319250,Standard Selling Fee
35138,d2722109-c832-45ba-a1cd-28523c319250,Standard Selling Fee
35139,d2722109-c832-45ba-a1cd-28523c319250,Standard Selling Fee
35140,d2722109-c832-45ba-a1cd-28523c319250,Standard Selling Fee
35141,d2722109-c832-45ba-a1cd-28523c319250,Standard Selling Fee
35142,d2722109-c832-45ba-a1cd-28523c319250,Standard Selling Fee
35143,d2722109-c832-45ba-a1cd-28523c319250,Standard Selling Fee
35144,d2722109-c832-45ba-a1cd-28523c319250,Standard Selling Fee
35145,d2722109-c832-45ba-a1cd-28523c319250,Standard Selling Fee
35146,d2722109-c832-45ba-a1cd-28523c319250,Standard Selling Fee
35147,d2722109-c832-45ba-a1cd-28523c319250,Standard Selling Fee
35148,9ccfe96a-a45d-4968-a35b-f1287d2c4bc9,Food & Drink
35149,d2722109-c832-45ba-a1cd-28523c319250,Standard Selling Fee
35150,d2722109-c832-45ba-a1cd-28523c319250,Standard Selling Fee
35151,d2722109-c832-45ba-a1cd-28523c319250,Standard Selling Fee
35152,d2722109-c832-45ba-a1cd-28523c319250,Standard Selling Fee
35153,9ccfe96a-a45d-4968-a35b-f1287d2c4bc9,Food & Drink
35154,d2722109-c832-45ba-a1cd-28523c319250,Standard Selling Fee
35155,d2722109-c832-45ba-a1cd-28523c319250,Standard Selling Fee
35156,d2722109-c832-45ba-a1cd-28523c319250,Standard Selling Fee
35157,d2722109-c832-45ba-a1cd-28523c319250,Standard Selling Fee
35158,d2722109-c832-45ba-a1cd-28523c319250,Standard Selling Fee
35159,d2722109-c832-45ba-a1cd-28523c319250,Standard Selling Fee
35160,d2722109-c832-45ba-a1cd-28523c319250,Standard Selling Fee
35161,d2722109-c832-45ba-a1cd-28523c319250,Standard Selling Fee
35162,d2722109-c832-45ba-a1cd-28523c319250,Standard Selling Fee
35163,9ccfe96a-49ad-472d-95fb-3029dee54069,"Arts, Crafts & Sewing"
35164,d2722109-c832-45ba-a1cd-28523c319250,Standard Selling Fee
35166,d2722109-c832-45ba-a1cd-28523c319250,Standard Selling Fee
35167,d2722109-c832-45ba-a1cd-28523c319250,Standard Selling Fee
35168,9ccfe96a-a45d-4968-a35b-f1287d2c4bc9,Food & Drink
35169,d2722109-c832-45ba-a1cd-28523c319250,Standard Selling Fee
35170,d2722109-c832-45ba-a1cd-28523c319250,Standard Selling Fee
35171,d2722109-c832-45ba-a1cd-28523c319250,Standard Selling Fee
35172,d2722109-c832-45ba-a1cd-28523c319250,Standard Selling Fee
35173,d2722109-c832-45ba-a1cd-28523c319250,Standard Selling Fee
35174,d2722109-c832-45ba-a1cd-28523c319250,Standard Selling Fee
35175,d2722109-c832-45ba-a1cd-28523c319250,Standard Selling Fee
35176,d2722109-c832-45ba-a1cd-28523c319250,Standard Selling Fee
35177,d2722109-c832-45ba-a1cd-28523c319250,Standard Selling Fee
35178,d2722109-c832-45ba-a1cd-28523c319250,Standard Selling Fee
35179,d2722109-c832-45ba-a1cd-28523c319250,Standard Selling Fee
35180,d2722109-c832-45ba-a1cd-28523c319250,Standard Selling Fee
35181,d2722109-c832-45ba-a1cd-28523c319250,Standard Selling Fee
35182,d2722109-c832-45ba-a1cd-28523c319250,Standard Selling Fee
35183,d2722109-c832-45ba-a1cd-28523c319250,Standard Selling Fee
35184,d2722109-c832-45ba-a1cd-28523c319250,Standard Selling Fee
35185,d2722109-c832-45ba-a1cd-28523c319250,Standard Selling Fee
35186,d2722109-c832-45ba-a1cd-28523c319250,Standard Selling Fee
35187,d2722109-c832-45ba-a1cd-28523c319250,Standard Selling Fee
35188,d2722109-c832-45ba-a1cd-28523c319250,Standard Selling Fee
35189,9ccfe96a-49ad-472d-95fb-3029dee54069,"Arts, Crafts & Sewing"
35190,d2722109-c832-45ba-a1cd-28523c319250,Standard Selling Fee
35191,9ccfe96a-49ad-472d-95fb-3029dee54069,"Arts, Crafts & Sewing"
35192,d2722109-c832-45ba-a1cd-28523c319250,Standard Selling Fee
35193,d2722109-c832-45ba-a1cd-28523c319250,Standard Selling Fee
35194,d2722109-c832-45ba-a1cd-28523c319250,Standard Selling Fee
35195,d2722109-c832-45ba-a1cd-28523c319250,Standard Selling Fee
35196,d2722109-c832-45ba-a1cd-28523c319250,Standard Selling Fee
35197,d2722109-c832-45ba-a1cd-28523c319250,Standard Selling Fee
35198,d2722109-c832-45ba-a1cd-28523c319250,Standard Selling Fee
35199,d2722109-c832-45ba-a1cd-28523c319250,Standard Selling Fee
35200,9ccfe96a-49ad-472d-95fb-3029dee54069,"Arts, Crafts & Sewing"
35201,9ccfe96a-aca6-4382-98d2-a69f6be78bd6,"Beer, Wine & Spirits"
35202,9ccfe96a-aca6-4382-98d2-a69f6be78bd6,"Beer, Wine & Spirits"
35203,9ccfe96a-aca6-4382-98d2-a69f6be78bd6,"Beer, Wine & Spirits"
35204,9ccfe96a-aca6-4382-98d2-a69f6be78bd6,"Beer, Wine & Spirits"
35205,9ccfe96a-49ad-472d-95fb-3029dee54069,"Arts, Crafts & Sewing"
35206,9ccfe96a-49ad-472d-95fb-3029dee54069,"Arts, Crafts & Sewing"
35207,9ccfe96a-49ad-472d-95fb-3029dee54069,"Arts, Crafts & Sewing"
35208,9ccfe96a-49ad-472d-95fb-3029dee54069,"Arts, Crafts & Sewing"
35209,9ccfe96a-49ad-472d-95fb-3029dee54069,"Arts, Crafts & Sewing"
35210,9ccfe96a-49ad-472d-95fb-3029dee54069,"Arts, Crafts & Sewing"
35211,9ccfe96a-49ad-472d-95fb-3029dee54069,"Arts, Crafts & Sewing"
35212,9ccfe96a-49ad-472d-95fb-3029dee54069,"Arts, Crafts & Sewing"
35213,9ccfe96a-49ad-472d-95fb-3029dee54069,"Arts, Crafts & Sewing"
35214,9ccfe96a-49ad-472d-95fb-3029dee54069,"Arts, Crafts & Sewing"
35215,9ccfe96a-49ad-472d-95fb-3029dee54069,"Arts, Crafts & Sewing"
35216,9ccfe96a-49ad-472d-95fb-3029dee54069,"Arts, Crafts & Sewing"
35217,9ccfe96a-49ad-472d-95fb-3029dee54069,"Arts, Crafts & Sewing"
35218,9ccfe96a-49ad-472d-95fb-3029dee54069,"Arts, Crafts & Sewing"
35219,d2722109-c832-45ba-a1cd-28523c319250,Standard Selling Fee
35221,d2722109-c832-45ba-a1cd-28523c319250,Standard Selling Fee
35222,d2722109-c832-45ba-a1cd-28523c319250,Standard Selling Fee
35223,d2722109-c832-45ba-a1cd-28523c319250,Standard Selling Fee
35224,d2722109-c832-45ba-a1cd-28523c319250,Standard Selling Fee
35225,d2722109-c832-45ba-a1cd-28523c319250,Standard Selling Fee
35226,d2722109-c832-45ba-a1cd-28523c319250,Standard Selling Fee
35227,d2722109-c832-45ba-a1cd-28523c319250,Standard Selling Fee
35228,d2722109-c832-45ba-a1cd-28523c319250,Standard Selling Fee
35229,d2722109-c832-45ba-a1cd-28523c319250,Standard Selling Fee
35230,d2722109-c832-45ba-a1cd-28523c319250,Standard Selling Fee
35231,d2722109-c832-45ba-a1cd-28523c319250,Standard Selling Fee
35232,d2722109-c832-45ba-a1cd-28523c319250,Standard Selling Fee
35235,9ccfe96a-49ad-472d-95fb-3029dee54069,"Arts, Crafts & Sewing"
35238,9ccfe96a-49ad-472d-95fb-3029dee54069,"Arts, Crafts & Sewing"
35239,9ccfe96a-49ad-472d-95fb-3029dee54069,"Arts, Crafts & Sewing"
35240,9ccfe96a-49ad-472d-95fb-3029dee54069,"Arts, Crafts & Sewing"
35241,9ccfe96a-49ad-472d-95fb-3029dee54069,"Arts, Crafts & Sewing"
35242,9ccfe96a-49ad-472d-95fb-3029dee54069,"Arts, Crafts & Sewing"
35243,9ccfe96a-49ad-472d-95fb-3029dee54069,"Arts, Crafts & Sewing"
35244,9ccfe96a-49ad-472d-95fb-3029dee54069,"Arts, Crafts & Sewing"
35246,9ccfe96a-49ad-472d-95fb-3029dee54069,"Arts, Crafts & Sewing"
35247,9ccfe96a-49ad-472d-95fb-3029dee54069,"Arts, Crafts & Sewing"
35248,9ccfe96a-49ad-472d-95fb-3029dee54069,"Arts, Crafts & Sewing"
35249,d2722109-c832-45ba-a1cd-28523c319250,Standard Selling Fee
35250,d2722109-c832-45ba-a1cd-28523c319250,Standard Selling Fee
35251,d2722109-c832-45ba-a1cd-28523c319250,Standard Selling Fee
35252,d2722109-c832-45ba-a1cd-28523c319250,Standard Selling Fee
35253,d2722109-c832-45ba-a1cd-28523c319250,Standard Selling Fee
35254,d2722109-c832-45ba-a1cd-28523c319250,Standard Selling Fee
35255,d2722109-c832-45ba-a1cd-28523c319250,Standard Selling Fee
35256,d2722109-c832-45ba-a1cd-28523c319250,Standard Selling Fee
35257,d2722109-c832-45ba-a1cd-28523c319250,Standard Selling Fee
35258,d2722109-c832-45ba-a1cd-28523c319250,Standard Selling Fee
35259,d2722109-c832-45ba-a1cd-28523c319250,Standard Selling Fee
35260,9ccfe96a-49ad-472d-95fb-3029dee54069,"Arts, Crafts & Sewing"
35261,9ccfe96a-49ad-472d-95fb-3029dee54069,"Arts, Crafts & Sewing"
35262,9ccfe96a-49ad-472d-95fb-3029dee54069,"Arts, Crafts & Sewing"
35263,9ccfe96a-82e7-4089-a9ff-f751e8c3cf93,DIY & Tools
35264,9ccfe96a-49ad-472d-95fb-3029dee54069,"Arts, Crafts & Sewing"
35265,9ccfe96a-82e7-4089-a9ff-f751e8c3cf93,DIY & Tools
35266,9ccfe96a-82e7-4089-a9ff-f751e8c3cf93,DIY & Tools
35268,9ccfe96a-82e7-4089-a9ff-f751e8c3cf93,DIY & Tools
35269,9ccfe96a-82e7-4089-a9ff-f751e8c3cf93,DIY & Tools
35270,9ccfe96a-82e7-4089-a9ff-f751e8c3cf93,DIY & Tools
35271,9ccfe96a-82e7-4089-a9ff-f751e8c3cf93,DIY & Tools
35272,9ccfe96a-82e7-4089-a9ff-f751e8c3cf93,DIY & Tools
35273,9ccfe96a-82e7-4089-a9ff-f751e8c3cf93,DIY & Tools
35274,9ccfe96a-82e7-4089-a9ff-f751e8c3cf93,DIY & Tools
35278,9ccfe96a-6a76-4522-8337-bea4f660a8ce,Consumer Electronics
35279,9ccfe96a-6a76-4522-8337-bea4f660a8ce,Consumer Electronics
35280,9ccfe96a-6a76-4522-8337-bea4f660a8ce,Consumer Electronics
35281,9ccfe96a-49ad-472d-95fb-3029dee54069,"Arts, Crafts & Sewing"
35282,9ccfe96a-49ad-472d-95fb-3029dee54069,"Arts, Crafts & Sewing"
35283,9ccfe96a-49ad-472d-95fb-3029dee54069,"Arts, Crafts & Sewing"
35284,d2722109-c832-45ba-a1cd-28523c319250,Standard Selling Fee
35285,d2722109-c832-45ba-a1cd-28523c319250,Standard Selling Fee
35286,9ccfe96a-49ad-472d-95fb-3029dee54069,"Arts, Crafts & Sewing"
35287,9ccfe96a-49ad-472d-95fb-3029dee54069,"Arts, Crafts & Sewing"
35288,9ccfe96a-49ad-472d-95fb-3029dee54069,"Arts, Crafts & Sewing"
35292,9ccfe96a-49ad-472d-95fb-3029dee54069,"Arts, Crafts & Sewing"
35304,9ccfe96a-49ad-472d-95fb-3029dee54069,"Arts, Crafts & Sewing"
35305,d2722109-c832-45ba-a1cd-28523c319250,Standard Selling Fee
35336,9ccfe96a-49ad-472d-95fb-3029dee54069,"Arts, Crafts & Sewing"
35338,9ccfe96a-49ad-472d-95fb-3029dee54069,"Arts, Crafts & Sewing"
35339,9ccfe96a-49ad-472d-95fb-3029dee54069,"Arts, Crafts & Sewing"
35340,9ccfe96a-49ad-472d-95fb-3029dee54069,"Arts, Crafts & Sewing"
35342,d2722109-c832-45ba-a1cd-28523c319250,Standard Selling Fee
35343,9ccfe96a-49ad-472d-95fb-3029dee54069,"Arts, Crafts & Sewing"
35344,9ccfe96a-49ad-472d-95fb-3029dee54069,"Arts, Crafts & Sewing"
35345,9ccfe96a-49ad-472d-95fb-3029dee54069,"Arts, Crafts & Sewing"
35346,9ccfe96a-d403-43e5-9aa8-c93e27a08080,Pet Supplies
35347,9ccfe96a-49ad-472d-95fb-3029dee54069,"Arts, Crafts & Sewing"
35348,9ccfe96a-49ad-472d-95fb-3029dee54069,"Arts, Crafts & Sewing"
35349,9ccfe96a-49ad-472d-95fb-3029dee54069,"Arts, Crafts & Sewing"
35350,9ccfe96a-49ad-472d-95fb-3029dee54069,"Arts, Crafts & Sewing"
35351,9ccfe96a-49ad-472d-95fb-3029dee54069,"Arts, Crafts & Sewing"
35352,9ccfe96a-49ad-472d-95fb-3029dee54069,"Arts, Crafts & Sewing"
35353,9ccfe96a-49ad-472d-95fb-3029dee54069,"Arts, Crafts & Sewing"
35354,9ccfe96a-49ad-472d-95fb-3029dee54069,"Arts, Crafts & Sewing"
35356,9ccfe96a-49ad-472d-95fb-3029dee54069,"Arts, Crafts & Sewing"
35357,d2722109-c832-45ba-a1cd-28523c319250,Standard Selling Fee
35358,d2722109-c832-45ba-a1cd-28523c319250,Standard Selling Fee
35359,d2722109-c832-45ba-a1cd-28523c319250,Standard Selling Fee
35360,d2722109-c832-45ba-a1cd-28523c319250,Standard Selling Fee
35423,9ccfe96a-6a76-4522-8337-bea4f660a8ce,Consumer Electronics
36857,d2722109-c832-45ba-a1cd-28523c319250,Standard Selling Fee
38090,,
38091,,
38092,,
38093,98ce396a-7acc-4555-8227-184f0d849d60,
38094,98ce396a-7acc-4555-8227-184f0d849d60,
38095,98ce396a-7acc-4555-8227-184f0d849d60,
38096,98ce396a-7acc-4555-8227-184f0d849d60,
38097,98ce396a-7acc-4555-8227-184f0d849d60,
38098,98ce396a-7acc-4555-8227-184f0d849d60,
38099,98ce396a-7acc-4555-8227-184f0d849d60,
38100,98ce396a-7acc-4555-8227-184f0d849d60,
38101,,
38102,,
38103,,
38104,,
38105,,
38106,,
38107,,
38108,,
38109,,
38110,,
38111,98ce396a-7acc-4555-8227-184f0d849d60,
38112,98ce396a-7acc-4555-8227-184f0d849d60,
38113,98ce396a-7acc-4555-8227-184f0d849d60,
38114,98ce396a-7acc-4555-8227-184f0d849d60,
38115,98ce396a-7acc-4555-8227-184f0d849d60,
38116,98ce396a-7acc-4555-8227-184f0d849d60,
38117,98ce396a-7acc-4555-8227-184f0d849d60,
38118,98ce396a-7acc-4555-8227-184f0d849d60,
38119,98ce396a-7acc-4555-8227-184f0d849d60,
38120,98ce396a-7acc-4555-8227-184f0d849d60,
38121,98ce396a-7acc-4555-8227-184f0d849d60,
38122,98ce396a-7acc-4555-8227-184f0d849d60,
38123,98ce396a-7acc-4555-8227-184f0d849d60,
38124,98ce396a-7acc-4555-8227-184f0d849d60,
38125,98ce396a-7acc-4555-8227-184f0d849d60,
38126,98ce396a-7acc-4555-8227-184f0d849d60,
38127,98ce396a-7acc-4555-8227-184f0d849d60,
38128,98ce396a-7acc-4555-8227-184f0d849d60,
38129,98ce396a-7acc-4555-8227-184f0d849d60,
38130,98ce396a-7acc-4555-8227-184f0d849d60,
38131,98ce396a-7acc-4555-8227-184f0d849d60,
38132,98ce396a-7acc-4555-8227-184f0d849d60,
38133,98ce396a-7acc-4555-8227-184f0d849d60,
38134,98ce396a-7acc-4555-8227-184f0d849d60,
38135,98ce396a-7acc-4555-8227-184f0d849d60,
38136,98ce396a-7acc-4555-8227-184f0d849d60,
38137,98ce396a-7acc-4555-8227-184f0d849d60,
38138,98ce396a-7acc-4555-8227-184f0d849d60,
38139,98ce396a-7acc-4555-8227-184f0d849d60,
38140,98ce396a-7acc-4555-8227-184f0d849d60,
38141,,
38142,,
38143,,
38144,,
38145,,
38146,,
38147,,
38148,,
38149,,
38150,,
38151,98ce396a-7acc-4555-8227-184f0d849d60,
38152,98ce396a-7acc-4555-8227-184f0d849d60,
38153,98ce396a-7acc-4555-8227-184f0d849d60,
38154,98ce396a-7acc-4555-8227-184f0d849d60,
38155,98ce396a-7acc-4555-8227-184f0d849d60,
38156,98ce396a-7acc-4555-8227-184f0d849d60,
38157,98ce396a-7acc-4555-8227-184f0d849d60,
38158,98ce396a-7acc-4555-8227-184f0d849d60,
38159,98ce396a-7acc-4555-8227-184f0d849d60,
38160,98ce396a-7acc-4555-8227-184f0d849d60,
38161,,
38162,,
38163,,
38164,,
38165,,
38166,,
38167,,
38168,,
38169,,
38170,,
38171,,
38172,98ce396a-7acc-4555-8227-184f0d849d60,
38173,98ce396a-7acc-4555-8227-184f0d849d60,
38174,98ce396a-7acc-4555-8227-184f0d849d60,
38175,98ce396a-7acc-4555-8227-184f0d849d60,
38176,98ce396a-7acc-4555-8227-184f0d849d60,
38177,98ce396a-7acc-4555-8227-184f0d849d60,
38178,98ce396a-7acc-4555-8227-184f0d849d60,
38179,98ce396a-7acc-4555-8227-184f0d849d60,
38180,98ce396a-7acc-4555-8227-184f0d849d60,
38181,,
38182,,
38183,,
38184,,
38185,,
38186,,
38187,,
38188,,
38189,,
38190,,
38191,98ce396a-7acc-4555-8227-184f0d849d60,
38192,98ce396a-7acc-4555-8227-184f0d849d60,
38193,98ce396a-7acc-4555-8227-184f0d849d60,
38194,98ce396a-7acc-4555-8227-184f0d849d60,
38195,98ce396a-7acc-4555-8227-184f0d849d60,
38196,98ce396a-7acc-4555-8227-184f0d849d60,
38197,98ce396a-7acc-4555-8227-184f0d849d60,
38198,98ce396a-7acc-4555-8227-184f0d849d60,
38199,98ce396a-7acc-4555-8227-184f0d849d60,
38200,98ce396a-7acc-4555-8227-184f0d849d60,
38201,,
38202,,
38203,,
38204,,
38205,,
38206,,
38207,98ce396a-7acc-4555-8227-184f0d849d60,
38208,98ce396a-7acc-4555-8227-184f0d849d60,
38209,98ce396a-7acc-4555-8227-184f0d849d60,
38210,98ce396a-7acc-4555-8227-184f0d849d60,
38211,98ce396a-7acc-4555-8227-184f0d849d60,
38212,98ce396a-7acc-4555-8227-184f0d849d60,
38213,98ce396a-7acc-4555-8227-184f0d849d60,
38214,98ce396a-7acc-4555-8227-184f0d849d60,
38215,98ce396a-7acc-4555-8227-184f0d849d60,
38216,98ce396a-7acc-4555-8227-184f0d849d60,
38217,98ce396a-7acc-4555-8227-184f0d849d60,
38218,,
38219,,
38220,,
38221,98ce396a-7acc-4555-8227-184f0d849d60,
38222,98ce396a-7acc-4555-8227-184f0d849d60,
38223,98ce396a-7acc-4555-8227-184f0d849d60,
38224,98ce396a-7acc-4555-8227-184f0d849d60,
38225,98ce396a-7acc-4555-8227-184f0d849d60,
38226,98ce396a-7acc-4555-8227-184f0d849d60,
38227,98ce396a-7acc-4555-8227-184f0d849d60,
38228,,
38229,,
38230,98ce396a-7acc-4555-8227-184f0d849d60,
38231,98ce396a-7acc-4555-8227-184f0d849d60,
38232,98ce396a-7acc-4555-8227-184f0d849d60,
38233,98ce396a-7acc-4555-8227-184f0d849d60,
38234,98ce396a-7acc-4555-8227-184f0d849d60,
38235,98ce396a-7acc-4555-8227-184f0d849d60,
38236,98ce396a-7acc-4555-8227-184f0d849d60,
38237,98ce396a-7acc-4555-8227-184f0d849d60,
38238,98ce396a-7acc-4555-8227-184f0d849d60,
38239,98ce396a-7acc-4555-8227-184f0d849d60,
38240,98ce396a-7acc-4555-8227-184f0d849d60,
38241,,
38242,,
38243,98ce396a-7acc-4555-8227-184f0d849d60,
38244,98ce396a-7acc-4555-8227-184f0d849d60,
38245,98ce396a-7acc-4555-8227-184f0d849d60,
38246,98ce396a-7acc-4555-8227-184f0d849d60,
38247,98ce396a-7acc-4555-8227-184f0d849d60,
38248,98ce396a-7acc-4555-8227-184f0d849d60,
38249,98ce396a-7acc-4555-8227-184f0d849d60,
38250,98ce396a-7acc-4555-8227-184f0d849d60,
38251,,
38252,98ce396a-7acc-4555-8227-184f0d849d60,
38253,98ce396a-7acc-4555-8227-184f0d849d60,
38254,98ce396a-7acc-4555-8227-184f0d849d60,
38255,98ce396a-7acc-4555-8227-184f0d849d60,
38256,,
38257,,
38258,,
38259,,
38260,,
38261,,
38262,,
38263,,
38264,,
38265,,
38266,98ce396a-7acc-4555-8227-184f0d849d60,
38267,98ce396a-7acc-4555-8227-184f0d849d60,
38268,98ce396a-7acc-4555-8227-184f0d849d60,
38269,98ce396a-7acc-4555-8227-184f0d849d60,
38270,98ce396a-7acc-4555-8227-184f0d849d60,
38271,98ce396a-7acc-4555-8227-184f0d849d60,
38272,98ce396a-7acc-4555-8227-184f0d849d60,
38273,98ce396a-7acc-4555-8227-184f0d849d60,
38274,98ce396a-7acc-4555-8227-184f0d849d60,
38275,,
38276,,
38277,,
38278,,
38279,,
38280,,
38281,,
38282,,
38283,,
38284,,
38285,98ce396a-7acc-4555-8227-184f0d849d60,
38286,98ce396a-7acc-4555-8227-184f0d849d60,
38287,98ce396a-7acc-4555-8227-184f0d849d60,
38288,98ce396a-7acc-4555-8227-184f0d849d60,
38289,98ce396a-7acc-4555-8227-184f0d849d60,
38290,98ce396a-7acc-4555-8227-184f0d849d60,
38291,98ce396a-7acc-4555-8227-184f0d849d60,
38292,98ce396a-7acc-4555-8227-184f0d849d60,
38293,,
38294,,
38295,,
38296,,
38297,,
38298,,
38299,,
38300,,
38301,,
38302,,
38303,98ce396a-7acc-4555-8227-184f0d849d60,
38304,98ce396a-7acc-4555-8227-184f0d849d60,
38305,98ce396a-7acc-4555-8227-184f0d849d60,
38306,98ce396a-7acc-4555-8227-184f0d849d60,
38307,98ce396a-7acc-4555-8227-184f0d849d60,
38308,98ce396a-7acc-4555-8227-184f0d849d60,
38309,98ce396a-7acc-4555-8227-184f0d849d60,
38310,98ce396a-7acc-4555-8227-184f0d849d60,
38311,98ce396a-7acc-4555-8227-184f0d849d60,
38312,98ce396a-7acc-4555-8227-184f0d849d60,
38313,,
38314,,
38315,,
38316,,
38317,,
38318,,
38319,,
38320,,
38321,98ce396a-7acc-4555-8227-184f0d849d60,
38322,98ce396a-7acc-4555-8227-184f0d849d60,
38323,98ce396a-7acc-4555-8227-184f0d849d60,
38324,,
38325,,
38326,,
38327,,
38328,,
38329,,
38330,98ce396a-7acc-4555-8227-184f0d849d60,
38331,98ce396a-7acc-4555-8227-184f0d849d60,
38332,98ce396a-7acc-4555-8227-184f0d849d60,
38333,98ce396a-7acc-4555-8227-184f0d849d60,
38334,98ce396a-7acc-4555-8227-184f0d849d60,
38335,98ce396a-7acc-4555-8227-184f0d849d60,
38336,98ce396a-7acc-4555-8227-184f0d849d60,
38337,98ce396a-7acc-4555-8227-184f0d849d60,
38338,98ce396a-7acc-4555-8227-184f0d849d60,
38339,98ce396a-7acc-4555-8227-184f0d849d60,
38340,98ce396a-7acc-4555-8227-184f0d849d60,
38341,98ce396a-7acc-4555-8227-184f0d849d60,
38342,98ce396a-7acc-4555-8227-184f0d849d60,
38343,98ce396a-7acc-4555-8227-184f0d849d60,
38344,98ce396a-7acc-4555-8227-184f0d849d60,
38345,98ce396a-7acc-4555-8227-184f0d849d60,
38346,98ce396a-7acc-4555-8227-184f0d849d60,
38347,98ce396a-7acc-4555-8227-184f0d849d60,
38348,,
38349,,
38350,98ce396a-7acc-4555-8227-184f0d849d60,
38351,98ce396a-7acc-4555-8227-184f0d849d60,
38352,98ce396a-7acc-4555-8227-184f0d849d60,
38353,98ce396a-7acc-4555-8227-184f0d849d60,
38354,98ce396a-7acc-4555-8227-184f0d849d60,
38355,,
38356,,
38357,,
38358,,
38359,,
38360,,
38361,,
38362,,
38363,,
38364,,
38365,,
38366,98ce396a-7acc-4555-8227-184f0d849d60,
38367,98ce396a-7acc-4555-8227-184f0d849d60,
38368,98ce396a-7acc-4555-8227-184f0d849d60,
38369,98ce396a-7acc-4555-8227-184f0d849d60,
38370,98ce396a-7acc-4555-8227-184f0d849d60,
38371,98ce396a-7acc-4555-8227-184f0d849d60,
38372,98ce396a-7acc-4555-8227-184f0d849d60,
38373,98ce396a-7acc-4555-8227-184f0d849d60,
38374,,
38375,,
38376,,
38377,,
38378,,
38379,,
38380,,
38381,,
38382,,
38383,,
38384,,
38385,98ce396a-7acc-4555-8227-184f0d849d60,
38386,98ce396a-7acc-4555-8227-184f0d849d60,
38387,98ce396a-7acc-4555-8227-184f0d849d60,
38388,98ce396a-7acc-4555-8227-184f0d849d60,
38389,98ce396a-7acc-4555-8227-184f0d849d60,
38390,98ce396a-7acc-4555-8227-184f0d849d60,
38391,98ce396a-7acc-4555-8227-184f0d849d60,
38392,,
38393,,
38394,,
38395,,
38396,,
38397,,
38398,,
38399,,
38400,,
38401,,
38402,,
38403,98ce396a-7acc-4555-8227-184f0d849d60,
38404,98ce396a-7acc-4555-8227-184f0d849d60,
38405,98ce396a-7acc-4555-8227-184f0d849d60,
38406,98ce396a-7acc-4555-8227-184f0d849d60,
38407,98ce396a-7acc-4555-8227-184f0d849d60,
38408,98ce396a-7acc-4555-8227-184f0d849d60,
38409,98ce396a-7acc-4555-8227-184f0d849d60,
38410,98ce396a-7acc-4555-8227-184f0d849d60,
38411,98ce396a-7acc-4555-8227-184f0d849d60,
38412,98ce396a-7acc-4555-8227-184f0d849d60,
38413,,
38414,,
38415,,
38416,,
38417,,
38418,,
38419,,
38420,,
38421,98ce396a-7acc-4555-8227-184f0d849d60,
38422,98ce396a-7acc-4555-8227-184f0d849d60,
38423,98ce396a-7acc-4555-8227-184f0d849d60,
38424,98ce396a-7acc-4555-8227-184f0d849d60,
38425,,
38426,,
38427,,
38428,,
38429,,
38430,98ce396a-7acc-4555-8227-184f0d849d60,
38431,98ce396a-7acc-4555-8227-184f0d849d60,
38432,98ce396a-7acc-4555-8227-184f0d849d60,
38433,98ce396a-7acc-4555-8227-184f0d849d60,
38434,98ce396a-7acc-4555-8227-184f0d849d60,
38435,98ce396a-7acc-4555-8227-184f0d849d60,
38436,98ce396a-7acc-4555-8227-184f0d849d60,
38437,98ce396a-7acc-4555-8227-184f0d849d60,
38438,98ce396a-7acc-4555-8227-184f0d849d60,
38439,98ce396a-7acc-4555-8227-184f0d849d60,
38440,98ce396a-7acc-4555-8227-184f0d849d60,
38441,98ce396a-7acc-4555-8227-184f0d849d60,
38442,98ce396a-7acc-4555-8227-184f0d849d60,
38443,98ce396a-7acc-4555-8227-184f0d849d60,
38444,98ce396a-7acc-4555-8227-184f0d849d60,
38445,98ce396a-7acc-4555-8227-184f0d849d60,
38446,98ce396a-7acc-4555-8227-184f0d849d60,
38447,,
38448,,
38449,,
38450,98ce396a-7acc-4555-8227-184f0d849d60,
38451,98ce396a-7acc-4555-8227-184f0d849d60,
38452,98ce396a-7acc-4555-8227-184f0d849d60,
38453,98ce396a-7acc-4555-8227-184f0d849d60,
38454,98ce396a-7acc-4555-8227-184f0d849d60,
38455,,
38456,,
38457,,
38458,,
38459,,
38460,,
38461,,
38462,,
38463,,
38464,,
38465,,
38466,98ce396a-7acc-4555-8227-184f0d849d60,
38467,98ce396a-7acc-4555-8227-184f0d849d60,
38468,98ce396a-7acc-4555-8227-184f0d849d60,
38469,98ce396a-7acc-4555-8227-184f0d849d60,
38470,98ce396a-7acc-4555-8227-184f0d849d60,
38471,98ce396a-7acc-4555-8227-184f0d849d60,
38472,98ce396a-7acc-4555-8227-184f0d849d60,
38473,,
38474,,
38475,,
38476,,
38477,,
38478,,
38479,,
38480,,
38481,,
38482,,
38483,98ce396a-7acc-4555-8227-184f0d849d60,
38484,98ce396a-7acc-4555-8227-184f0d849d60,
38485,98ce396a-7acc-4555-8227-184f0d849d60,
38486,98ce396a-7acc-4555-8227-184f0d849d60,
38487,98ce396a-7acc-4555-8227-184f0d849d60,
38488,98ce396a-7acc-4555-8227-184f0d849d60,
38489,98ce396a-7acc-4555-8227-184f0d849d60,
38490,98ce396a-7acc-4555-8227-184f0d849d60,
38491,98ce396a-7acc-4555-8227-184f0d849d60,
38492,98ce396a-7acc-4555-8227-184f0d849d60,
38493,,
38494,,
38495,,
38496,,
38497,,
38498,,
38499,,
38500,,
38501,,
38502,,
38503,98ce396a-7acc-4555-8227-184f0d849d60,
38504,98ce396a-7acc-4555-8227-184f0d849d60,
38505,98ce396a-7acc-4555-8227-184f0d849d60,
38506,98ce396a-7acc-4555-8227-184f0d849d60,
38507,98ce396a-7acc-4555-8227-184f0d849d60,
38508,98ce396a-7acc-4555-8227-184f0d849d60,
38509,98ce396a-7acc-4555-8227-184f0d849d60,
38510,98ce396a-7acc-4555-8227-184f0d849d60,
38511,98ce396a-7acc-4555-8227-184f0d849d60,
38512,98ce396a-7acc-4555-8227-184f0d849d60,
38513,,
38514,,
38515,,
38516,,
38517,,
38518,,
38519,,
38520,,
38521,98ce396a-7acc-4555-8227-184f0d849d60,
38522,98ce396a-7acc-4555-8227-184f0d849d60,
38523,98ce396a-7acc-4555-8227-184f0d849d60,
38524,98ce396a-7acc-4555-8227-184f0d849d60,
38525,,
38526,,
38527,,
38528,,
38529,,
38530,98ce396a-7acc-4555-8227-184f0d849d60,
38531,98ce396a-7acc-4555-8227-184f0d849d60,
38532,98ce396a-7acc-4555-8227-184f0d849d60,
38533,98ce396a-7acc-4555-8227-184f0d849d60,
38534,98ce396a-7acc-4555-8227-184f0d849d60,
38535,98ce396a-7acc-4555-8227-184f0d849d60,
38536,98ce396a-7acc-4555-8227-184f0d849d60,
38537,98ce396a-7acc-4555-8227-184f0d849d60,
38538,98ce396a-7acc-4555-8227-184f0d849d60,
38539,98ce396a-7acc-4555-8227-184f0d849d60,
38540,98ce396a-7acc-4555-8227-184f0d849d60,
